tau,delay,p,q,mean_final_epidemic_fraction,std_final_epidemic_fraction
3,0.0,0.0,0.0,0.8955660000000001,0.024450715357254522
3,0.0,0.0,0.05555555555555555,0.845554,0.03046886009412619
3,0.0,0.0,0.1111111111111111,0.78595,0.037520278134247236
3,0.0,0.0,0.16666666666666666,0.714936,0.04322955815988291
3,0.0,0.0,0.2222222222222222,0.640777,0.04801882004045995
3,0.0,0.0,0.2777777777777778,0.570427,0.04753533716383296
3,0.0,0.0,0.3333333333333333,0.508068,0.04586961300684144
3,0.0,0.0,0.38888888888888884,0.455057,0.04141532300948503
3,0.0,0.0,0.4444444444444444,0.4125,0.04134703831688042
3,0.0,0.0,0.5,0.38097299999999995,0.03661358799442942
3,0.0,0.1111111111111111,0.0,0.8953240000000001,0.02393833887445135
3,0.0,0.1111111111111111,0.05555555555555555,0.851031,0.02903075651483826
3,0.0,0.1111111111111111,0.1111111111111111,0.792922,0.03689212578511768
3,0.0,0.1111111111111111,0.16666666666666666,0.7249329999999999,0.044868091742982084
3,0.0,0.1111111111111111,0.2222222222222222,0.649751,0.051274087325188254
3,0.0,0.1111111111111111,0.2777777777777778,0.573917,0.05071615363214405
3,0.0,0.1111111111111111,0.3333333333333333,0.5045620000000001,0.050632378907116284
3,0.0,0.1111111111111111,0.38888888888888884,0.44588900000000004,0.048583134933843045
3,0.0,0.1111111111111111,0.4444444444444444,0.398834,0.044312639890375004
3,0.0,0.1111111111111111,0.5,0.362527,0.0403053320392078
3,0.0,0.2222222222222222,0.0,0.894209,0.024069829157592215
3,0.0,0.2222222222222222,0.05555555555555555,0.851769,0.03008895119448307
3,0.0,0.2222222222222222,0.1111111111111111,0.7981790000000001,0.03823635675607676
3,0.0,0.2222222222222222,0.16666666666666666,0.735755,0.044650382211484284
3,0.0,0.2222222222222222,0.2222222222222222,0.659375,0.05071542595137528
3,0.0,0.2222222222222222,0.2777777777777778,0.5783610000000001,0.05597871287637199
3,0.0,0.2222222222222222,0.3333333333333333,0.503219,0.05656695908266468
3,0.0,0.2222222222222222,0.38888888888888884,0.437839,0.053876151669534814
3,0.0,0.2222222222222222,0.4444444444444444,0.381784,0.050742094005905035
3,0.0,0.2222222222222222,0.5,0.33874,0.04573265655826125
3,0.0,0.3333333333333333,0.0,0.894088,0.02460739278712356
3,0.0,0.3333333333333333,0.05555555555555555,0.857062,0.029885871600495807
3,0.0,0.3333333333333333,0.1111111111111111,0.804966,0.03813495927779546
3,0.0,0.3333333333333333,0.16666666666666666,0.743334,0.04632706164479505
3,0.0,0.3333333333333333,0.2222222222222222,0.668664,0.054824363332507696
3,0.0,0.3333333333333333,0.2777777777777778,0.585429,0.061951424018644945
3,0.0,0.3333333333333333,0.3333333333333333,0.499848,0.06524835817278657
3,0.0,0.3333333333333333,0.38888888888888884,0.42354,0.06261599766164525
3,0.0,0.3333333333333333,0.4444444444444444,0.357,0.058913332793017074
3,0.0,0.3333333333333333,0.5,0.306079,0.052900389509059474
3,0.0,0.4444444444444444,0.0,0.893355,0.024100909294647567
3,0.0,0.4444444444444444,0.05555555555555555,0.8593,0.030279445913768726
3,0.0,0.4444444444444444,0.1111111111111111,0.812723,0.037717487719622564
3,0.0,0.4444444444444444,0.16666666666666666,0.755119,0.045866311793707135
3,0.0,0.4444444444444444,0.2222222222222222,0.679539,0.05561592946818933
3,0.0,0.4444444444444444,0.2777777777777778,0.589607,0.07074711092832488
3,0.0,0.4444444444444444,0.3333333333333333,0.493353,0.07505935183104966
3,0.0,0.4444444444444444,0.38888888888888884,0.390832,0.08118423896703508
3,0.0,0.4444444444444444,0.4444444444444444,0.312579,0.06835645078091286
3,0.0,0.4444444444444444,0.5,0.26430400000000004,0.044767507343091074
3,0.0,0.5555555555555556,0.0,0.8936759999999999,0.02387113015453721
3,0.0,0.5555555555555556,0.05555555555555555,0.861298,0.030115646234941545
3,0.0,0.5555555555555556,0.1111111111111111,0.820543,0.03600653581812086
3,0.0,0.5555555555555556,0.16666666666666666,0.769302,0.04681613553622882
3,0.0,0.5555555555555556,0.2222222222222222,0.6956990000000001,0.06045294829830848
3,0.0,0.5555555555555556,0.2777777777777778,0.597059,0.0826567338736213
3,0.0,0.5555555555555556,0.3333333333333333,0.47392700000000004,0.1043869067330635
3,0.0,0.5555555555555556,0.38888888888888884,0.339183,0.10483032437185295
3,0.0,0.5555555555555556,0.4444444444444444,0.26464099999999996,0.054746719740294235
3,0.0,0.5555555555555556,0.5,0.247652,0.02613579874379155
3,0.0,0.6666666666666666,0.0,0.895353,0.024200621088332874
3,0.0,0.6666666666666666,0.05555555555555555,0.865896,0.02790483585086758
3,0.0,0.6666666666666666,0.1111111111111111,0.8266549999999999,0.035648096187058304
3,0.0,0.6666666666666666,0.16666666666666666,0.7778590000000001,0.04503075491137016
3,0.0,0.6666666666666666,0.2222222222222222,0.710693,0.05905594259137141
3,0.0,0.6666666666666666,0.2777777777777778,0.602675,0.10509568248732902
3,0.0,0.6666666666666666,0.3333333333333333,0.42411200000000004,0.1480773526180096
3,0.0,0.6666666666666666,0.38888888888888884,0.282926,0.0902066392332724
3,0.0,0.6666666666666666,0.4444444444444444,0.249796,0.027642150286699342
3,0.0,0.6666666666666666,0.5,0.24696600000000002,0.023304161171943692
3,0.0,0.7777777777777777,0.0,0.8941260000000001,0.023331147988611006
3,0.0,0.7777777777777777,0.05555555555555555,0.8676280000000001,0.02918906674797292
3,0.0,0.7777777777777777,0.1111111111111111,0.834127,0.034614636269128175
3,0.0,0.7777777777777777,0.16666666666666666,0.791636,0.04381131058225644
3,0.0,0.7777777777777777,0.2222222222222222,0.728269,0.06469174337317446
3,0.0,0.7777777777777777,0.2777777777777778,0.5931479999999999,0.16061198057524945
3,0.0,0.7777777777777777,0.3333333333333333,0.339145,0.15502592367733858
3,0.0,0.7777777777777777,0.38888888888888884,0.24824200000000002,0.03494427762221647
3,0.0,0.7777777777777777,0.4444444444444444,0.24829700000000002,0.023856653808338905
3,0.0,0.7777777777777777,0.5,0.249062,0.02350626939139218
3,0.0,0.8888888888888888,0.0,0.8941220000000001,0.024172700209853185
3,0.0,0.8888888888888888,0.05555555555555555,0.871829,0.02814956761936421
3,0.0,0.8888888888888888,0.1111111111111111,0.842048,0.035311848190410854
3,0.0,0.8888888888888888,0.16666666666666666,0.803925,0.04578394417854957
3,0.0,0.8888888888888888,0.2222222222222222,0.7336459999999999,0.10880433386160253
3,0.0,0.8888888888888888,0.2777777777777778,0.49769100000000005,0.22790665844587332
3,0.0,0.8888888888888888,0.3333333333333333,0.27167600000000003,0.09907427888577709
3,0.0,0.8888888888888888,0.38888888888888884,0.249399,0.02640740710766868
3,0.0,0.8888888888888888,0.4444444444444444,0.247834,0.022934743217364488
3,0.0,0.8888888888888888,0.5,0.24815600000000002,0.024144826291291405
3,0.0,1.0,0.0,0.8948600000000001,0.023880298755850383
3,0.0,1.0,0.05555555555555555,0.874875,0.028325955142496705
3,0.0,1.0,0.1111111111111111,0.84891,0.033047542117985725
3,0.0,1.0,0.16666666666666666,0.816509,0.04257612764972462
3,0.0,1.0,0.2222222222222222,0.730253,0.16480637770770018
3,0.0,1.0,0.2777777777777778,0.369031,0.22016946798689785
3,0.0,1.0,0.3333333333333333,0.251183,0.04256417766409003
3,0.0,1.0,0.38888888888888884,0.24785200000000004,0.023383817030136436
3,0.0,1.0,0.4444444444444444,0.248166,0.024084029656278132
3,0.0,1.0,0.5,0.248178,0.023537423952640326
3,0.5,0.0,0.0,0.895068,0.02427922685871314
3,0.5,0.0,0.05555555555555555,0.847846,0.030794066937618984
3,0.5,0.0,0.1111111111111111,0.787197,0.03658180448555565
3,0.5,0.0,0.16666666666666666,0.715044,0.04471708489695724
3,0.5,0.0,0.2222222222222222,0.6424249999999999,0.04887818994656464
3,0.5,0.0,0.2777777777777778,0.5694960000000001,0.04830224726750393
3,0.5,0.0,0.3333333333333333,0.507273,0.04774249487423984
3,0.5,0.0,0.38888888888888884,0.45319899999999996,0.04565678417213526
3,0.5,0.0,0.4444444444444444,0.41364100000000004,0.04124064633234923
3,0.5,0.0,0.5,0.380095,0.03637462148377751
3,0.5,0.1111111111111111,0.0,0.894445,0.024384207277755927
3,0.5,0.1111111111111111,0.05555555555555555,0.84978,0.029506850971499052
3,0.5,0.1111111111111111,0.1111111111111111,0.7950689999999999,0.0375031562101875
3,0.5,0.1111111111111111,0.16666666666666666,0.727037,0.044522892077210344
3,0.5,0.1111111111111111,0.2222222222222222,0.65582,0.04959267116251184
3,0.5,0.1111111111111111,0.2777777777777778,0.581689,0.051012749186645286
3,0.5,0.1111111111111111,0.3333333333333333,0.515834,0.05047274454536767
3,0.5,0.1111111111111111,0.38888888888888884,0.454369,0.04736515910769537
3,0.5,0.1111111111111111,0.4444444444444444,0.411273,0.04206111753875078
3,0.5,0.1111111111111111,0.5,0.37339999999999995,0.04012767411936842
3,0.5,0.2222222222222222,0.0,0.8938550000000001,0.025067555871232404
3,0.5,0.2222222222222222,0.05555555555555555,0.8552770000000001,0.02909079829680763
3,0.5,0.2222222222222222,0.1111111111111111,0.8028469999999999,0.036416064047624916
3,0.5,0.2222222222222222,0.16666666666666666,0.739775,0.044680361566461275
3,0.5,0.2222222222222222,0.2222222222222222,0.6666869999999999,0.05227199434106558
3,0.5,0.2222222222222222,0.2777777777777778,0.58975,0.05729494052890019
3,0.5,0.2222222222222222,0.3333333333333333,0.522969,0.0559811211474451
3,0.5,0.2222222222222222,0.38888888888888884,0.458019,0.05361838836230133
3,0.5,0.2222222222222222,0.4444444444444444,0.401334,0.04790099110612377
3,0.5,0.2222222222222222,0.5,0.36145299999999997,0.04420782875377531
3,0.5,0.3333333333333333,0.0,0.8939320000000001,0.024918232166313385
3,0.5,0.3333333333333333,0.05555555555555555,0.857278,0.03111554101880431
3,0.5,0.3333333333333333,0.1111111111111111,0.813442,0.03636430941182574
3,0.5,0.3333333333333333,0.16666666666666666,0.752586,0.04401877163502244
3,0.5,0.3333333333333333,0.2222222222222222,0.685452,0.049412015170839194
3,0.5,0.3333333333333333,0.2777777777777778,0.608888,0.057452312609887375
3,0.5,0.3333333333333333,0.3333333333333333,0.531245,0.06000304442559844
3,0.5,0.3333333333333333,0.38888888888888884,0.46056100000000005,0.05918399297127581
3,0.5,0.3333333333333333,0.4444444444444444,0.40065200000000006,0.057560282157769885
3,0.5,0.3333333333333333,0.5,0.349115,0.05141393943443906
3,0.5,0.4444444444444444,0.0,0.8960540000000001,0.02363162155962934
3,0.5,0.4444444444444444,0.05555555555555555,0.862432,0.02911582228114308
3,0.5,0.4444444444444444,0.1111111111111111,0.819151,0.03574313599519172
3,0.5,0.4444444444444444,0.16666666666666666,0.7685449999999999,0.04398486834859966
3,0.5,0.4444444444444444,0.2222222222222222,0.703029,0.05059567255290793
3,0.5,0.4444444444444444,0.2777777777777778,0.630325,0.060924175251948466
3,0.5,0.4444444444444444,0.3333333333333333,0.545494,0.0660466056517526
3,0.5,0.4444444444444444,0.38888888888888884,0.459057,0.07216088236672237
3,0.5,0.4444444444444444,0.4444444444444444,0.384861,0.06250855139897259
3,0.5,0.4444444444444444,0.5,0.34007500000000007,0.04897793598359585
3,0.5,0.5555555555555556,0.0,0.893862,0.02420079822308833
3,0.5,0.5555555555555556,0.05555555555555555,0.8661469999999999,0.02905604316910073
3,0.5,0.5555555555555556,0.1111111111111111,0.827585,0.03659021206031222
3,0.5,0.5555555555555556,0.16666666666666666,0.7783490000000001,0.04557569904393506
3,0.5,0.5555555555555556,0.2222222222222222,0.721638,0.05090109898497161
3,0.5,0.5555555555555556,0.2777777777777778,0.6491469999999999,0.0628631622507822
3,0.5,0.5555555555555556,0.3333333333333333,0.561612,0.07786772655496524
3,0.5,0.5555555555555556,0.38888888888888884,0.46812100000000006,0.07844850876547958
3,0.5,0.5555555555555556,0.4444444444444444,0.38636400000000004,0.06379700276315152
3,0.5,0.5555555555555556,0.5,0.339611,0.04948826899142631
3,0.5,0.6666666666666666,0.0,0.894212,0.02428400232187375
3,0.5,0.6666666666666666,0.05555555555555555,0.870151,0.02764862827783047
3,0.5,0.6666666666666666,0.1111111111111111,0.840366,0.031881726560656784
3,0.5,0.6666666666666666,0.16666666666666666,0.7946230000000001,0.04169406751884812
3,0.5,0.6666666666666666,0.2222222222222222,0.7425750000000001,0.0501791023964889
3,0.5,0.6666666666666666,0.2777777777777778,0.6743920000000001,0.06787405412396716
3,0.5,0.6666666666666666,0.3333333333333333,0.5763579999999999,0.08766904640577367
3,0.5,0.6666666666666666,0.38888888888888884,0.467223,0.08569171687707827
3,0.5,0.6666666666666666,0.4444444444444444,0.388637,0.06610833186930784
3,0.5,0.6666666666666666,0.5,0.339711,0.04867024009876334
3,0.5,0.7777777777777777,0.0,0.8947929999999998,0.02312784140485335
3,0.5,0.7777777777777777,0.05555555555555555,0.873664,0.027682258062004483
3,0.5,0.7777777777777777,0.1111111111111111,0.8431000000000001,0.032150609040291316
3,0.5,0.7777777777777777,0.16666666666666666,0.811973,0.03925844490675217
3,0.5,0.7777777777777777,0.2222222222222222,0.7654890000000001,0.0482044764575921
3,0.5,0.7777777777777777,0.2777777777777778,0.7008220000000001,0.0684656984764478
3,0.5,0.7777777777777777,0.3333333333333333,0.5873129999999999,0.09275655669444512
3,0.5,0.7777777777777777,0.38888888888888884,0.46702899999999997,0.08579477199632797
3,0.5,0.7777777777777777,0.4444444444444444,0.387786,0.0660465923144893
3,0.5,0.7777777777777777,0.5,0.34034499999999995,0.05116948593929092
3,0.5,0.8888888888888888,0.0,0.8950540000000001,0.024772540498761195
3,0.5,0.8888888888888888,0.05555555555555555,0.877092,0.027045535620449413
3,0.5,0.8888888888888888,0.1111111111111111,0.8526320000000001,0.03156321930368975
3,0.5,0.8888888888888888,0.16666666666666666,0.8254819999999999,0.03791729681026058
3,0.5,0.8888888888888888,0.2222222222222222,0.788803,0.0472958252500798
3,0.5,0.8888888888888888,0.2777777777777778,0.715819,0.07453428471917202
3,0.5,0.8888888888888888,0.3333333333333333,0.5852449999999999,0.09715473234494044
3,0.5,0.8888888888888888,0.38888888888888884,0.472962,0.08274186831811796
3,0.5,0.8888888888888888,0.4444444444444444,0.386692,0.06462509991899076
3,0.5,0.8888888888888888,0.5,0.340672,0.0494561050055736
3,0.5,1.0,0.0,0.89465,0.02410939158839898
3,0.5,1.0,0.05555555555555555,0.880477,0.02701494546132343
3,0.5,1.0,0.1111111111111111,0.862832,0.03035122687755758
3,0.5,1.0,0.16666666666666666,0.838799,0.03772110126282742
3,0.5,1.0,0.2222222222222222,0.8062870000000001,0.04866169532179896
3,0.5,1.0,0.2777777777777778,0.722566,0.07744053641782629
3,0.5,1.0,0.3333333333333333,0.585539,0.09549560141121102
3,0.5,1.0,0.38888888888888884,0.46903300000000003,0.086258660246189
3,0.5,1.0,0.4444444444444444,0.384732,0.06502393627187059
3,0.5,1.0,0.5,0.337951,0.04842986734496649
3,1.0,0.0,0.0,0.894693,0.022637296618593813
3,1.0,0.0,0.05555555555555555,0.846428,0.030501231797111755
3,1.0,0.0,0.1111111111111111,0.786066,0.03782383225277795
3,1.0,0.0,0.16666666666666666,0.7154170000000001,0.043369782672375116
3,1.0,0.0,0.2222222222222222,0.642125,0.04894428381249355
3,1.0,0.0,0.2777777777777778,0.571545,0.048461949357568514
3,1.0,0.0,0.3333333333333333,0.5101789999999999,0.0456546526249659
3,1.0,0.0,0.38888888888888884,0.454293,0.0418811315532446
3,1.0,0.0,0.4444444444444444,0.412874,0.03940150508042304
3,1.0,0.0,0.5,0.38061,0.03633411713621329
3,1.0,0.1111111111111111,0.0,0.894327,0.02342991745679085
3,1.0,0.1111111111111111,0.05555555555555555,0.850967,0.030390714149333618
3,1.0,0.1111111111111111,0.1111111111111111,0.7936259999999999,0.03604771229303686
3,1.0,0.1111111111111111,0.16666666666666666,0.728035,0.04332279584283129
3,1.0,0.1111111111111111,0.2222222222222222,0.655308,0.049773371641114734
3,1.0,0.1111111111111111,0.2777777777777778,0.583692,0.05069057773068552
3,1.0,0.1111111111111111,0.3333333333333333,0.519598,0.04947682641754978
3,1.0,0.1111111111111111,0.38888888888888884,0.463812,0.048024462568622306
3,1.0,0.1111111111111111,0.4444444444444444,0.416469,0.04394808839384796
3,1.0,0.1111111111111111,0.5,0.378244,0.04121816834117452
3,1.0,0.2222222222222222,0.0,0.894576,0.02461906420484587
3,1.0,0.2222222222222222,0.05555555555555555,0.856376,0.03036825406332829
3,1.0,0.2222222222222222,0.1111111111111111,0.8054199999999999,0.035393053955095025
3,1.0,0.2222222222222222,0.16666666666666666,0.744519,0.04277727825066171
3,1.0,0.2222222222222222,0.2222222222222222,0.6731849999999999,0.05235274190130431
3,1.0,0.2222222222222222,0.2777777777777778,0.6039840000000001,0.052426522717840866
3,1.0,0.2222222222222222,0.3333333333333333,0.5358679999999999,0.05557381600200786
3,1.0,0.2222222222222222,0.38888888888888884,0.47378600000000004,0.04847066751768135
3,1.0,0.2222222222222222,0.4444444444444444,0.419427,0.04722663470993911
3,1.0,0.2222222222222222,0.5,0.379814,0.04541314520882426
3,1.0,0.3333333333333333,0.0,0.89449,0.022442048604027806
3,1.0,0.3333333333333333,0.05555555555555555,0.860301,0.02795721740454521
3,1.0,0.3333333333333333,0.1111111111111111,0.81409,0.03656307917501968
3,1.0,0.3333333333333333,0.16666666666666666,0.7611469999999999,0.04296968448551589
3,1.0,0.3333333333333333,0.2222222222222222,0.697811,0.04878396410865105
3,1.0,0.3333333333333333,0.2777777777777778,0.624053,0.05409973171811457
3,1.0,0.3333333333333333,0.3333333333333333,0.554944,0.056320981143059966
3,1.0,0.3333333333333333,0.38888888888888884,0.483441,0.05656260113225741
3,1.0,0.3333333333333333,0.4444444444444444,0.42623500000000003,0.05510446694486099
3,1.0,0.3333333333333333,0.5,0.376483,0.05028003373897827
3,1.0,0.4444444444444444,0.0,0.894951,0.023185689016614882
3,1.0,0.4444444444444444,0.05555555555555555,0.8635419999999999,0.029247523889274017
3,1.0,0.4444444444444444,0.1111111111111111,0.8230319999999999,0.034028825088987955
3,1.0,0.4444444444444444,0.16666666666666666,0.7744580000000001,0.04214261781422977
3,1.0,0.4444444444444444,0.2222222222222222,0.717558,0.04860527861363526
3,1.0,0.4444444444444444,0.2777777777777778,0.647343,0.05690231299538029
3,1.0,0.4444444444444444,0.3333333333333333,0.5788150000000001,0.06227099205449879
3,1.0,0.4444444444444444,0.38888888888888884,0.4986900000000001,0.06677759464930694
3,1.0,0.4444444444444444,0.4444444444444444,0.42819100000000004,0.060221317871050666
3,1.0,0.4444444444444444,0.5,0.378814,0.048309348962671785
3,1.0,0.5555555555555556,0.0,0.895692,0.022616070008350773
3,1.0,0.5555555555555556,0.05555555555555555,0.867185,0.027834934139648316
3,1.0,0.5555555555555556,0.1111111111111111,0.832188,0.03562993331663908
3,1.0,0.5555555555555556,0.16666666666666666,0.7925800000000001,0.04029564913659214
3,1.0,0.5555555555555556,0.2222222222222222,0.7393719999999999,0.047312197793592935
3,1.0,0.5555555555555556,0.2777777777777778,0.676534,0.058171580490620815
3,1.0,0.5555555555555556,0.3333333333333333,0.600405,0.06670229509672941
3,1.0,0.5555555555555556,0.38888888888888884,0.509383,0.0724291259735287
3,1.0,0.5555555555555556,0.4444444444444444,0.430077,0.05936790057445706
3,1.0,0.5555555555555556,0.5,0.378844,0.048129971516282434
3,1.0,0.6666666666666666,0.0,0.8950720000000001,0.022997471593627427
3,1.0,0.6666666666666666,0.05555555555555555,0.870973,0.02877429810145214
3,1.0,0.6666666666666666,0.1111111111111111,0.842891,0.03190628668664108
3,1.0,0.6666666666666666,0.16666666666666666,0.808824,0.03829929320313704
3,1.0,0.6666666666666666,0.2222222222222222,0.7645949999999999,0.04645974044785962
3,1.0,0.6666666666666666,0.2777777777777778,0.7057170000000001,0.05988351146973553
3,1.0,0.6666666666666666,0.3333333333333333,0.6144949999999999,0.07384739272589393
3,1.0,0.6666666666666666,0.38888888888888884,0.511581,0.07424102079152851
3,1.0,0.6666666666666666,0.4444444444444444,0.431516,0.06423662575266613
3,1.0,0.6666666666666666,0.5,0.378571,0.04985567718472539
3,1.0,0.7777777777777777,0.0,0.893754,0.024685843612784954
3,1.0,0.7777777777777777,0.05555555555555555,0.876004,0.027563957548867264
3,1.0,0.7777777777777777,0.1111111111111111,0.852542,0.031758508133078914
3,1.0,0.7777777777777777,0.16666666666666666,0.8215309999999999,0.039397197592952946
3,1.0,0.7777777777777777,0.2222222222222222,0.788446,0.04414516825066906
3,1.0,0.7777777777777777,0.2777777777777778,0.72242,0.06502996614251384
3,1.0,0.7777777777777777,0.3333333333333333,0.616663,0.07920439866426464
3,1.0,0.7777777777777777,0.38888888888888884,0.510432,0.07494208224817143
3,1.0,0.7777777777777777,0.4444444444444444,0.43234100000000003,0.06065432933160392
3,1.0,0.7777777777777777,0.5,0.378443,0.05104670917422119
3,1.0,0.8888888888888888,0.0,0.894715,0.024658666322914257
3,1.0,0.8888888888888888,0.05555555555555555,0.878449,0.026979608935236613
3,1.0,0.8888888888888888,0.1111111111111111,0.8605309999999999,0.030871055392730933
3,1.0,0.8888888888888888,0.16666666666666666,0.8390250000000001,0.034837077905544786
3,1.0,0.8888888888888888,0.2222222222222222,0.8063420000000001,0.04652863580581263
3,1.0,0.8888888888888888,0.2777777777777778,0.7257480000000001,0.0647808386257314
3,1.0,0.8888888888888888,0.3333333333333333,0.6154469999999999,0.07776215109642444
3,1.0,0.8888888888888888,0.38888888888888884,0.511707,0.07606604494907168
3,1.0,0.8888888888888888,0.4444444444444444,0.428619,0.061111410092088723
3,1.0,0.8888888888888888,0.5,0.37732299999999996,0.05129442258948617
3,1.0,1.0,0.0,0.8950220000000001,0.023569408839277953
3,1.0,1.0,0.05555555555555555,0.8807600000000001,0.027556773682268696
3,1.0,1.0,0.1111111111111111,0.870972,0.02875165862822308
3,1.0,1.0,0.16666666666666666,0.8549880000000001,0.03233368712849377
3,1.0,1.0,0.2222222222222222,0.817916,0.048100630085422105
3,1.0,1.0,0.2777777777777778,0.724556,0.06710933263359521
3,1.0,1.0,0.3333333333333333,0.616992,0.0754106139525246
3,1.0,1.0,0.38888888888888884,0.509345,0.07146256974020647
3,1.0,1.0,0.4444444444444444,0.43270899999999995,0.06372832665792048
3,1.0,1.0,0.5,0.376081,0.04875493290409169
3,2.0,0.0,0.0,0.8939579999999999,0.0248295135018941
3,2.0,0.0,0.05555555555555555,0.846495,0.031721605180621545
3,2.0,0.0,0.1111111111111111,0.782954,0.0381646751122871
3,2.0,0.0,0.16666666666666666,0.7151959999999999,0.04481944183461421
3,2.0,0.0,0.2222222222222222,0.643141,0.05017180811301631
3,2.0,0.0,0.2777777777777778,0.5698399999999999,0.04642246703316665
3,2.0,0.0,0.3333333333333333,0.508488,0.0470723875076001
3,2.0,0.0,0.38888888888888884,0.45433799999999996,0.043812135981475035
3,2.0,0.0,0.4444444444444444,0.41097500000000003,0.040035299426883275
3,2.0,0.0,0.5,0.37878600000000007,0.03576858391935017
3,2.0,0.1111111111111111,0.0,0.8937260000000001,0.023979448240898683
3,2.0,0.1111111111111111,0.05555555555555555,0.851375,0.030423016532469874
3,2.0,0.1111111111111111,0.1111111111111111,0.795595,0.037563546091856054
3,2.0,0.1111111111111111,0.16666666666666666,0.729758,0.043431091348200036
3,2.0,0.1111111111111111,0.2222222222222222,0.662272,0.04935712858485734
3,2.0,0.1111111111111111,0.2777777777777778,0.593114,0.05051016016882425
3,2.0,0.1111111111111111,0.3333333333333333,0.5254639999999999,0.049322828846746464
3,2.0,0.1111111111111111,0.38888888888888884,0.47059500000000004,0.04741338422854884
3,2.0,0.1111111111111111,0.4444444444444444,0.423551,0.04241080139628436
3,2.0,0.1111111111111111,0.5,0.387607,0.04000195879838521
3,2.0,0.2222222222222222,0.0,0.8962870000000001,0.023457683046155572
3,2.0,0.2222222222222222,0.05555555555555555,0.856003,0.028926073164339285
3,2.0,0.2222222222222222,0.1111111111111111,0.8073589999999999,0.0358668168025481
3,2.0,0.2222222222222222,0.16666666666666666,0.750035,0.043196779240317645
3,2.0,0.2222222222222222,0.2222222222222222,0.685129,0.04585259883387003
3,2.0,0.2222222222222222,0.2777777777777778,0.6189349999999999,0.050296167642072696
3,2.0,0.2222222222222222,0.3333333333333333,0.549228,0.05143815607017712
3,2.0,0.2222222222222222,0.38888888888888884,0.49137000000000003,0.052166717995925975
3,2.0,0.2222222222222222,0.4444444444444444,0.438459,0.04775720961352401
3,2.0,0.2222222222222222,0.5,0.39546800000000004,0.04387461632832768
3,2.0,0.3333333333333333,0.0,0.8950699999999999,0.024303369185233445
3,2.0,0.3333333333333333,0.05555555555555555,0.860403,0.029387586175479295
3,2.0,0.3333333333333333,0.1111111111111111,0.818542,0.036019128440505234
3,2.0,0.3333333333333333,0.16666666666666666,0.7667090000000001,0.041107421947127014
3,2.0,0.3333333333333333,0.2222222222222222,0.7109780000000001,0.04757523430230186
3,2.0,0.3333333333333333,0.2777777777777778,0.643427,0.05268204693317325
3,2.0,0.3333333333333333,0.3333333333333333,0.577371,0.05313511738671234
3,2.0,0.3333333333333333,0.38888888888888884,0.51086,0.05489041225348337
3,2.0,0.3333333333333333,0.4444444444444444,0.44908800000000004,0.05344813335336379
3,2.0,0.3333333333333333,0.5,0.40063,0.047547995876923266
3,2.0,0.4444444444444444,0.0,0.895292,0.023786940840607375
3,2.0,0.4444444444444444,0.05555555555555555,0.864831,0.02840710126715507
3,2.0,0.4444444444444444,0.1111111111111111,0.829811,0.03418821599781294
3,2.0,0.4444444444444444,0.16666666666666666,0.784547,0.03917796196465181
3,2.0,0.4444444444444444,0.2222222222222222,0.734814,0.04474867425799169
3,2.0,0.4444444444444444,0.2777777777777778,0.675498,0.05110722007646222
3,2.0,0.4444444444444444,0.3333333333333333,0.599884,0.0579243798221248
3,2.0,0.4444444444444444,0.38888888888888884,0.516672,0.05851598530774763
3,2.0,0.4444444444444444,0.4444444444444444,0.45089799999999997,0.05375983366525343
3,2.0,0.4444444444444444,0.5,0.399004,0.04841106914348841
3,2.0,0.5555555555555556,0.0,0.894479,0.02301515275326794
3,2.0,0.5555555555555556,0.05555555555555555,0.869452,0.027767079549472027
3,2.0,0.5555555555555556,0.1111111111111111,0.8398450000000001,0.03242410056265704
3,2.0,0.5555555555555556,0.16666666666666666,0.8028759999999999,0.038718183347385
3,2.0,0.5555555555555556,0.2222222222222222,0.758078,0.0460619541446042
3,2.0,0.5555555555555556,0.2777777777777778,0.695236,0.05538803244508816
3,2.0,0.5555555555555556,0.3333333333333333,0.59923,0.061376576836641716
3,2.0,0.5555555555555556,0.38888888888888884,0.5174690000000001,0.05842085274142303
3,2.0,0.5555555555555556,0.4444444444444444,0.44933000000000006,0.05284113251327308
3,2.0,0.5555555555555556,0.5,0.39873699999999995,0.046931656815111605
3,2.0,0.6666666666666666,0.0,0.8941910000000001,0.023673718845250418
3,2.0,0.6666666666666666,0.05555555555555555,0.874182,0.028382784543776872
3,2.0,0.6666666666666666,0.1111111111111111,0.84943,0.03206913671319404
3,2.0,0.6666666666666666,0.16666666666666666,0.821469,0.035575844047326256
3,2.0,0.6666666666666666,0.2222222222222222,0.778499,0.044451343297148185
3,2.0,0.6666666666666666,0.2777777777777778,0.6930329999999999,0.05656261344952371
3,2.0,0.6666666666666666,0.3333333333333333,0.599862,0.061900053090224186
3,2.0,0.6666666666666666,0.38888888888888884,0.5196219999999999,0.05806789988450587
3,2.0,0.6666666666666666,0.4444444444444444,0.44834500000000005,0.052251125874522124
3,2.0,0.6666666666666666,0.5,0.401168,0.0463844078251441
3,2.0,0.7777777777777777,0.0,0.894178,0.023998046216769875
3,2.0,0.7777777777777777,0.05555555555555555,0.877954,0.02610730693647808
3,2.0,0.7777777777777777,0.1111111111111111,0.8589390000000001,0.03014089834017482
3,2.0,0.7777777777777777,0.16666666666666666,0.8365370000000001,0.03348393353243917
3,2.0,0.7777777777777777,0.2222222222222222,0.784528,0.04679699963860049
3,2.0,0.7777777777777777,0.2777777777777778,0.6933189999999999,0.05825259310626098
3,2.0,0.7777777777777777,0.3333333333333333,0.6000489999999999,0.057869296301704364
3,2.0,0.7777777777777777,0.38888888888888884,0.5130709999999999,0.05996739153112337
3,2.0,0.7777777777777777,0.4444444444444444,0.451866,0.05274817925212599
3,2.0,0.7777777777777777,0.5,0.40087,0.04678396990251939
3,2.0,0.8888888888888888,0.0,0.8939950000000001,0.024355824379010082
3,2.0,0.8888888888888888,0.05555555555555555,0.882792,0.025308007255239046
3,2.0,0.8888888888888888,0.1111111111111111,0.868057,0.029947263474140513
3,2.0,0.8888888888888888,0.16666666666666666,0.8516950000000001,0.033741939681848375
3,2.0,0.8888888888888888,0.2222222222222222,0.785366,0.04541425435365528
3,2.0,0.8888888888888888,0.2777777777777778,0.696623,0.05575709573430744
3,2.0,0.8888888888888888,0.3333333333333333,0.6002080000000001,0.06027038456203225
3,2.0,0.8888888888888888,0.38888888888888884,0.519158,0.05797152519758069
3,2.0,0.8888888888888888,0.4444444444444444,0.449584,0.05456069843590544
3,2.0,0.8888888888888888,0.5,0.397703,0.045716635941436046
3,2.0,1.0,0.0,0.894207,0.023149515136413803
3,2.0,1.0,0.05555555555555555,0.8871979999999999,0.025593002907001724
3,2.0,1.0,0.1111111111111111,0.8791200000000001,0.025782947084465758
3,2.0,1.0,0.16666666666666666,0.8546659999999999,0.034985889390673736
3,2.0,1.0,0.2222222222222222,0.7825050000000001,0.0477283141014531
3,2.0,1.0,0.2777777777777778,0.691568,0.057096456819853376
3,2.0,1.0,0.3333333333333333,0.6030890000000001,0.06224039641539846
3,2.0,1.0,0.38888888888888884,0.516288,0.05867025869429293
3,2.0,1.0,0.4444444444444444,0.45067599999999997,0.051423607530116086
3,2.0,1.0,0.5,0.397959,0.04604645040168237
3,3.0,0.0,0.0,0.8958189999999999,0.023204108896263835
3,3.0,0.0,0.05555555555555555,0.8472850000000001,0.03055544812975929
3,3.0,0.0,0.1111111111111111,0.784122,0.03920272911379984
3,3.0,0.0,0.16666666666666666,0.715766,0.044932172706693634
3,3.0,0.0,0.2222222222222222,0.640624,0.0489114808297291
3,3.0,0.0,0.2777777777777778,0.570786,0.04821135279722545
3,3.0,0.0,0.3333333333333333,0.5042760000000001,0.04639278084049408
3,3.0,0.0,0.38888888888888884,0.45357400000000003,0.044237421641337475
3,3.0,0.0,0.4444444444444444,0.414035,0.039591833606039115
3,3.0,0.0,0.5,0.378939,0.03707886353599745
3,3.0,0.1111111111111111,0.0,0.894794,0.02419286793372914
3,3.0,0.1111111111111111,0.05555555555555555,0.8527779999999999,0.02909476277994412
3,3.0,0.1111111111111111,0.1111111111111111,0.799268,0.036610633899381115
3,3.0,0.1111111111111111,0.16666666666666666,0.734047,0.0435544001999428
3,3.0,0.1111111111111111,0.2222222222222222,0.666841,0.04748975674812407
3,3.0,0.1111111111111111,0.2777777777777778,0.5951750000000001,0.04861851638146865
3,3.0,0.1111111111111111,0.3333333333333333,0.530077,0.048576009507777594
3,3.0,0.1111111111111111,0.38888888888888884,0.47565700000000005,0.04507885817602809
3,3.0,0.1111111111111111,0.4444444444444444,0.427405,0.043639355728154014
3,3.0,0.1111111111111111,0.5,0.390312,0.04036972095977839
3,3.0,0.2222222222222222,0.0,0.893758,0.024616283175926422
3,3.0,0.2222222222222222,0.05555555555555555,0.856191,0.028060861193679204
3,3.0,0.2222222222222222,0.1111111111111111,0.80882,0.036439778504505985
3,3.0,0.2222222222222222,0.16666666666666666,0.7525879999999999,0.04346367848384842
3,3.0,0.2222222222222222,0.2222222222222222,0.6890499999999999,0.04696970995922429
3,3.0,0.2222222222222222,0.2777777777777778,0.62298,0.049174482505967766
3,3.0,0.2222222222222222,0.3333333333333333,0.5570470000000001,0.04968345032539744
3,3.0,0.2222222222222222,0.38888888888888884,0.496988,0.0500575830181364
3,3.0,0.2222222222222222,0.4444444444444444,0.43837,0.044956870667565596
3,3.0,0.2222222222222222,0.5,0.396207,0.04052720821381119
3,3.0,0.3333333333333333,0.0,0.8962340000000002,0.0237480781372981
3,3.0,0.3333333333333333,0.05555555555555555,0.8604780000000001,0.027864492565735817
3,3.0,0.3333333333333333,0.1111111111111111,0.8206359999999999,0.034290543089098846
3,3.0,0.3333333333333333,0.16666666666666666,0.7729190000000001,0.03940801226185394
3,3.0,0.3333333333333333,0.2222222222222222,0.714638,0.04408835150851911
3,3.0,0.3333333333333333,0.2777777777777778,0.64388,0.050715063024880665
3,3.0,0.3333333333333333,0.3333333333333333,0.5671320000000001,0.05001824067678111
3,3.0,0.3333333333333333,0.38888888888888884,0.496761,0.04960631679197384
3,3.0,0.3333333333333333,0.4444444444444444,0.438963,0.04400418160810401
3,3.0,0.3333333333333333,0.5,0.39482500000000004,0.040573224687736636
3,3.0,0.4444444444444444,0.0,0.8949940000000002,0.023939780221987787
3,3.0,0.4444444444444444,0.05555555555555555,0.8667520000000001,0.02748799894656006
3,3.0,0.4444444444444444,0.1111111111111111,0.832217,0.03351066809056297
3,3.0,0.4444444444444444,0.16666666666666666,0.789845,0.04090956572206025
3,3.0,0.4444444444444444,0.2222222222222222,0.732299,0.04583173733502961
3,3.0,0.4444444444444444,0.2777777777777778,0.6489429999999999,0.05094712318041481
3,3.0,0.4444444444444444,0.3333333333333333,0.56428,0.053092432666119245
3,3.0,0.4444444444444444,0.38888888888888884,0.497412,0.05007056338126542
3,3.0,0.4444444444444444,0.4444444444444444,0.442071,0.0437378435448978
3,3.0,0.4444444444444444,0.5,0.39761899999999994,0.039918533644515655
3,3.0,0.5555555555555556,0.0,0.8933610000000001,0.023635933159838158
3,3.0,0.5555555555555556,0.05555555555555555,0.871638,0.026852747085280248
3,3.0,0.5555555555555556,0.1111111111111111,0.844425,0.03159402724499613
3,3.0,0.5555555555555556,0.16666666666666666,0.807158,0.03645627649796527
3,3.0,0.5555555555555556,0.2222222222222222,0.736112,0.045803924018095396
3,3.0,0.5555555555555556,0.2777777777777778,0.648731,0.0498015344325035
3,3.0,0.5555555555555556,0.3333333333333333,0.567985,0.05103768823742529
3,3.0,0.5555555555555556,0.38888888888888884,0.49448699999999995,0.047541245261362275
3,3.0,0.5555555555555556,0.4444444444444444,0.439078,0.047212275044896064
3,3.0,0.5555555555555556,0.5,0.39526300000000003,0.04079669350819012
3,3.0,0.6666666666666666,0.0,0.894398,0.023960001620986555
3,3.0,0.6666666666666666,0.05555555555555555,0.877603,0.027453106637757137
3,3.0,0.6666666666666666,0.1111111111111111,0.8508030000000001,0.03197155566079592
3,3.0,0.6666666666666666,0.16666666666666666,0.811389,0.03491261333056534
3,3.0,0.6666666666666666,0.2222222222222222,0.733529,0.04390296834645272
3,3.0,0.6666666666666666,0.2777777777777778,0.650783,0.04916170037522892
3,3.0,0.6666666666666666,0.3333333333333333,0.565897,0.05208207881732385
3,3.0,0.6666666666666666,0.38888888888888884,0.495905,0.048507741402542916
3,3.0,0.6666666666666666,0.4444444444444444,0.44151,0.04519941246174431
3,3.0,0.6666666666666666,0.5,0.396334,0.04112405174142781
3,3.0,0.7777777777777777,0.0,0.894834,0.024989376000871127
3,3.0,0.7777777777777777,0.05555555555555555,0.8824460000000001,0.026172926968646572
3,3.0,0.7777777777777777,0.1111111111111111,0.8619580000000001,0.02885020919457208
3,3.0,0.7777777777777777,0.16666666666666666,0.8106410000000001,0.03539894354644222
3,3.0,0.7777777777777777,0.2222222222222222,0.733197,0.04568412448794691
3,3.0,0.7777777777777777,0.2777777777777778,0.646903,0.0510949928005601
3,3.0,0.7777777777777777,0.3333333333333333,0.5608009999999999,0.052858352267209426
3,3.0,0.7777777777777777,0.38888888888888884,0.49365600000000004,0.049580801928971664
3,3.0,0.7777777777777777,0.4444444444444444,0.438547,0.0437230087310159
3,3.0,0.7777777777777777,0.5,0.39514299999999997,0.039892705836768946
3,3.0,0.8888888888888888,0.0,0.8954439999999999,0.02363741930904455
3,3.0,0.8888888888888888,0.05555555555555555,0.8848149999999999,0.026584648173683237
3,3.0,0.8888888888888888,0.1111111111111111,0.872112,0.027997380400839475
3,3.0,0.8888888888888888,0.16666666666666666,0.8092590000000001,0.03615930605548748
3,3.0,0.8888888888888888,0.2222222222222222,0.733971,0.044249227712505376
3,3.0,0.8888888888888888,0.2777777777777778,0.647039,0.050415704123043074
3,3.0,0.8888888888888888,0.3333333333333333,0.568171,0.052931876431339016
3,3.0,0.8888888888888888,0.38888888888888884,0.49517900000000004,0.05036090924695642
3,3.0,0.8888888888888888,0.4444444444444444,0.438839,0.04497109603376905
3,3.0,0.8888888888888888,0.5,0.398356,0.04115299299969363
3,3.0,1.0,0.0,0.894537,0.023516327278056186
3,3.0,1.0,0.05555555555555555,0.8881700000000001,0.024619935849657326
3,3.0,1.0,0.1111111111111111,0.87252,0.027477419977294255
3,3.0,1.0,0.16666666666666666,0.810134,0.03681626653371415
3,3.0,1.0,0.2222222222222222,0.732096,0.04613507591008418
3,3.0,1.0,0.2777777777777778,0.648633,0.048812241763167834
3,3.0,1.0,0.3333333333333333,0.5681990000000001,0.05036419314305503
3,3.0,1.0,0.38888888888888884,0.49431200000000003,0.04949355784613053
3,3.0,1.0,0.4444444444444444,0.437149,0.04557220232361636
3,3.0,1.0,0.5,0.396339,0.04101483018732731
4,0.0,0.0,0.0,0.894612,0.02416856585682271
4,0.0,0.0,0.05555555555555555,0.851056,0.03047394830876901
4,0.0,0.0,0.1111111111111111,0.795832,0.03673852876062805
4,0.0,0.0,0.16666666666666666,0.7369100000000001,0.04404420270355444
4,0.0,0.0,0.2222222222222222,0.674115,0.04490715341042479
4,0.0,0.0,0.2777777777777778,0.615657,0.04541880909071944
4,0.0,0.0,0.3333333333333333,0.5665129999999999,0.04462366078777156
4,0.0,0.0,0.38888888888888884,0.517168,0.04552001590342262
4,0.0,0.0,0.4444444444444444,0.480283,0.043208377369150015
4,0.0,0.0,0.5,0.449178,0.043435111660095053
4,0.0,0.1111111111111111,0.0,0.8944460000000002,0.023606616791830997
4,0.0,0.1111111111111111,0.05555555555555555,0.8536940000000001,0.029944967274402982
4,0.0,0.1111111111111111,0.1111111111111111,0.804125,0.036209812558552754
4,0.0,0.1111111111111111,0.16666666666666666,0.743796,0.044264361711400725
4,0.0,0.1111111111111111,0.2222222222222222,0.680299,0.04646646889674027
4,0.0,0.1111111111111111,0.2777777777777778,0.6210640000000001,0.04999108933613083
4,0.0,0.1111111111111111,0.3333333333333333,0.564608,0.05027209583476324
4,0.0,0.1111111111111111,0.38888888888888884,0.5150690000000001,0.048110610782548476
4,0.0,0.1111111111111111,0.4444444444444444,0.470607,0.046737789549485244
4,0.0,0.1111111111111111,0.5,0.44144500000000003,0.04465056156027209
4,0.0,0.2222222222222222,0.0,0.895125,0.024407275351626016
4,0.0,0.2222222222222222,0.05555555555555555,0.856754,0.028687740769716794
4,0.0,0.2222222222222222,0.1111111111111111,0.8101269999999999,0.035432701665937726
4,0.0,0.2222222222222222,0.16666666666666666,0.751798,0.04306264724314551
4,0.0,0.2222222222222222,0.2222222222222222,0.6911009999999999,0.04812759150491601
4,0.0,0.2222222222222222,0.2777777777777778,0.6281420000000001,0.05289284913378641
4,0.0,0.2222222222222222,0.3333333333333333,0.56361,0.05533577457619933
4,0.0,0.2222222222222222,0.38888888888888884,0.507667,0.05367691610294245
4,0.0,0.2222222222222222,0.4444444444444444,0.461225,0.04999944319009283
4,0.0,0.2222222222222222,0.5,0.426197,0.0501578308841102
4,0.0,0.3333333333333333,0.0,0.8945879999999999,0.023176656648736332
4,0.0,0.3333333333333333,0.05555555555555555,0.8593599999999999,0.02948263261015926
4,0.0,0.3333333333333333,0.1111111111111111,0.816946,0.03579215224266573
4,0.0,0.3333333333333333,0.16666666666666666,0.762121,0.04284925223871962
4,0.0,0.3333333333333333,0.2222222222222222,0.7034969999999999,0.049253831637050646
4,0.0,0.3333333333333333,0.2777777777777778,0.6313179999999999,0.05637003154564007
4,0.0,0.3333333333333333,0.3333333333333333,0.568901,0.06087441904358426
4,0.0,0.3333333333333333,0.38888888888888884,0.502713,0.06134477820330605
4,0.0,0.3333333333333333,0.4444444444444444,0.44965200000000005,0.05759699914327404
4,0.0,0.3333333333333333,0.5,0.406312,0.05517382356522708
4,0.0,0.4444444444444444,0.0,0.893109,0.024094972228385893
4,0.0,0.4444444444444444,0.05555555555555555,0.8619269999999999,0.029515332046680866
4,0.0,0.4444444444444444,0.1111111111111111,0.819418,0.03659478725794773
4,0.0,0.4444444444444444,0.16666666666666666,0.771683,0.04225394545964799
4,0.0,0.4444444444444444,0.2222222222222222,0.7114640000000001,0.05171749610531627
4,0.0,0.4444444444444444,0.2777777777777778,0.641788,0.06016015542117806
4,0.0,0.4444444444444444,0.3333333333333333,0.569893,0.06741079859167051
4,0.0,0.4444444444444444,0.38888888888888884,0.496383,0.06767513749698065
4,0.0,0.4444444444444444,0.4444444444444444,0.43080599999999997,0.06648725380792112
4,0.0,0.4444444444444444,0.5,0.372572,0.0603425392077433
4,0.0,0.5555555555555556,0.0,0.8941720000000001,0.02423038438670605
4,0.0,0.5555555555555556,0.05555555555555555,0.865604,0.029808148377745817
4,0.0,0.5555555555555556,0.1111111111111111,0.827883,0.03507254473793417
4,0.0,0.5555555555555556,0.16666666666666666,0.780986,0.0429351281496775
4,0.0,0.5555555555555556,0.2222222222222222,0.725647,0.05287320651300588
4,0.0,0.5555555555555556,0.2777777777777778,0.65468,0.06476992158975292
4,0.0,0.5555555555555556,0.3333333333333333,0.567403,0.07512636395807774
4,0.0,0.5555555555555556,0.38888888888888884,0.4745439999999999,0.09128187358092757
4,0.0,0.5555555555555556,0.4444444444444444,0.38814499999999996,0.0767534694334404
4,0.0,0.5555555555555556,0.5,0.339871,0.055486585046478756
4,0.0,0.6666666666666666,0.0,0.894047,0.024110124203103763
4,0.0,0.6666666666666666,0.05555555555555555,0.8685839999999999,0.02896214339011791
4,0.0,0.6666666666666666,0.1111111111111111,0.835499,0.035202801539596755
4,0.0,0.6666666666666666,0.16666666666666666,0.793225,0.04326363504280606
4,0.0,0.6666666666666666,0.2222222222222222,0.7384590000000001,0.05266632758282147
4,0.0,0.6666666666666666,0.2777777777777778,0.664702,0.0708174152472561
4,0.0,0.6666666666666666,0.3333333333333333,0.566049,0.10624554915720336
4,0.0,0.6666666666666666,0.38888888888888884,0.44381099999999996,0.11326749226412583
4,0.0,0.6666666666666666,0.4444444444444444,0.352089,0.07452967027131377
4,0.0,0.6666666666666666,0.5,0.322653,0.03509407621216414
4,0.0,0.7777777777777777,0.0,0.8940370000000001,0.024276840733423215
4,0.0,0.7777777777777777,0.05555555555555555,0.872063,0.02710242742952324
4,0.0,0.7777777777777777,0.1111111111111111,0.8403130000000001,0.034809865810683
4,0.0,0.7777777777777777,0.16666666666666666,0.801682,0.0415600302227045
4,0.0,0.7777777777777777,0.2222222222222222,0.752449,0.056090654841609404
4,0.0,0.7777777777777777,0.2777777777777778,0.678527,0.08115615560505926
4,0.0,0.7777777777777777,0.3333333333333333,0.544513,0.1383494213699262
4,0.0,0.7777777777777777,0.38888888888888884,0.38664299999999996,0.11618861969378218
4,0.0,0.7777777777777777,0.4444444444444444,0.329468,0.04717423432748415
4,0.0,0.7777777777777777,0.5,0.322114,0.031188711735814605
4,0.0,0.8888888888888888,0.0,0.895164,0.024811059886524264
4,0.0,0.8888888888888888,0.05555555555555555,0.875524,0.025235932245040546
4,0.0,0.8888888888888888,0.1111111111111111,0.847201,0.03323590263892685
4,0.0,0.8888888888888888,0.16666666666666666,0.81614,0.04035749158616188
4,0.0,0.8888888888888888,0.2222222222222222,0.7725350000000001,0.05244018256783387
4,0.0,0.8888888888888888,0.2777777777777778,0.6805220000000001,0.128363494431644
4,0.0,0.8888888888888888,0.3333333333333333,0.47587699999999994,0.17923186081422837
4,0.0,0.8888888888888888,0.38888888888888884,0.33905099999999994,0.07971886537386554
4,0.0,0.8888888888888888,0.4444444444444444,0.32165999999999995,0.031095937955902816
4,0.0,0.8888888888888888,0.5,0.321688,0.03098054955049136
4,0.0,1.0,0.0,0.8946130000000001,0.023878974777750344
4,0.0,1.0,0.05555555555555555,0.878164,0.027872746437945347
4,0.0,1.0,0.1111111111111111,0.8557119999999999,0.03195284087589147
4,0.0,1.0,0.16666666666666666,0.826714,0.03821510955889827
4,0.0,1.0,0.2222222222222222,0.78608,0.06726138337630065
4,0.0,1.0,0.2777777777777778,0.6542939999999999,0.1890007270854767
4,0.0,1.0,0.3333333333333333,0.400493,0.16764350955911564
4,0.0,1.0,0.38888888888888884,0.32373,0.04763549349214554
4,0.0,1.0,0.4444444444444444,0.32138300000000003,0.030226146478354313
4,0.0,1.0,0.5,0.32109299999999996,0.03095251862788244
4,0.5,0.0,0.0,0.8947050000000001,0.024116541679573035
4,0.5,0.0,0.05555555555555555,0.850924,0.029946970548705678
4,0.5,0.0,0.1111111111111111,0.7970949999999999,0.03701816201973456
4,0.5,0.0,0.16666666666666666,0.734816,0.04109261182678399
4,0.5,0.0,0.2222222222222222,0.6760989999999999,0.04613976676444167
4,0.5,0.0,0.2777777777777778,0.6150160000000001,0.046976957953645516
4,0.5,0.0,0.3333333333333333,0.5597219999999999,0.047572238057861364
4,0.5,0.0,0.38888888888888884,0.5184279999999999,0.04542631799261708
4,0.5,0.0,0.4444444444444444,0.480332,0.04099617619318249
4,0.5,0.0,0.5,0.450553,0.040527171658563135
4,0.5,0.1111111111111111,0.0,0.8955420000000001,0.02444737020437803
4,0.5,0.1111111111111111,0.05555555555555555,0.8519840000000001,0.03013665479050325
4,0.5,0.1111111111111111,0.1111111111111111,0.80679,0.03476334837713982
4,0.5,0.1111111111111111,0.16666666666666666,0.746896,0.04124420284437886
4,0.5,0.1111111111111111,0.2222222222222222,0.687068,0.0477992274220216
4,0.5,0.1111111111111111,0.2777777777777778,0.6262770000000001,0.04992142244988037
4,0.5,0.1111111111111111,0.3333333333333333,0.568751,0.05002432840561112
4,0.5,0.1111111111111111,0.38888888888888884,0.5222279999999999,0.05056646104863364
4,0.5,0.1111111111111111,0.4444444444444444,0.479594,0.04540300206590526
4,0.5,0.1111111111111111,0.5,0.448504,0.04625879224385198
4,0.5,0.2222222222222222,0.0,0.8932680000000001,0.025066761229136068
4,0.5,0.2222222222222222,0.05555555555555555,0.8572649999999998,0.029857431926427327
4,0.5,0.2222222222222222,0.1111111111111111,0.812285,0.036348548691687695
4,0.5,0.2222222222222222,0.16666666666666666,0.7573,0.04132226433207079
4,0.5,0.2222222222222222,0.2222222222222222,0.699871,0.047019348976545576
4,0.5,0.2222222222222222,0.2777777777777778,0.639479,0.052026650202865565
4,0.5,0.2222222222222222,0.3333333333333333,0.579515,0.05163535595873224
4,0.5,0.2222222222222222,0.38888888888888884,0.5265489999999999,0.053176793532238954
4,0.5,0.2222222222222222,0.4444444444444444,0.48186900000000005,0.05101533498276184
4,0.5,0.2222222222222222,0.5,0.44315499999999997,0.048655383271754435
4,0.5,0.3333333333333333,0.0,0.895284,0.02401758081464886
4,0.5,0.3333333333333333,0.05555555555555555,0.861816,0.02970232940986907
4,0.5,0.3333333333333333,0.1111111111111111,0.82228,0.03445136421822067
4,0.5,0.3333333333333333,0.16666666666666666,0.770627,0.04062800149534193
4,0.5,0.3333333333333333,0.2222222222222222,0.715133,0.04746208972391503
4,0.5,0.3333333333333333,0.2777777777777778,0.6515930000000001,0.053443405098744866
4,0.5,0.3333333333333333,0.3333333333333333,0.589051,0.05501786404763788
4,0.5,0.3333333333333333,0.38888888888888884,0.536116,0.05717066580886591
4,0.5,0.3333333333333333,0.4444444444444444,0.480071,0.0537910348890448
4,0.5,0.3333333333333333,0.5,0.440005,0.05050001214085227
4,0.5,0.4444444444444444,0.0,0.895109,0.02409127453059529
4,0.5,0.4444444444444444,0.05555555555555555,0.8659079999999999,0.02809289495133507
4,0.5,0.4444444444444444,0.1111111111111111,0.824838,0.03600711413413004
4,0.5,0.4444444444444444,0.16666666666666666,0.7843979999999999,0.04107016379751064
4,0.5,0.4444444444444444,0.2222222222222222,0.7300099999999999,0.04772233566498314
4,0.5,0.4444444444444444,0.2777777777777778,0.667858,0.052953696093190034
4,0.5,0.4444444444444444,0.3333333333333333,0.6067290000000001,0.05796881871267468
4,0.5,0.4444444444444444,0.38888888888888884,0.538922,0.06192961483162311
4,0.5,0.4444444444444444,0.4444444444444444,0.48102100000000003,0.06367367506195866
4,0.5,0.4444444444444444,0.5,0.43148200000000003,0.05908519896502624
4,0.5,0.5555555555555556,0.0,0.8946870000000001,0.02310937199653151
4,0.5,0.5555555555555556,0.05555555555555555,0.8692669999999999,0.028275629475260546
4,0.5,0.5555555555555556,0.1111111111111111,0.835702,0.03401650067714664
4,0.5,0.5555555555555556,0.16666666666666666,0.7937929999999999,0.03815906530911449
4,0.5,0.5555555555555556,0.2222222222222222,0.746201,0.04769399664859632
4,0.5,0.5555555555555556,0.2777777777777778,0.6884569999999999,0.05575802281383467
4,0.5,0.5555555555555556,0.3333333333333333,0.6259669999999999,0.06440206158607452
4,0.5,0.5555555555555556,0.38888888888888884,0.553551,0.07209763843891467
4,0.5,0.5555555555555556,0.4444444444444444,0.483721,0.07112935078814893
4,0.5,0.5555555555555556,0.5,0.42947399999999997,0.05914359888685579
4,0.5,0.6666666666666666,0.0,0.8947480000000001,0.023339349203035244
4,0.5,0.6666666666666666,0.05555555555555555,0.8727429999999999,0.027918925792684398
4,0.5,0.6666666666666666,0.1111111111111111,0.8405759999999999,0.033959556467590614
4,0.5,0.6666666666666666,0.16666666666666666,0.809227,0.03832472120257699
4,0.5,0.6666666666666666,0.2222222222222222,0.761527,0.04661130640611659
4,0.5,0.6666666666666666,0.2777777777777778,0.7091459999999999,0.056760394875532943
4,0.5,0.6666666666666666,0.3333333333333333,0.6457159999999998,0.069128504208424
4,0.5,0.6666666666666666,0.38888888888888884,0.5663199999999999,0.07860018822871602
4,0.5,0.6666666666666666,0.4444444444444444,0.48689699999999997,0.07594466395332185
4,0.5,0.6666666666666666,0.5,0.428954,0.06099062009637006
4,0.5,0.7777777777777777,0.0,0.89395,0.02355521913182616
4,0.5,0.7777777777777777,0.05555555555555555,0.8744120000000001,0.02737147152517479
4,0.5,0.7777777777777777,0.1111111111111111,0.84964,0.032531133928510314
4,0.5,0.7777777777777777,0.16666666666666666,0.8216590000000001,0.03767274817364608
4,0.5,0.7777777777777777,0.2222222222222222,0.783145,0.04496685438178873
4,0.5,0.7777777777777777,0.2777777777777778,0.736176,0.05661434631087962
4,0.5,0.7777777777777777,0.3333333333333333,0.667233,0.07756222411463978
4,0.5,0.7777777777777777,0.38888888888888884,0.575751,0.08958970540365847
4,0.5,0.7777777777777777,0.4444444444444444,0.492054,0.07906131655731377
4,0.5,0.7777777777777777,0.5,0.426216,0.0593264272392074
4,0.5,0.8888888888888888,0.0,0.8956110000000002,0.023587582602993755
4,0.5,0.8888888888888888,0.05555555555555555,0.876922,0.027934750155787454
4,0.5,0.8888888888888888,0.1111111111111111,0.857164,0.031531656305201446
4,0.5,0.8888888888888888,0.16666666666666666,0.8313140000000001,0.03617405100297678
4,0.5,0.8888888888888888,0.2222222222222222,0.804096,0.04340597727114161
4,0.5,0.8888888888888888,0.2777777777777778,0.761543,0.05576051816820201
4,0.5,0.8888888888888888,0.3333333333333333,0.6897170000000001,0.08550534530118614
4,0.5,0.8888888888888888,0.38888888888888884,0.579225,0.09289276312200236
4,0.5,0.8888888888888888,0.4444444444444444,0.485163,0.07820112433237035
4,0.5,0.8888888888888888,0.5,0.427071,0.06184060332192127
4,0.5,1.0,0.0,0.8927080000000001,0.023550527878656226
4,0.5,1.0,0.05555555555555555,0.881476,0.026230239218303943
4,0.5,1.0,0.1111111111111111,0.864077,0.030940853372320037
4,0.5,1.0,0.16666666666666666,0.848185,0.033149716117618244
4,0.5,1.0,0.2222222222222222,0.824881,0.0398039092325137
4,0.5,1.0,0.2777777777777778,0.785724,0.060602165361036776
4,0.5,1.0,0.3333333333333333,0.700028,0.0868614075416702
4,0.5,1.0,0.38888888888888884,0.583071,0.09356670715424203
4,0.5,1.0,0.4444444444444444,0.48905400000000004,0.07962741744907723
4,0.5,1.0,0.5,0.42922299999999997,0.06085994745482619
4,1.0,0.0,0.0,0.8959630000000001,0.02220249043647091
4,1.0,0.0,0.05555555555555555,0.8517269999999999,0.030835552570082195
4,1.0,0.0,0.1111111111111111,0.8001510000000001,0.037681243013933
4,1.0,0.0,0.16666666666666666,0.7373820000000001,0.0413348841615487
4,1.0,0.0,0.2222222222222222,0.676156,0.04664168855338656
4,1.0,0.0,0.2777777777777778,0.615713,0.04632170475415744
4,1.0,0.0,0.3333333333333333,0.558539,0.04778380238920685
4,1.0,0.0,0.38888888888888884,0.517209,0.04632395954825352
4,1.0,0.0,0.4444444444444444,0.47814999999999996,0.0437730234000072
4,1.0,0.0,0.5,0.44797699999999996,0.041334041345771816
4,1.0,0.1111111111111111,0.0,0.8946320000000001,0.023943723141522467
4,1.0,0.1111111111111111,0.05555555555555555,0.855559,0.030495975529953524
4,1.0,0.1111111111111111,0.1111111111111111,0.803743,0.03663723840900454
4,1.0,0.1111111111111111,0.16666666666666666,0.748466,0.041523716874372694
4,1.0,0.1111111111111111,0.2222222222222222,0.689379,0.045760937735391985
4,1.0,0.1111111111111111,0.2777777777777778,0.626816,0.04812606634935233
4,1.0,0.1111111111111111,0.3333333333333333,0.573619,0.0485990298741107
4,1.0,0.1111111111111111,0.38888888888888884,0.52496,0.04811897583943195
4,1.0,0.1111111111111111,0.4444444444444444,0.48621800000000004,0.04448050124482627
4,1.0,0.1111111111111111,0.5,0.452481,0.044832148739052884
4,1.0,0.2222222222222222,0.0,0.8959370000000001,0.024396643769732506
4,1.0,0.2222222222222222,0.05555555555555555,0.858863,0.029377291506472423
4,1.0,0.2222222222222222,0.1111111111111111,0.814885,0.03613318948532473
4,1.0,0.2222222222222222,0.16666666666666666,0.763409,0.04056578980252083
4,1.0,0.2222222222222222,0.2222222222222222,0.705333,0.04467764769102334
4,1.0,0.2222222222222222,0.2777777777777778,0.6442570000000001,0.05049360905654848
4,1.0,0.2222222222222222,0.3333333333333333,0.5896140000000001,0.05069239314456088
4,1.0,0.2222222222222222,0.38888888888888884,0.5377540000000001,0.052017297923703056
4,1.0,0.2222222222222222,0.4444444444444444,0.493031,0.05147719826234662
4,1.0,0.2222222222222222,0.5,0.45546000000000003,0.04822706968342832
4,1.0,0.3333333333333333,0.0,0.8951800000000001,0.02376135943506185
4,1.0,0.3333333333333333,0.05555555555555555,0.8623730000000001,0.02829364595454962
4,1.0,0.3333333333333333,0.1111111111111111,0.820661,0.03519856556761962
4,1.0,0.3333333333333333,0.16666666666666666,0.774752,0.04146417458208681
4,1.0,0.3333333333333333,0.2222222222222222,0.7219679999999999,0.047718760001241194
4,1.0,0.3333333333333333,0.2777777777777778,0.664124,0.05221048322471799
4,1.0,0.3333333333333333,0.3333333333333333,0.6054250000000001,0.053726519651973684
4,1.0,0.3333333333333333,0.38888888888888884,0.555134,0.05322821890019698
4,1.0,0.3333333333333333,0.4444444444444444,0.504149,0.05272945281523595
4,1.0,0.3333333333333333,0.5,0.459648,0.05202956055139397
4,1.0,0.4444444444444444,0.0,0.894971,0.023390110223260104
4,1.0,0.4444444444444444,0.05555555555555555,0.86615,0.02698079805090028
4,1.0,0.4444444444444444,0.1111111111111111,0.8319949999999999,0.03334691877808191
4,1.0,0.4444444444444444,0.16666666666666666,0.790562,0.039571530954236045
4,1.0,0.4444444444444444,0.2222222222222222,0.740849,0.04483155213760804
4,1.0,0.4444444444444444,0.2777777777777778,0.684586,0.054106729176158316
4,1.0,0.4444444444444444,0.3333333333333333,0.6291980000000001,0.055348425851547436
4,1.0,0.4444444444444444,0.38888888888888884,0.572296,0.05960838484260032
4,1.0,0.4444444444444444,0.4444444444444444,0.5182049999999999,0.05939805640005491
4,1.0,0.4444444444444444,0.5,0.46606100000000006,0.05778844853241679
4,1.0,0.5555555555555556,0.0,0.894395,0.024015530823213577
4,1.0,0.5555555555555556,0.05555555555555555,0.8702470000000001,0.028445230217421742
4,1.0,0.5555555555555556,0.1111111111111111,0.8398920000000001,0.03109484242161753
4,1.0,0.5555555555555556,0.16666666666666666,0.8042670000000001,0.038645921107126134
4,1.0,0.5555555555555556,0.2222222222222222,0.7609559999999999,0.045017047866320596
4,1.0,0.5555555555555556,0.2777777777777778,0.7129659999999999,0.052627944521371386
4,1.0,0.5555555555555556,0.3333333333333333,0.655365,0.059702983352770744
4,1.0,0.5555555555555556,0.38888888888888884,0.593956,0.0646069665293467
4,1.0,0.5555555555555556,0.4444444444444444,0.5294960000000001,0.06846926335242716
4,1.0,0.5555555555555556,0.5,0.47077099999999994,0.06086582956148884
4,1.0,0.6666666666666666,0.0,0.8943840000000001,0.023802375870847384
4,1.0,0.6666666666666666,0.05555555555555555,0.8736820000000001,0.027688219760640342
4,1.0,0.6666666666666666,0.1111111111111111,0.84688,0.030915649392781276
4,1.0,0.6666666666666666,0.16666666666666666,0.8182229999999999,0.0357462034636136
4,1.0,0.6666666666666666,0.2222222222222222,0.7812830000000001,0.04179981022845839
4,1.0,0.6666666666666666,0.2777777777777778,0.7359739999999999,0.0515745601945306
4,1.0,0.6666666666666666,0.3333333333333333,0.6853389999999999,0.05958286831965373
4,1.0,0.6666666666666666,0.38888888888888884,0.6087290000000001,0.07475975240448285
4,1.0,0.6666666666666666,0.4444444444444444,0.5310840000000001,0.07346277781110461
4,1.0,0.6666666666666666,0.5,0.46638,0.059864826044994046
4,1.0,0.7777777777777777,0.0,0.89456,0.023231360186095368
4,1.0,0.7777777777777777,0.05555555555555555,0.8777140000000001,0.026617864578412666
4,1.0,0.7777777777777777,0.1111111111111111,0.8557899999999999,0.029991822375597818
4,1.0,0.7777777777777777,0.16666666666666666,0.82947,0.036610154375574584
4,1.0,0.7777777777777777,0.2222222222222222,0.802975,0.037227842904032006
4,1.0,0.7777777777777777,0.2777777777777778,0.764197,0.04964658068763623
4,1.0,0.7777777777777777,0.3333333333333333,0.7051819999999999,0.06699862455074501
4,1.0,0.7777777777777777,0.38888888888888884,0.6182850000000001,0.07922501105949672
4,1.0,0.7777777777777777,0.4444444444444444,0.533073,0.07172402670658562
4,1.0,0.7777777777777777,0.5,0.47239,0.060025085680163015
4,1.0,0.8888888888888888,0.0,0.8942680000000001,0.023394689300939398
4,1.0,0.8888888888888888,0.05555555555555555,0.881805,0.026233016337168454
4,1.0,0.8888888888888888,0.1111111111111111,0.8639680000000001,0.030210919808500974
4,1.0,0.8888888888888888,0.16666666666666666,0.8471369999999999,0.03298782241111753
4,1.0,0.8888888888888888,0.2222222222222222,0.8236030000000001,0.03760251773937936
4,1.0,0.8888888888888888,0.2777777777777778,0.7876219999999999,0.052683229197142405
4,1.0,0.8888888888888888,0.3333333333333333,0.7160230000000001,0.07302611371478208
4,1.0,0.8888888888888888,0.38888888888888884,0.6173540000000001,0.08044860882987762
4,1.0,0.8888888888888888,0.4444444444444444,0.528459,0.0697747148315909
4,1.0,0.8888888888888888,0.5,0.47214200000000006,0.0598446590701227
4,1.0,1.0,0.0,0.8945270000000001,0.02483118722209753
4,1.0,1.0,0.05555555555555555,0.8851959999999999,0.026058600012944584
4,1.0,1.0,0.1111111111111111,0.87411,0.027290083338983223
4,1.0,1.0,0.16666666666666666,0.8599730000000001,0.03097120414976607
4,1.0,1.0,0.2222222222222222,0.843962,0.035004226199872666
4,1.0,1.0,0.2777777777777778,0.8057799999999999,0.056289271465192026
4,1.0,1.0,0.3333333333333333,0.718298,0.07619151095983294
4,1.0,1.0,0.38888888888888884,0.6182859999999999,0.0793944940766656
4,1.0,1.0,0.4444444444444444,0.531102,0.0705179578432216
4,1.0,1.0,0.5,0.471466,0.06062182651363988
4,2.0,0.0,0.0,0.894913,0.02390503883874449
4,2.0,0.0,0.05555555555555555,0.849728,0.031886278408600005
4,2.0,0.0,0.1111111111111111,0.797953,0.03728158671124
4,2.0,0.0,0.16666666666666666,0.73553,0.04327393827390494
4,2.0,0.0,0.2222222222222222,0.6751900000000001,0.04457992002313675
4,2.0,0.0,0.2777777777777778,0.613865,0.048332958215381874
4,2.0,0.0,0.3333333333333333,0.5580409999999999,0.046353597217206076
4,2.0,0.0,0.38888888888888884,0.519039,0.04724366034128222
4,2.0,0.0,0.4444444444444444,0.481029,0.04527717064019329
4,2.0,0.0,0.5,0.44715799999999994,0.04183394692250679
4,2.0,0.1111111111111111,0.0,0.895112,0.02359356081883599
4,2.0,0.1111111111111111,0.05555555555555555,0.857479,0.02990859547158782
4,2.0,0.1111111111111111,0.1111111111111111,0.805935,0.03580788991241985
4,2.0,0.1111111111111111,0.16666666666666666,0.7524580000000001,0.041388660974441514
4,2.0,0.1111111111111111,0.2222222222222222,0.689649,0.044503217134667185
4,2.0,0.1111111111111111,0.2777777777777778,0.6346130000000001,0.04804199479897004
4,2.0,0.1111111111111111,0.3333333333333333,0.5786140000000001,0.04901056048484896
4,2.0,0.1111111111111111,0.38888888888888884,0.5348620000000001,0.04755384657758322
4,2.0,0.1111111111111111,0.4444444444444444,0.49280300000000005,0.045497364772052476
4,2.0,0.1111111111111111,0.5,0.460607,0.04212936546441728
4,2.0,0.2222222222222222,0.0,0.8943240000000001,0.02311114772461874
4,2.0,0.2222222222222222,0.05555555555555555,0.8596410000000001,0.030562889411984755
4,2.0,0.2222222222222222,0.1111111111111111,0.817213,0.03527037894084255
4,2.0,0.2222222222222222,0.16666666666666666,0.767347,0.04044762788596634
4,2.0,0.2222222222222222,0.2222222222222222,0.713287,0.044331071212805974
4,2.0,0.2222222222222222,0.2777777777777778,0.656399,0.047434183884629035
4,2.0,0.2222222222222222,0.3333333333333333,0.6021559999999999,0.05037991464661091
4,2.0,0.2222222222222222,0.38888888888888884,0.553026,0.049456842835984824
4,2.0,0.2222222222222222,0.4444444444444444,0.5095409999999999,0.04966260860741907
4,2.0,0.2222222222222222,0.5,0.473308,0.0467552263088009
4,2.0,0.3333333333333333,0.0,0.895134,0.023072112308290437
4,2.0,0.3333333333333333,0.05555555555555555,0.8627319999999999,0.028847120000657485
4,2.0,0.3333333333333333,0.1111111111111111,0.8271689999999999,0.03431912355001568
4,2.0,0.3333333333333333,0.16666666666666666,0.7835,0.03794437739343967
4,2.0,0.3333333333333333,0.2222222222222222,0.734914,0.04340722049142045
4,2.0,0.3333333333333333,0.2777777777777778,0.6795519999999999,0.04982718177906557
4,2.0,0.3333333333333333,0.3333333333333333,0.6267699999999999,0.04936859688464276
4,2.0,0.3333333333333333,0.38888888888888884,0.57908,0.05196074979751081
4,2.0,0.3333333333333333,0.4444444444444444,0.529027,0.051255530437216236
4,2.0,0.3333333333333333,0.5,0.49048,0.050968061993206526
4,2.0,0.4444444444444444,0.0,0.8953720000000001,0.023188042205009505
4,2.0,0.4444444444444444,0.05555555555555555,0.867735,0.028831754109749304
4,2.0,0.4444444444444444,0.1111111111111111,0.835718,0.030088466092371532
4,2.0,0.4444444444444444,0.16666666666666666,0.799539,0.03642731706327585
4,2.0,0.4444444444444444,0.2222222222222222,0.755952,0.042734270953345095
4,2.0,0.4444444444444444,0.2777777777777778,0.707977,0.045949252494516216
4,2.0,0.4444444444444444,0.3333333333333333,0.657117,0.05332508674044399
4,2.0,0.4444444444444444,0.38888888888888884,0.604684,0.05641892625032171
4,2.0,0.4444444444444444,0.4444444444444444,0.544654,0.058710520430406754
4,2.0,0.4444444444444444,0.5,0.489044,0.054669981442020545
4,2.0,0.5555555555555556,0.0,0.894849,0.024141520499173466
4,2.0,0.5555555555555556,0.05555555555555555,0.873307,0.027256332450618873
4,2.0,0.5555555555555556,0.1111111111111111,0.84601,0.03224536654565526
4,2.0,0.5555555555555556,0.16666666666666666,0.8135899999999999,0.03667703784529367
4,2.0,0.5555555555555556,0.2222222222222222,0.777283,0.041452879902996516
4,2.0,0.5555555555555556,0.2777777777777778,0.7358230000000001,0.04698961262550155
4,2.0,0.5555555555555556,0.3333333333333333,0.6866369999999999,0.05391149859427653
4,2.0,0.5555555555555556,0.38888888888888884,0.617099,0.062111940012304336
4,2.0,0.5555555555555556,0.4444444444444444,0.54596,0.06064070988779481
4,2.0,0.5555555555555556,0.5,0.491885,0.0564480305693224
4,2.0,0.6666666666666666,0.0,0.896018,0.024435317897681653
4,2.0,0.6666666666666666,0.05555555555555555,0.878065,0.026689944326059
4,2.0,0.6666666666666666,0.1111111111111111,0.8533330000000001,0.03162268339507426
4,2.0,0.6666666666666666,0.16666666666666666,0.8293189999999999,0.03421762827966141
4,2.0,0.6666666666666666,0.2222222222222222,0.8008730000000001,0.03953479316843418
4,2.0,0.6666666666666666,0.2777777777777778,0.7635230000000001,0.04724372382063507
4,2.0,0.6666666666666666,0.3333333333333333,0.698898,0.06360530820011197
4,2.0,0.6666666666666666,0.38888888888888884,0.614042,0.0628248772478005
4,2.0,0.6666666666666666,0.4444444444444444,0.546412,0.05733967295070747
4,2.0,0.6666666666666666,0.5,0.491605,0.056029333935548986
4,2.0,0.7777777777777777,0.0,0.8928969999999999,0.025423114005285165
4,2.0,0.7777777777777777,0.05555555555555555,0.878458,0.026740293178633624
4,2.0,0.7777777777777777,0.1111111111111111,0.865629,0.029277953438680757
4,2.0,0.7777777777777777,0.16666666666666666,0.847052,0.03205687038590853
4,2.0,0.7777777777777777,0.2222222222222222,0.823767,0.03797494974068836
4,2.0,0.7777777777777777,0.2777777777777778,0.7771079999999999,0.053025881228698876
4,2.0,0.7777777777777777,0.3333333333333333,0.6981179999999999,0.0639382998067839
4,2.0,0.7777777777777777,0.38888888888888884,0.6162629999999999,0.06623289686875872
4,2.0,0.7777777777777777,0.4444444444444444,0.5457770000000001,0.059756406343580426
4,2.0,0.7777777777777777,0.5,0.490343,0.05650894275786455
4,2.0,0.8888888888888888,0.0,0.8947249999999999,0.023468791173794187
4,2.0,0.8888888888888888,0.05555555555555555,0.884298,0.025584208952941043
4,2.0,0.8888888888888888,0.1111111111111111,0.8719009999999999,0.028209270851299276
4,2.0,0.8888888888888888,0.16666666666666666,0.8594350000000001,0.03127689273279907
4,2.0,0.8888888888888888,0.2222222222222222,0.839747,0.03585510534888413
4,2.0,0.8888888888888888,0.2777777777777778,0.783293,0.055486032934882364
4,2.0,0.8888888888888888,0.3333333333333333,0.701954,0.06310692805364851
4,2.0,0.8888888888888888,0.38888888888888884,0.617953,0.06000491130216243
4,2.0,0.8888888888888888,0.4444444444444444,0.545265,0.05968808459351365
4,2.0,0.8888888888888888,0.5,0.492241,0.05479654715929263
4,2.0,1.0,0.0,0.8942380000000001,0.023993604336344506
4,2.0,1.0,0.05555555555555555,0.8885519999999999,0.024458280877925672
4,2.0,1.0,0.1111111111111111,0.882509,0.027480849988967174
4,2.0,1.0,0.16666666666666666,0.8743179999999999,0.027907126037693037
4,2.0,1.0,0.2222222222222222,0.8491519999999999,0.04092194400931488
4,2.0,1.0,0.2777777777777778,0.780817,0.054802069101246326
4,2.0,1.0,0.3333333333333333,0.698979,0.06148229526970859
4,2.0,1.0,0.38888888888888884,0.618692,0.0654063844829473
4,2.0,1.0,0.4444444444444444,0.5453830000000001,0.05991463990607867
4,2.0,1.0,0.5,0.49053800000000003,0.05450243179043547
4,3.0,0.0,0.0,0.8960309999999999,0.02358682635238107
4,3.0,0.0,0.05555555555555555,0.851502,0.02944001886396663
4,3.0,0.0,0.1111111111111111,0.797537,0.03726692171959543
4,3.0,0.0,0.16666666666666666,0.7377480000000001,0.04263545799306346
4,3.0,0.0,0.2222222222222222,0.67564,0.045712164704835426
4,3.0,0.0,0.2777777777777778,0.616637,0.048843473626636304
4,3.0,0.0,0.3333333333333333,0.561175,0.04573125542473901
4,3.0,0.0,0.38888888888888884,0.519531,0.044426734898862126
4,3.0,0.0,0.4444444444444444,0.47801,0.04280638137341542
4,3.0,0.0,0.5,0.44895,0.04093068312184419
4,3.0,0.1111111111111111,0.0,0.895339,0.023183519028709926
4,3.0,0.1111111111111111,0.05555555555555555,0.855031,0.030168297352770265
4,3.0,0.1111111111111111,0.1111111111111111,0.807187,0.03577605284204723
4,3.0,0.1111111111111111,0.16666666666666666,0.752966,0.038897967760487144
4,3.0,0.1111111111111111,0.2222222222222222,0.696427,0.04534771312961752
4,3.0,0.1111111111111111,0.2777777777777778,0.6393179999999999,0.04584491937644381
4,3.0,0.1111111111111111,0.3333333333333333,0.582849,0.05000991091963862
4,3.0,0.1111111111111111,0.38888888888888884,0.535799,0.047409136516342765
4,3.0,0.1111111111111111,0.4444444444444444,0.495557,0.04648321676089598
4,3.0,0.1111111111111111,0.5,0.461501,0.04242786965101033
4,3.0,0.2222222222222222,0.0,0.895589,0.02368757438363373
4,3.0,0.2222222222222222,0.05555555555555555,0.8589260000000001,0.02955604987281089
4,3.0,0.2222222222222222,0.1111111111111111,0.815914,0.03487708438237082
4,3.0,0.2222222222222222,0.16666666666666666,0.766969,0.039149466404022934
4,3.0,0.2222222222222222,0.2222222222222222,0.717554,0.04399045628592916
4,3.0,0.2222222222222222,0.2777777777777778,0.6638299999999999,0.04652889465738508
4,3.0,0.2222222222222222,0.3333333333333333,0.608549,0.04865693266222293
4,3.0,0.2222222222222222,0.38888888888888884,0.5614000000000001,0.048603953999076493
4,3.0,0.2222222222222222,0.4444444444444444,0.5156099999999999,0.04627735400272463
4,3.0,0.2222222222222222,0.5,0.47847500000000004,0.046911662506023806
4,3.0,0.3333333333333333,0.0,0.895311,0.023205619573279674
4,3.0,0.3333333333333333,0.05555555555555555,0.8652369999999999,0.028380385432147992
4,3.0,0.3333333333333333,0.1111111111111111,0.827872,0.03318374265776505
4,3.0,0.3333333333333333,0.16666666666666666,0.78668,0.03917116260694824
4,3.0,0.3333333333333333,0.2222222222222222,0.7382799999999999,0.04310461237045994
4,3.0,0.3333333333333333,0.2777777777777778,0.68898,0.04696210215736769
4,3.0,0.3333333333333333,0.3333333333333333,0.6364500000000001,0.05046615036172595
4,3.0,0.3333333333333333,0.38888888888888884,0.5821989999999999,0.051415571181889635
4,3.0,0.3333333333333333,0.4444444444444444,0.5322850000000001,0.05043960674835727
4,3.0,0.3333333333333333,0.5,0.483938,0.04909458661028153
4,3.0,0.4444444444444444,0.0,0.895704,0.02277575726774238
4,3.0,0.4444444444444444,0.05555555555555555,0.8700370000000001,0.02787641881099017
4,3.0,0.4444444444444444,0.1111111111111111,0.838059,0.03312405050294606
4,3.0,0.4444444444444444,0.16666666666666666,0.803126,0.03701015909011842
4,3.0,0.4444444444444444,0.2222222222222222,0.7637170000000001,0.041299062017478363
4,3.0,0.4444444444444444,0.2777777777777778,0.717164,0.04839155759889164
4,3.0,0.4444444444444444,0.3333333333333333,0.6587770000000001,0.05122739029578333
4,3.0,0.4444444444444444,0.38888888888888884,0.592193,0.0556788998714135
4,3.0,0.4444444444444444,0.4444444444444444,0.5314549999999999,0.051703261040307716
4,3.0,0.4444444444444444,0.5,0.48322800000000005,0.048522411733552984
4,3.0,0.5555555555555556,0.0,0.8940330000000001,0.023768063274735546
4,3.0,0.5555555555555556,0.05555555555555555,0.873564,0.027363710944911652
4,3.0,0.5555555555555556,0.1111111111111111,0.847794,0.030631255897168794
4,3.0,0.5555555555555556,0.16666666666666666,0.819727,0.03620634433867039
4,3.0,0.5555555555555556,0.2222222222222222,0.7853230000000001,0.037722455575620394
4,3.0,0.5555555555555556,0.2777777777777778,0.7351389999999999,0.0493331677519338
4,3.0,0.5555555555555556,0.3333333333333333,0.65923,0.05589819055844033
4,3.0,0.5555555555555556,0.38888888888888884,0.5902419999999999,0.052226900014121884
4,3.0,0.5555555555555556,0.4444444444444444,0.534437,0.05291294558811492
4,3.0,0.5555555555555556,0.5,0.484154,0.048743391369520064
4,3.0,0.6666666666666666,0.0,0.8960609999999999,0.023457270142165376
4,3.0,0.6666666666666666,0.05555555555555555,0.878129,0.025562938462211728
4,3.0,0.6666666666666666,0.1111111111111111,0.859538,0.028362527901951717
4,3.0,0.6666666666666666,0.16666666666666666,0.834582,0.033018775197083176
4,3.0,0.6666666666666666,0.2222222222222222,0.803902,0.040228431770611216
4,3.0,0.6666666666666666,0.2777777777777778,0.7395550000000001,0.051415742273680676
4,3.0,0.6666666666666666,0.3333333333333333,0.661423,0.053815054874366997
4,3.0,0.6666666666666666,0.38888888888888884,0.588409,0.05601215118240042
4,3.0,0.6666666666666666,0.4444444444444444,0.528574,0.05073237919020059
4,3.0,0.6666666666666666,0.5,0.48571900000000007,0.049243547455133305
4,3.0,0.7777777777777777,0.0,0.8943730000000001,0.024344661294286564
4,3.0,0.7777777777777777,0.05555555555555555,0.8831230000000001,0.025898157957383504
4,3.0,0.7777777777777777,0.1111111111111111,0.868218,0.02878560555359376
4,3.0,0.7777777777777777,0.16666666666666666,0.8511479999999999,0.031080220013315164
4,3.0,0.7777777777777777,0.2222222222222222,0.807305,0.040848728175961524
4,3.0,0.7777777777777777,0.2777777777777778,0.738771,0.049254711303443714
4,3.0,0.7777777777777777,0.3333333333333333,0.6595440000000001,0.05469696355211888
4,3.0,0.7777777777777777,0.38888888888888884,0.5898430000000001,0.0560928048305106
4,3.0,0.7777777777777777,0.4444444444444444,0.5301939999999999,0.05167107763792298
4,3.0,0.7777777777777777,0.5,0.48498199999999997,0.047105058778888736
4,3.0,0.8888888888888888,0.0,0.8927840000000001,0.024673104914179463
4,3.0,0.8888888888888888,0.05555555555555555,0.8863040000000001,0.025540750065609172
4,3.0,0.8888888888888888,0.1111111111111111,0.8778429999999999,0.0272151247289814
4,3.0,0.8888888888888888,0.16666666666666666,0.862326,0.030807057613456035
4,3.0,0.8888888888888888,0.2222222222222222,0.8093309999999999,0.04043258875255494
4,3.0,0.8888888888888888,0.2777777777777778,0.738144,0.04941026855460956
4,3.0,0.8888888888888888,0.3333333333333333,0.6598580000000001,0.05545743740350219
4,3.0,0.8888888888888888,0.38888888888888884,0.5910129999999999,0.05347189986408819
4,3.0,0.8888888888888888,0.4444444444444444,0.528192,0.05348268442714458
4,3.0,0.8888888888888888,0.5,0.485225,0.04700369903233918
4,3.0,1.0,0.0,0.8949980000000001,0.02423834758174522
4,3.0,1.0,0.05555555555555555,0.8906669999999999,0.024162241719776864
4,3.0,1.0,0.1111111111111111,0.88573,0.026397953556136753
4,3.0,1.0,0.16666666666666666,0.870171,0.03194984431185155
4,3.0,1.0,0.2222222222222222,0.8113330000000001,0.04118388305178644
4,3.0,1.0,0.2777777777777778,0.7366790000000001,0.04934430888987929
4,3.0,1.0,0.3333333333333333,0.662616,0.05234576031182108
4,3.0,1.0,0.38888888888888884,0.591853,0.05715761002161815
4,3.0,1.0,0.4444444444444444,0.5323470000000001,0.0522313574943798
4,3.0,1.0,0.5,0.482571,0.04950162997690451
