tau,delay,p,q,mean_final_epidemic_fraction,std_final_epidemic_fraction
5,0.0,0.0,0.0,0.8957390000000001,0.023844022655928193
5,0.0,0.0,0.05555555555555555,0.857069,0.02876987912635271
5,0.0,0.0,0.1111111111111111,0.8097219999999999,0.03475593029528472
5,0.0,0.0,0.16666666666666666,0.758545,0.03967127152972016
5,0.0,0.0,0.2222222222222222,0.707238,0.04398108333922315
5,0.0,0.0,0.2777777777777778,0.657602,0.048691030102190405
5,0.0,0.0,0.3333333333333333,0.613794,0.04860230187704846
5,0.0,0.0,0.38888888888888884,0.576339,0.04958938582182871
5,0.0,0.0,0.4444444444444444,0.5448630000000001,0.047515913050187646
5,0.0,0.0,0.5,0.516722,0.047036423558144184
5,0.0,0.1111111111111111,0.0,0.8957390000000001,0.023844022655928193
5,0.0,0.1111111111111111,0.05555555555555555,0.859317,0.02998211864492633
5,0.0,0.1111111111111111,0.1111111111111111,0.815316,0.034698070552987514
5,0.0,0.1111111111111111,0.16666666666666666,0.763251,0.040948904891484124
5,0.0,0.1111111111111111,0.2222222222222222,0.7144590000000001,0.04466310683452408
5,0.0,0.1111111111111111,0.2777777777777778,0.6625219999999999,0.04798347559243629
5,0.0,0.1111111111111111,0.3333333333333333,0.614722,0.05058121365858253
5,0.0,0.1111111111111111,0.38888888888888884,0.575768,0.050225479338427165
5,0.0,0.1111111111111111,0.4444444444444444,0.5404490000000001,0.04993596900031078
5,0.0,0.1111111111111111,0.5,0.510846,0.04860832287842333
5,0.0,0.2222222222222222,0.0,0.8957390000000001,0.023844022655928193
5,0.0,0.2222222222222222,0.05555555555555555,0.8618640000000001,0.027963215935321997
5,0.0,0.2222222222222222,0.1111111111111111,0.8196939999999999,0.03500931327541309
5,0.0,0.2222222222222222,0.16666666666666666,0.7717929999999998,0.03967629467779671
5,0.0,0.2222222222222222,0.2222222222222222,0.719701,0.0449702782393541
5,0.0,0.2222222222222222,0.2777777777777778,0.667083,0.049797207480669764
5,0.0,0.2222222222222222,0.3333333333333333,0.619538,0.05122925914936691
5,0.0,0.2222222222222222,0.38888888888888884,0.57477,0.05417092937719999
5,0.0,0.2222222222222222,0.4444444444444444,0.535346,0.05238941624922857
5,0.0,0.2222222222222222,0.5,0.50169,0.051137823350011456
5,0.0,0.3333333333333333,0.0,0.8957390000000001,0.023844022655928193
5,0.0,0.3333333333333333,0.05555555555555555,0.864064,0.02838308481302736
5,0.0,0.3333333333333333,0.1111111111111111,0.8243779999999999,0.034560085583162474
5,0.0,0.3333333333333333,0.16666666666666666,0.779179,0.04078473186565474
5,0.0,0.3333333333333333,0.2222222222222222,0.72709,0.04837398000931846
5,0.0,0.3333333333333333,0.2777777777777778,0.673569,0.05260685050180936
5,0.0,0.3333333333333333,0.3333333333333333,0.619618,0.05616132272454211
5,0.0,0.3333333333333333,0.38888888888888884,0.572956,0.05816248738610599
5,0.0,0.3333333333333333,0.4444444444444444,0.5274659999999999,0.05796983133790666
5,0.0,0.3333333333333333,0.5,0.48985500000000004,0.057427257159513245
5,0.0,0.4444444444444444,0.0,0.8957390000000001,0.023844022655928193
5,0.0,0.4444444444444444,0.05555555555555555,0.865556,0.029414419458355334
5,0.0,0.4444444444444444,0.1111111111111111,0.830123,0.03353285438675513
5,0.0,0.4444444444444444,0.16666666666666666,0.787226,0.04021699056779771
5,0.0,0.4444444444444444,0.2222222222222222,0.7377840000000001,0.04703117344140242
5,0.0,0.4444444444444444,0.2777777777777778,0.682572,0.05604617730041889
5,0.0,0.4444444444444444,0.3333333333333333,0.6262559999999999,0.06011331029043463
5,0.0,0.4444444444444444,0.38888888888888884,0.568514,0.06719318960079755
5,0.0,0.4444444444444444,0.4444444444444444,0.518221,0.0659366043620294
5,0.0,0.4444444444444444,0.5,0.47278099999999995,0.06433327139831153
5,0.0,0.5555555555555556,0.0,0.8957390000000001,0.023844022655928193
5,0.0,0.5555555555555556,0.05555555555555555,0.869688,0.02820493173496747
5,0.0,0.5555555555555556,0.1111111111111111,0.83545,0.03259840726410043
5,0.0,0.5555555555555556,0.16666666666666666,0.793955,0.03988420394999409
5,0.0,0.5555555555555556,0.2222222222222222,0.749762,0.04791600253881056
5,0.0,0.5555555555555556,0.2777777777777778,0.6946659999999999,0.05443583106469216
5,0.0,0.5555555555555556,0.3333333333333333,0.629258,0.06479838166394486
5,0.0,0.5555555555555556,0.38888888888888884,0.564574,0.07209847928156816
5,0.0,0.5555555555555556,0.4444444444444444,0.495592,0.07637568186786146
5,0.0,0.5555555555555556,0.5,0.443505,0.07142538456711703
5,0.0,0.6666666666666666,0.0,0.8957390000000001,0.023844022655928193
5,0.0,0.6666666666666666,0.05555555555555555,0.8710950000000001,0.02838139317367066
5,0.0,0.6666666666666666,0.1111111111111111,0.842269,0.03355626113949022
5,0.0,0.6666666666666666,0.16666666666666666,0.803553,0.039324720273952674
5,0.0,0.6666666666666666,0.2222222222222222,0.760308,0.0466285036576701
5,0.0,0.6666666666666666,0.2777777777777778,0.702776,0.05931299904621125
5,0.0,0.6666666666666666,0.3333333333333333,0.634367,0.0767742313122938
5,0.0,0.6666666666666666,0.38888888888888884,0.552825,0.09047576603289545
5,0.0,0.6666666666666666,0.4444444444444444,0.466535,0.09031092313689323
5,0.0,0.6666666666666666,0.5,0.41580700000000004,0.06490942138075169
5,0.0,0.7777777777777777,0.0,0.8957390000000001,0.023844022655928193
5,0.0,0.7777777777777777,0.05555555555555555,0.8726959999999999,0.027565221301949064
5,0.0,0.7777777777777777,0.1111111111111111,0.8473769999999999,0.031669667488605543
5,0.0,0.7777777777777777,0.16666666666666666,0.812654,0.03931187743809378
5,0.0,0.7777777777777777,0.2222222222222222,0.773316,0.04558471355739894
5,0.0,0.7777777777777777,0.2777777777777778,0.716271,0.06375154757979463
5,0.0,0.7777777777777777,0.3333333333333333,0.638499,0.0924935406071908
5,0.0,0.7777777777777777,0.38888888888888884,0.526307,0.11784195125877914
5,0.0,0.7777777777777777,0.4444444444444444,0.430919,0.08497009094590494
5,0.0,0.7777777777777777,0.5,0.401318,0.0481247011716734
5,0.0,0.8888888888888888,0.0,0.8957390000000001,0.023844022655928193
5,0.0,0.8888888888888888,0.05555555555555555,0.876588,0.02693231526634141
5,0.0,0.8888888888888888,0.1111111111111111,0.8524109999999998,0.033443662442345604
5,0.0,0.8888888888888888,0.16666666666666666,0.822432,0.037216426997206994
5,0.0,0.8888888888888888,0.2222222222222222,0.785653,0.045742157097538975
5,0.0,0.8888888888888888,0.2777777777777778,0.7315640000000001,0.07226004025336145
5,0.0,0.8888888888888888,0.3333333333333333,0.629521,0.12961739940775402
5,0.0,0.8888888888888888,0.38888888888888884,0.479119,0.13140457374460374
5,0.0,0.8888888888888888,0.4444444444444444,0.408445,0.06609891104277771
5,0.0,0.8888888888888888,0.5,0.397881,0.040227317535178456
5,0.0,1.0,0.0,0.8957390000000001,0.023844022655928193
5,0.0,1.0,0.05555555555555555,0.8800370000000001,0.027167106630679016
5,0.0,1.0,0.1111111111111111,0.858706,0.03178411228575992
5,0.0,1.0,0.16666666666666666,0.8314469999999999,0.03666744731628713
5,0.0,1.0,0.2222222222222222,0.8016190000000001,0.04452473796993409
5,0.0,1.0,0.2777777777777778,0.7439669999999999,0.0938722318202082
5,0.0,1.0,0.3333333333333333,0.594687,0.17278172517820153
5,0.0,1.0,0.38888888888888884,0.4395359999999999,0.1186027204970835
5,0.0,1.0,0.4444444444444444,0.399189,0.04521165084767833
5,0.0,1.0,0.5,0.39753200000000005,0.03884435428553112
5,0.5,0.0,0.0,0.8957390000000001,0.023844022655928193
5,0.5,0.0,0.05555555555555555,0.857069,0.02876987912635271
5,0.5,0.0,0.1111111111111111,0.8097219999999999,0.03475593029528472
5,0.5,0.0,0.16666666666666666,0.758545,0.03967127152972016
5,0.5,0.0,0.2222222222222222,0.707238,0.04398108333922315
5,0.5,0.0,0.2777777777777778,0.657602,0.048691030102190405
5,0.5,0.0,0.3333333333333333,0.613794,0.04860230187704846
5,0.5,0.0,0.38888888888888884,0.576339,0.04958938582182871
5,0.5,0.0,0.4444444444444444,0.5448630000000001,0.047515913050187646
5,0.5,0.0,0.5,0.516722,0.047036423558144184
5,0.5,0.1111111111111111,0.0,0.8957390000000001,0.023844022655928193
5,0.5,0.1111111111111111,0.05555555555555555,0.8598979999999999,0.028781834375001026
5,0.5,0.1111111111111111,0.1111111111111111,0.8165180000000001,0.03450945636457604
5,0.5,0.1111111111111111,0.16666666666666666,0.767595,0.040857610298686335
5,0.5,0.1111111111111111,0.2222222222222222,0.7181199999999999,0.04350795953090127
5,0.5,0.1111111111111111,0.2777777777777778,0.668629,0.04927568824940401
5,0.5,0.1111111111111111,0.3333333333333333,0.6196400000000001,0.05008000006396173
5,0.5,0.1111111111111111,0.38888888888888884,0.5817619999999999,0.049752675151037706
5,0.5,0.1111111111111111,0.4444444444444444,0.546899,0.04849924716916723
5,0.5,0.1111111111111111,0.5,0.516428,0.04851645764751032
5,0.5,0.2222222222222222,0.0,0.8957390000000001,0.023844022655928193
5,0.5,0.2222222222222222,0.05555555555555555,0.8614769999999999,0.030042370329503226
5,0.5,0.2222222222222222,0.1111111111111111,0.822586,0.033525939100830446
5,0.5,0.2222222222222222,0.16666666666666666,0.7763710000000001,0.039818976756188874
5,0.5,0.2222222222222222,0.2222222222222222,0.729193,0.04236080959081388
5,0.5,0.2222222222222222,0.2777777777777778,0.678692,0.047634043898646033
5,0.5,0.2222222222222222,0.3333333333333333,0.6294609999999999,0.051418657677513885
5,0.5,0.2222222222222222,0.38888888888888884,0.586928,0.05166579303727148
5,0.5,0.2222222222222222,0.4444444444444444,0.549962,0.0530191435765006
5,0.5,0.2222222222222222,0.5,0.517125,0.05148887724042426
5,0.5,0.3333333333333333,0.0,0.8957390000000001,0.023844022655928193
5,0.5,0.3333333333333333,0.05555555555555555,0.8657889999999999,0.028277023695379783
5,0.5,0.3333333333333333,0.1111111111111111,0.8284429999999999,0.034868331642789435
5,0.5,0.3333333333333333,0.16666666666666666,0.785151,0.03724821644896072
5,0.5,0.3333333333333333,0.2222222222222222,0.7409870000000001,0.043889875280662995
5,0.5,0.3333333333333333,0.2777777777777778,0.688497,0.050141501385191495
5,0.5,0.3333333333333333,0.3333333333333333,0.639627,0.054524258507253134
5,0.5,0.3333333333333333,0.38888888888888884,0.596216,0.05607660768921324
5,0.5,0.3333333333333333,0.4444444444444444,0.55335,0.05592026981852445
5,0.5,0.3333333333333333,0.5,0.5154829999999999,0.055575267172739
5,0.5,0.4444444444444444,0.0,0.8957390000000001,0.023844022655928193
5,0.5,0.4444444444444444,0.05555555555555555,0.8680820000000001,0.027853313682272774
5,0.5,0.4444444444444444,0.1111111111111111,0.8341189999999999,0.03462270310895107
5,0.5,0.4444444444444444,0.16666666666666666,0.796788,0.03800952222509222
5,0.5,0.4444444444444444,0.2222222222222222,0.753561,0.04482128095253668
5,0.5,0.4444444444444444,0.2777777777777778,0.70604,0.049540070837844175
5,0.5,0.4444444444444444,0.3333333333333333,0.653606,0.05521956142495125
5,0.5,0.4444444444444444,0.38888888888888884,0.603105,0.0588961011080167
5,0.5,0.4444444444444444,0.4444444444444444,0.558015,0.06159484312586321
5,0.5,0.4444444444444444,0.5,0.515246,0.059804013276735894
5,0.5,0.5555555555555556,0.0,0.8957390000000001,0.023844022655928193
5,0.5,0.5555555555555556,0.05555555555555555,0.871461,0.027610810126395
5,0.5,0.5555555555555556,0.1111111111111111,0.843519,0.03319420874933599
5,0.5,0.5555555555555556,0.16666666666666666,0.807335,0.03733752624191733
5,0.5,0.5555555555555556,0.2222222222222222,0.768116,0.043621639026879676
5,0.5,0.5555555555555556,0.2777777777777778,0.722441,0.04944547880620002
5,0.5,0.5555555555555556,0.3333333333333333,0.667578,0.0588350871800449
5,0.5,0.5555555555555556,0.38888888888888884,0.6183930000000001,0.06307932745799176
5,0.5,0.5555555555555556,0.4444444444444444,0.5618609999999999,0.06848029811727041
5,0.5,0.5555555555555556,0.5,0.5144460000000001,0.06527572292976926
5,0.5,0.6666666666666666,0.0,0.8957390000000001,0.023844022655928193
5,0.5,0.6666666666666666,0.05555555555555555,0.874755,0.027567171126612264
5,0.5,0.6666666666666666,0.1111111111111111,0.848377,0.031135739999320802
5,0.5,0.6666666666666666,0.16666666666666666,0.8174389999999999,0.0367650642451356
5,0.5,0.6666666666666666,0.2222222222222222,0.7813420000000001,0.042982234801235135
5,0.5,0.6666666666666666,0.2777777777777778,0.7391530000000001,0.05098854206998297
5,0.5,0.6666666666666666,0.3333333333333333,0.688615,0.05790433219273569
5,0.5,0.6666666666666666,0.38888888888888884,0.6331370000000001,0.07034994915667207
5,0.5,0.6666666666666666,0.4444444444444444,0.5688,0.07441252060791399
5,0.5,0.6666666666666666,0.5,0.515957,0.07010994619564014
5,0.5,0.7777777777777777,0.0,0.8957390000000001,0.023844022655928193
5,0.5,0.7777777777777777,0.05555555555555555,0.8774010000000001,0.02762555647168707
5,0.5,0.7777777777777777,0.1111111111111111,0.8552369999999999,0.031387035173411605
5,0.5,0.7777777777777777,0.16666666666666666,0.8300360000000001,0.03676566901905116
5,0.5,0.7777777777777777,0.2222222222222222,0.796626,0.042155892153330626
5,0.5,0.7777777777777777,0.2777777777777778,0.7577429999999999,0.05028366930125922
5,0.5,0.7777777777777777,0.3333333333333333,0.7146809999999999,0.06015206987719134
5,0.5,0.7777777777777777,0.38888888888888884,0.648043,0.07675155993823808
5,0.5,0.7777777777777777,0.4444444444444444,0.577918,0.0821149446820744
5,0.5,0.7777777777777777,0.5,0.5172180000000001,0.07099449763675136
5,0.5,0.8888888888888888,0.0,0.8957390000000001,0.023844022655928193
5,0.5,0.8888888888888888,0.05555555555555555,0.8804100000000001,0.025531505199610904
5,0.5,0.8888888888888888,0.1111111111111111,0.8614959999999998,0.029806751356470016
5,0.5,0.8888888888888888,0.16666666666666666,0.8393160000000001,0.033588365877522564
5,0.5,0.8888888888888888,0.2222222222222222,0.8145800000000001,0.03993760899969616
5,0.5,0.8888888888888888,0.2777777777777778,0.780794,0.0493458263136263
5,0.5,0.8888888888888888,0.3333333333333333,0.7369680000000001,0.06613703261473924
5,0.5,0.8888888888888888,0.38888888888888884,0.668254,0.08513587728802471
5,0.5,0.8888888888888888,0.4444444444444444,0.5809189999999999,0.08752459650860432
5,0.5,0.8888888888888888,0.5,0.5171939999999999,0.07288116373952894
5,0.5,1.0,0.0,0.8957390000000001,0.023844022655928193
5,0.5,1.0,0.05555555555555555,0.8826080000000001,0.02639259185652114
5,0.5,1.0,0.1111111111111111,0.868456,0.028770258806479175
5,0.5,1.0,0.16666666666666666,0.852147,0.032888433225680434
5,0.5,1.0,0.2222222222222222,0.832245,0.03733240795453306
5,0.5,1.0,0.2777777777777778,0.805167,0.0468544603154433
5,0.5,1.0,0.3333333333333333,0.7623070000000001,0.06941526655016338
5,0.5,1.0,0.38888888888888884,0.6744359999999999,0.09217311857471129
5,0.5,1.0,0.4444444444444444,0.581009,0.0866210143043772
5,0.5,1.0,0.5,0.5183289999999999,0.07270457147740926
5,1.0,0.0,0.0,0.8957390000000001,0.023844022655928193
5,1.0,0.0,0.05555555555555555,0.857069,0.02876987912635271
5,1.0,0.0,0.1111111111111111,0.8097219999999999,0.03475593029528472
5,1.0,0.0,0.16666666666666666,0.758545,0.03967127152972016
5,1.0,0.0,0.2222222222222222,0.707238,0.04398108333922315
5,1.0,0.0,0.2777777777777778,0.657602,0.048691030102190405
5,1.0,0.0,0.3333333333333333,0.613794,0.04860230187704846
5,1.0,0.0,0.38888888888888884,0.576339,0.04958938582182871
5,1.0,0.0,0.4444444444444444,0.5448630000000001,0.047515913050187646
5,1.0,0.0,0.5,0.516722,0.047036423558144184
5,1.0,0.1111111111111111,0.0,0.8957390000000001,0.023844022655928193
5,1.0,0.1111111111111111,0.05555555555555555,0.859381,0.028606190818652417
5,1.0,0.1111111111111111,0.1111111111111111,0.8166880000000001,0.034594326462924846
5,1.0,0.1111111111111111,0.16666666666666666,0.769004,0.04084235647072879
5,1.0,0.1111111111111111,0.2222222222222222,0.717882,0.04465113436184796
5,1.0,0.1111111111111111,0.2777777777777778,0.6698930000000001,0.04788915244522418
5,1.0,0.1111111111111111,0.3333333333333333,0.6254649999999999,0.04905579727459586
5,1.0,0.1111111111111111,0.38888888888888884,0.585838,0.049568506057705554
5,1.0,0.1111111111111111,0.4444444444444444,0.5522699999999999,0.04940165608179166
5,1.0,0.1111111111111111,0.5,0.522557,0.04789971956216585
5,1.0,0.2222222222222222,0.0,0.8957390000000001,0.023844022655928193
5,1.0,0.2222222222222222,0.05555555555555555,0.8624010000000001,0.028040015004301304
5,1.0,0.2222222222222222,0.1111111111111111,0.822109,0.03287189803891281
5,1.0,0.2222222222222222,0.16666666666666666,0.780706,0.0398805218122835
5,1.0,0.2222222222222222,0.2222222222222222,0.7330990000000001,0.043418640897400024
5,1.0,0.2222222222222222,0.2777777777777778,0.68507,0.04735548164301194
5,1.0,0.2222222222222222,0.3333333333333333,0.638933,0.04960813923620275
5,1.0,0.2222222222222222,0.38888888888888884,0.59701,0.05230443244748626
5,1.0,0.2222222222222222,0.4444444444444444,0.560659,0.050846613428006164
5,1.0,0.2222222222222222,0.5,0.5281600000000001,0.049984786474275136
5,1.0,0.3333333333333333,0.0,0.8957390000000001,0.023844022655928193
5,1.0,0.3333333333333333,0.05555555555555555,0.866173,0.027824904245950192
5,1.0,0.3333333333333333,0.1111111111111111,0.832374,0.032621224199411464
5,1.0,0.3333333333333333,0.16666666666666666,0.791895,0.0379253517756567
5,1.0,0.3333333333333333,0.2222222222222222,0.746966,0.04329447141674392
5,1.0,0.3333333333333333,0.2777777777777778,0.700328,0.0476665345343514
5,1.0,0.3333333333333333,0.3333333333333333,0.6538409999999999,0.05304465528641368
5,1.0,0.3333333333333333,0.38888888888888884,0.610327,0.05260290045364549
5,1.0,0.3333333333333333,0.4444444444444444,0.5692460000000001,0.05372975312031845
5,1.0,0.3333333333333333,0.5,0.53493,0.054038220078285605
5,1.0,0.4444444444444444,0.0,0.8957390000000001,0.023844022655928193
5,1.0,0.4444444444444444,0.05555555555555555,0.8698210000000001,0.028288924020227826
5,1.0,0.4444444444444444,0.1111111111111111,0.8396279999999999,0.031570402377960056
5,1.0,0.4444444444444444,0.16666666666666666,0.802641,0.03796239273626284
5,1.0,0.4444444444444444,0.2222222222222222,0.763741,0.0420575172086246
5,1.0,0.4444444444444444,0.2777777777777778,0.717947,0.047206425808756565
5,1.0,0.4444444444444444,0.3333333333333333,0.671241,0.053487473569321146
5,1.0,0.4444444444444444,0.38888888888888884,0.6256820000000001,0.05405105357337998
5,1.0,0.4444444444444444,0.4444444444444444,0.5842630000000001,0.055671888688908246
5,1.0,0.4444444444444444,0.5,0.543442,0.058559284710674404
5,1.0,0.5555555555555556,0.0,0.8957390000000001,0.023844022655928193
5,1.0,0.5555555555555556,0.05555555555555555,0.8729410000000001,0.02705822733784805
5,1.0,0.5555555555555556,0.1111111111111111,0.8462149999999999,0.032012397107504593
5,1.0,0.5555555555555556,0.16666666666666666,0.815358,0.03636867493484627
5,1.0,0.5555555555555556,0.2222222222222222,0.78103,0.04138995322814738
5,1.0,0.5555555555555556,0.2777777777777778,0.7370429999999999,0.04796104056849072
5,1.0,0.5555555555555556,0.3333333333333333,0.693578,0.05101796496087185
5,1.0,0.5555555555555556,0.38888888888888884,0.6467470000000001,0.05790644305383596
5,1.0,0.5555555555555556,0.4444444444444444,0.600196,0.06085118281882818
5,1.0,0.5555555555555556,0.5,0.5538489999999999,0.06287128913898615
5,1.0,0.6666666666666666,0.0,0.8957390000000001,0.023844022655928193
5,1.0,0.6666666666666666,0.05555555555555555,0.8766349999999999,0.026011966426962
5,1.0,0.6666666666666666,0.1111111111111111,0.854413,0.030038654293289373
5,1.0,0.6666666666666666,0.16666666666666666,0.8262039999999999,0.03542540533774233
5,1.0,0.6666666666666666,0.2222222222222222,0.7977460000000001,0.03827464477212599
5,1.0,0.6666666666666666,0.2777777777777778,0.762485,0.0446420955118786
5,1.0,0.6666666666666666,0.3333333333333333,0.720778,0.050609446075135345
5,1.0,0.6666666666666666,0.38888888888888884,0.674553,0.061206400109910186
5,1.0,0.6666666666666666,0.4444444444444444,0.6193589999999999,0.07106909972650516
5,1.0,0.6666666666666666,0.5,0.559826,0.06769413726623762
5,1.0,0.7777777777777777,0.0,0.8957390000000001,0.023844022655928193
5,1.0,0.7777777777777777,0.05555555555555555,0.878942,0.027942967727953422
5,1.0,0.7777777777777777,0.1111111111111111,0.8615250000000001,0.029298050289238556
5,1.0,0.7777777777777777,0.16666666666666666,0.8396910000000001,0.03320081042403653
5,1.0,0.7777777777777777,0.2222222222222222,0.8143130000000001,0.0390356864396646
5,1.0,0.7777777777777777,0.2777777777777778,0.7844470000000001,0.0441882766669486
5,1.0,0.7777777777777777,0.3333333333333333,0.748774,0.05101024376504164
5,1.0,0.7777777777777777,0.38888888888888884,0.6975150000000001,0.06682156011270535
5,1.0,0.7777777777777777,0.4444444444444444,0.6259239999999999,0.07710893600622441
5,1.0,0.7777777777777777,0.5,0.5608339999999999,0.069267903725221
5,1.0,0.8888888888888888,0.0,0.8957390000000001,0.023844022655928193
5,1.0,0.8888888888888888,0.05555555555555555,0.8827280000000001,0.024598111372279866
5,1.0,0.8888888888888888,0.1111111111111111,0.868482,0.028393271277784366
5,1.0,0.8888888888888888,0.16666666666666666,0.850864,0.03182792045548249
5,1.0,0.8888888888888888,0.2222222222222222,0.83161,0.03585511803758968
5,1.0,0.8888888888888888,0.2777777777777778,0.808787,0.04075196134363784
5,1.0,0.8888888888888888,0.3333333333333333,0.775212,0.05571897037508553
5,1.0,0.8888888888888888,0.38888888888888884,0.706883,0.07498342366700006
5,1.0,0.8888888888888888,0.4444444444444444,0.6273029999999999,0.07857894018654642
5,1.0,0.8888888888888888,0.5,0.561894,0.07118686911456588
5,1.0,1.0,0.0,0.8957390000000001,0.023844022655928193
5,1.0,1.0,0.05555555555555555,0.885605,0.025942551744016853
5,1.0,1.0,0.1111111111111111,0.8754019999999999,0.02698159377061339
5,1.0,1.0,0.16666666666666666,0.8626240000000001,0.029800515007205753
5,1.0,1.0,0.2222222222222222,0.850058,0.03341189894320572
5,1.0,1.0,0.2777777777777778,0.832078,0.04149783109978142
5,1.0,1.0,0.3333333333333333,0.787516,0.06375578832188136
5,1.0,1.0,0.38888888888888884,0.709053,0.07946216978806599
5,1.0,1.0,0.4444444444444444,0.6255470000000001,0.07930556830490633
5,1.0,1.0,0.5,0.5612079999999999,0.07037598678182434
5,2.0,0.0,0.0,0.8957390000000001,0.023844022655928193
5,2.0,0.0,0.05555555555555555,0.857069,0.02876987912635271
5,2.0,0.0,0.1111111111111111,0.8097219999999999,0.03475593029528472
5,2.0,0.0,0.16666666666666666,0.758545,0.03967127152972016
5,2.0,0.0,0.2222222222222222,0.707238,0.04398108333922315
5,2.0,0.0,0.2777777777777778,0.657602,0.048691030102190405
5,2.0,0.0,0.3333333333333333,0.613794,0.04860230187704846
5,2.0,0.0,0.38888888888888884,0.576339,0.04958938582182871
5,2.0,0.0,0.4444444444444444,0.5448630000000001,0.047515913050187646
5,2.0,0.0,0.5,0.516722,0.047036423558144184
5,2.0,0.1111111111111111,0.0,0.8957390000000001,0.023844022655928193
5,2.0,0.1111111111111111,0.05555555555555555,0.860802,0.028558332836045856
5,2.0,0.1111111111111111,0.1111111111111111,0.819514,0.03537724343915666
5,2.0,0.1111111111111111,0.16666666666666666,0.771276,0.0387181471524519
5,2.0,0.1111111111111111,0.2222222222222222,0.721984,0.04305326151788419
5,2.0,0.1111111111111111,0.2777777777777778,0.674498,0.046755642291450614
5,2.0,0.1111111111111111,0.3333333333333333,0.630186,0.04847718475160703
5,2.0,0.1111111111111111,0.38888888888888884,0.5906549999999999,0.049749522510170785
5,2.0,0.1111111111111111,0.4444444444444444,0.5565340000000001,0.04952790988783857
5,2.0,0.1111111111111111,0.5,0.5270199999999999,0.047367365002364936
5,2.0,0.2222222222222222,0.0,0.8957390000000001,0.023844022655928193
5,2.0,0.2222222222222222,0.05555555555555555,0.8629840000000001,0.02936348000421542
5,2.0,0.2222222222222222,0.1111111111111111,0.825916,0.03411308614955037
5,2.0,0.2222222222222222,0.16666666666666666,0.783175,0.0393224698058455
5,2.0,0.2222222222222222,0.2222222222222222,0.738846,0.043730362777235555
5,2.0,0.2222222222222222,0.2777777777777778,0.694401,0.04585718133597048
5,2.0,0.2222222222222222,0.3333333333333333,0.6490070000000001,0.050755088710690184
5,2.0,0.2222222222222222,0.38888888888888884,0.609143,0.05006174916770018
5,2.0,0.2222222222222222,0.4444444444444444,0.5722119999999999,0.05054720641218538
5,2.0,0.2222222222222222,0.5,0.5413620000000001,0.049673437634276986
5,2.0,0.3333333333333333,0.0,0.8957390000000001,0.023844022655928193
5,2.0,0.3333333333333333,0.05555555555555555,0.8670460000000001,0.028053321957887158
5,2.0,0.3333333333333333,0.1111111111111111,0.835446,0.032099274874168846
5,2.0,0.3333333333333333,0.16666666666666666,0.797062,0.037049761683995215
5,2.0,0.3333333333333333,0.2222222222222222,0.755689,0.042156416385201
5,2.0,0.3333333333333333,0.2777777777777778,0.712101,0.046618516547452304
5,2.0,0.3333333333333333,0.3333333333333333,0.6717860000000001,0.04853305741102307
5,2.0,0.3333333333333333,0.38888888888888884,0.6294169999999999,0.05162910686498146
5,2.0,0.3333333333333333,0.4444444444444444,0.5924159999999999,0.051143079283110814
5,2.0,0.3333333333333333,0.5,0.55787,0.050943010220149826
5,2.0,0.4444444444444444,0.0,0.8957390000000001,0.023844022655928193
5,2.0,0.4444444444444444,0.05555555555555555,0.871258,0.027878210678424675
5,2.0,0.4444444444444444,0.1111111111111111,0.843952,0.030665813018540503
5,2.0,0.4444444444444444,0.16666666666666666,0.812584,0.03512906197146451
5,2.0,0.4444444444444444,0.2222222222222222,0.7759839999999999,0.040202611780753676
5,2.0,0.4444444444444444,0.2777777777777778,0.73648,0.04595157393547197
5,2.0,0.4444444444444444,0.3333333333333333,0.6965180000000001,0.04824285490151934
5,2.0,0.4444444444444444,0.38888888888888884,0.6558240000000001,0.050905484894973665
5,2.0,0.4444444444444444,0.4444444444444444,0.614345,0.05367749293929671
5,2.0,0.4444444444444444,0.5,0.573354,0.05742510188346491
5,2.0,0.5555555555555556,0.0,0.8957390000000001,0.023844022655928193
5,2.0,0.5555555555555556,0.05555555555555555,0.875686,0.027195201469799483
5,2.0,0.5555555555555556,0.1111111111111111,0.8525619999999999,0.029575375887025666
5,2.0,0.5555555555555556,0.16666666666666666,0.826129,0.03441340787602473
5,2.0,0.5555555555555556,0.2222222222222222,0.7944200000000001,0.03823175731335492
5,2.0,0.5555555555555556,0.2777777777777778,0.7597900000000001,0.04314344976073724
5,2.0,0.5555555555555556,0.3333333333333333,0.724086,0.04851754895454383
5,2.0,0.5555555555555556,0.38888888888888884,0.6838589999999999,0.052831887410231024
5,2.0,0.5555555555555556,0.4444444444444444,0.632915,0.06111386650899843
5,2.0,0.5555555555555556,0.5,0.5807819999999999,0.06309657402469371
5,2.0,0.6666666666666666,0.0,0.8957390000000001,0.023844022655928193
5,2.0,0.6666666666666666,0.05555555555555555,0.8793629999999999,0.026763510915358574
5,2.0,0.6666666666666666,0.1111111111111111,0.860366,0.029747957660736738
5,2.0,0.6666666666666666,0.16666666666666666,0.8376779999999999,0.031763835682380316
5,2.0,0.6666666666666666,0.2222222222222222,0.8134359999999999,0.03732947084266522
5,2.0,0.6666666666666666,0.2777777777777778,0.785395,0.04077294946908315
5,2.0,0.6666666666666666,0.3333333333333333,0.752086,0.04760704816552939
5,2.0,0.6666666666666666,0.38888888888888884,0.7023140000000001,0.06132849736124788
5,2.0,0.6666666666666666,0.4444444444444444,0.6369929999999999,0.06718264998836723
5,2.0,0.6666666666666666,0.5,0.58002,0.06266490637103425
5,2.0,0.7777777777777777,0.0,0.8957390000000001,0.023844022655928193
5,2.0,0.7777777777777777,0.05555555555555555,0.882473,0.025749763519716494
5,2.0,0.7777777777777777,0.1111111111111111,0.867397,0.028901707556815745
5,2.0,0.7777777777777777,0.16666666666666666,0.852209,0.03085412932325747
5,2.0,0.7777777777777777,0.2222222222222222,0.8330960000000001,0.03351109932213173
5,2.0,0.7777777777777777,0.2777777777777778,0.809732,0.03977645462258221
5,2.0,0.7777777777777777,0.3333333333333333,0.7726839999999999,0.051743033207239456
5,2.0,0.7777777777777777,0.38888888888888884,0.707499,0.06626754398939488
5,2.0,0.7777777777777777,0.4444444444444444,0.636942,0.06844949941358205
5,2.0,0.7777777777777777,0.5,0.5807249999999999,0.0634183511474578
5,2.0,0.8888888888888888,0.0,0.8957390000000001,0.023844022655928193
5,2.0,0.8888888888888888,0.05555555555555555,0.8860060000000001,0.024543030055890105
5,2.0,0.8888888888888888,0.1111111111111111,0.877289,0.025606623716885817
5,2.0,0.8888888888888888,0.16666666666666666,0.8643310000000001,0.029246859965094005
5,2.0,0.8888888888888888,0.2222222222222222,0.8533639999999999,0.03257180416290179
5,2.0,0.8888888888888888,0.2777777777777778,0.831299,0.04064398519501418
5,2.0,0.8888888888888888,0.3333333333333333,0.782286,0.058488161785690176
5,2.0,0.8888888888888888,0.38888888888888884,0.707778,0.0666847476682005
5,2.0,0.8888888888888888,0.4444444444444444,0.6375689999999999,0.06691146675558221
5,2.0,0.8888888888888888,0.5,0.580816,0.061889324058616385
5,2.0,1.0,0.0,0.8957390000000001,0.023844022655928193
5,2.0,1.0,0.05555555555555555,0.889297,0.024493728457173167
5,2.0,1.0,0.1111111111111111,0.883669,0.025805995202440642
5,2.0,1.0,0.16666666666666666,0.87789,0.027152406028806253
5,2.0,1.0,0.2222222222222222,0.8704939999999999,0.02855327044759066
5,2.0,1.0,0.2777777777777778,0.844735,0.04606052916920676
5,2.0,1.0,0.3333333333333333,0.781121,0.06090686336534664
5,2.0,1.0,0.38888888888888884,0.708131,0.06791393186336027
5,2.0,1.0,0.4444444444444444,0.637488,0.06854099301676131
5,2.0,1.0,0.5,0.580452,0.06358163508687331
5,3.0,0.0,0.0,0.8957390000000001,0.023844022655928193
5,3.0,0.0,0.05555555555555555,0.857069,0.02876987912635271
5,3.0,0.0,0.1111111111111111,0.8097219999999999,0.03475593029528472
5,3.0,0.0,0.16666666666666666,0.758545,0.03967127152972016
5,3.0,0.0,0.2222222222222222,0.707238,0.04398108333922315
5,3.0,0.0,0.2777777777777778,0.657602,0.048691030102190405
5,3.0,0.0,0.3333333333333333,0.613794,0.04860230187704846
5,3.0,0.0,0.38888888888888884,0.576339,0.04958938582182871
5,3.0,0.0,0.4444444444444444,0.5448630000000001,0.047515913050187646
5,3.0,0.0,0.5,0.516722,0.047036423558144184
5,3.0,0.1111111111111111,0.0,0.8957390000000001,0.023844022655928193
5,3.0,0.1111111111111111,0.05555555555555555,0.859558,0.028136743100655996
5,3.0,0.1111111111111111,0.1111111111111111,0.818839,0.034169586471592524
5,3.0,0.1111111111111111,0.16666666666666666,0.774103,0.03786973075567752
5,3.0,0.1111111111111111,0.2222222222222222,0.724745,0.04348867944925714
5,3.0,0.1111111111111111,0.2777777777777778,0.676191,0.048661982157609515
5,3.0,0.1111111111111111,0.3333333333333333,0.6331610000000001,0.0495899207424174
5,3.0,0.1111111111111111,0.38888888888888884,0.594087,0.048674106048284024
5,3.0,0.1111111111111111,0.4444444444444444,0.5598320000000001,0.04803381124815126
5,3.0,0.1111111111111111,0.5,0.530732,0.047639140039086175
5,3.0,0.2222222222222222,0.0,0.8957390000000001,0.023844022655928193
5,3.0,0.2222222222222222,0.05555555555555555,0.864876,0.028436195969947214
5,3.0,0.2222222222222222,0.1111111111111111,0.8269110000000001,0.03441891544980376
5,3.0,0.2222222222222222,0.16666666666666666,0.786396,0.03825850097555962
5,3.0,0.2222222222222222,0.2222222222222222,0.7424059999999999,0.04185655426734427
5,3.0,0.2222222222222222,0.2777777777777778,0.6982079999999999,0.045260106199756234
5,3.0,0.2222222222222222,0.3333333333333333,0.654655,0.04863565978171163
5,3.0,0.2222222222222222,0.38888888888888884,0.6149560000000001,0.04929584307164393
5,3.0,0.2222222222222222,0.4444444444444444,0.579037,0.04956733351262252
5,3.0,0.2222222222222222,0.5,0.5477799999999999,0.04863864016723038
5,3.0,0.3333333333333333,0.0,0.8957390000000001,0.023844022655928193
5,3.0,0.3333333333333333,0.05555555555555555,0.867386,0.028248380041605497
5,3.0,0.3333333333333333,0.1111111111111111,0.83847,0.032671463458567696
5,3.0,0.3333333333333333,0.16666666666666666,0.8000659999999999,0.03730771380706018
5,3.0,0.3333333333333333,0.2222222222222222,0.762076,0.04183470289563877
5,3.0,0.3333333333333333,0.2777777777777778,0.720585,0.04427361435356197
5,3.0,0.3333333333333333,0.3333333333333333,0.6807239999999999,0.047141087239329825
5,3.0,0.3333333333333333,0.38888888888888884,0.638722,0.05067704489094524
5,3.0,0.3333333333333333,0.4444444444444444,0.601515,0.0501553520009015
5,3.0,0.3333333333333333,0.5,0.567574,0.05276480501857889
5,3.0,0.4444444444444444,0.0,0.8957390000000001,0.023844022655928193
5,3.0,0.4444444444444444,0.05555555555555555,0.87226,0.02782417266666855
5,3.0,0.4444444444444444,0.1111111111111111,0.8461960000000001,0.031935144236991286
5,3.0,0.4444444444444444,0.16666666666666666,0.815951,0.034719649379754
5,3.0,0.4444444444444444,0.2222222222222222,0.78253,0.039147562269337174
5,3.0,0.4444444444444444,0.2777777777777778,0.7456659999999999,0.04265878826474349
5,3.0,0.4444444444444444,0.3333333333333333,0.706745,0.048995597185293525
5,3.0,0.4444444444444444,0.38888888888888884,0.6659169999999999,0.05274793318657571
5,3.0,0.4444444444444444,0.4444444444444444,0.6178899999999998,0.05637083972739427
5,3.0,0.4444444444444444,0.5,0.5721589999999999,0.0564729928188503
5,3.0,0.5555555555555556,0.0,0.8957390000000001,0.023844022655928193
5,3.0,0.5555555555555556,0.05555555555555555,0.875787,0.02721698725787622
5,3.0,0.5555555555555556,0.1111111111111111,0.855489,0.030961144543951727
5,3.0,0.5555555555555556,0.16666666666666666,0.830163,0.033294548472054056
5,3.0,0.5555555555555556,0.2222222222222222,0.8006949999999999,0.037110013852437826
5,3.0,0.5555555555555556,0.2777777777777778,0.7710430000000001,0.04089789467428353
5,3.0,0.5555555555555556,0.3333333333333333,0.732908,0.048838004532194876
5,3.0,0.5555555555555556,0.38888888888888884,0.677891,0.05685129011894267
5,3.0,0.5555555555555556,0.4444444444444444,0.619266,0.060026931259864316
5,3.0,0.5555555555555556,0.5,0.571345,0.056084734754409525
5,3.0,0.6666666666666666,0.0,0.8957390000000001,0.023844022655928193
5,3.0,0.6666666666666666,0.05555555555555555,0.881101,0.025504534504285335
5,3.0,0.6666666666666666,0.1111111111111111,0.863467,0.028597705148136286
5,3.0,0.6666666666666666,0.16666666666666666,0.844892,0.03188191952804587
5,3.0,0.6666666666666666,0.2222222222222222,0.821903,0.035087900361118085
5,3.0,0.6666666666666666,0.2777777777777778,0.7955409999999999,0.03984035105985603
5,3.0,0.6666666666666666,0.3333333333333333,0.744348,0.05469552537910663
5,3.0,0.6666666666666666,0.38888888888888884,0.6805180000000001,0.05995738957430155
5,3.0,0.6666666666666666,0.4444444444444444,0.620653,0.05835060740373132
5,3.0,0.6666666666666666,0.5,0.5720550000000001,0.05669382828108511
5,3.0,0.7777777777777777,0.0,0.8957390000000001,0.023844022655928193
5,3.0,0.7777777777777777,0.05555555555555555,0.883212,0.0260560544590691
5,3.0,0.7777777777777777,0.1111111111111111,0.87225,0.028321857771474463
5,3.0,0.7777777777777777,0.16666666666666666,0.857086,0.03038057905280253
5,3.0,0.7777777777777777,0.2222222222222222,0.8424759999999999,0.031208258192013526
5,3.0,0.7777777777777777,0.2777777777777778,0.8087880000000001,0.043779969640712874
5,3.0,0.7777777777777777,0.3333333333333333,0.744988,0.053663540990430664
5,3.0,0.7777777777777777,0.38888888888888884,0.6795119999999999,0.05929534377835914
5,3.0,0.7777777777777777,0.4444444444444444,0.6187239999999999,0.05925437456344387
5,3.0,0.7777777777777777,0.5,0.5710299999999999,0.05660170362147108
5,3.0,0.8888888888888888,0.0,0.8957390000000001,0.023844022655928193
5,3.0,0.8888888888888888,0.05555555555555555,0.887821,0.02472238166429675
5,3.0,0.8888888888888888,0.1111111111111111,0.880186,0.02593213990167184
5,3.0,0.8888888888888888,0.16666666666666666,0.872573,0.02786692010675448
5,3.0,0.8888888888888888,0.2222222222222222,0.8569349999999999,0.03301327992871433
5,3.0,0.8888888888888888,0.2777777777777778,0.812382,0.04688057021692316
5,3.0,0.8888888888888888,0.3333333333333333,0.746149,0.056358416142312504
5,3.0,0.8888888888888888,0.38888888888888884,0.679554,0.05948971432197426
5,3.0,0.8888888888888888,0.4444444444444444,0.619178,0.058101050317942174
5,3.0,0.8888888888888888,0.5,0.572513,0.0562609022334349
5,3.0,1.0,0.0,0.8957390000000001,0.023844022655928193
5,3.0,1.0,0.05555555555555555,0.890887,0.024589364934212286
5,3.0,1.0,0.1111111111111111,0.888471,0.02480892262154168
5,3.0,1.0,0.16666666666666666,0.8855160000000001,0.026285979089558327
5,3.0,1.0,0.2222222222222222,0.866216,0.03616270295601652
5,3.0,1.0,0.2777777777777778,0.812957,0.04552559423808469
5,3.0,1.0,0.3333333333333333,0.746767,0.05528134167816243
5,3.0,1.0,0.38888888888888884,0.680611,0.05825285464313379
5,3.0,1.0,0.4444444444444444,0.620831,0.05877600750355589
5,3.0,1.0,0.5,0.5721710000000001,0.057864929872152346
6,0.0,0.0,0.0,0.894531,0.023989842674589434
6,0.0,0.0,0.05555555555555555,0.861202,0.028705281555650865
6,0.0,0.0,0.1111111111111111,0.820609,0.034756497710976754
6,0.0,0.0,0.16666666666666666,0.777858,0.03797683604614892
6,0.0,0.0,0.2222222222222222,0.7353660000000001,0.041577863855214635
6,0.0,0.0,0.2777777777777778,0.694378,0.046704822625254196
6,0.0,0.0,0.3333333333333333,0.660112,0.0480487266858981
6,0.0,0.0,0.38888888888888884,0.6284959999999999,0.04919919251923293
6,0.0,0.0,0.4444444444444444,0.601174,0.04837261243341767
6,0.0,0.0,0.5,0.5775479999999998,0.04869853430282315
6,0.0,0.1111111111111111,0.0,0.894531,0.023989842674589434
6,0.0,0.1111111111111111,0.05555555555555555,0.8622829999999999,0.028601835185455785
6,0.0,0.1111111111111111,0.1111111111111111,0.823258,0.03444796217627535
6,0.0,0.1111111111111111,0.16666666666666666,0.783442,0.03940369636578892
6,0.0,0.1111111111111111,0.2222222222222222,0.742234,0.043087884721923986
6,0.0,0.1111111111111111,0.2777777777777778,0.6992229999999999,0.04651566379165171
6,0.0,0.1111111111111111,0.3333333333333333,0.661845,0.04930488765778649
6,0.0,0.1111111111111111,0.38888888888888884,0.628208,0.05080428930525268
6,0.0,0.1111111111111111,0.4444444444444444,0.598422,0.05100897795321753
6,0.0,0.1111111111111111,0.5,0.573304,0.05038736419451279
6,0.0,0.2222222222222222,0.0,0.894531,0.023989842674589434
6,0.0,0.2222222222222222,0.05555555555555555,0.864664,0.02827466287262434
6,0.0,0.2222222222222222,0.1111111111111111,0.830779,0.03297980938129913
6,0.0,0.2222222222222222,0.16666666666666666,0.788711,0.039138539884675104
6,0.0,0.2222222222222222,0.2222222222222222,0.7468319999999999,0.04320945304945242
6,0.0,0.2222222222222222,0.2777777777777778,0.7056549999999999,0.04837743638672218
6,0.0,0.2222222222222222,0.3333333333333333,0.663826,0.05133742548331826
6,0.0,0.2222222222222222,0.38888888888888884,0.627383,0.052009338414195215
6,0.0,0.2222222222222222,0.4444444444444444,0.594172,0.052177302410980266
6,0.0,0.2222222222222222,0.5,0.567852,0.05281817732424941
6,0.0,0.3333333333333333,0.0,0.894531,0.023989842674589434
6,0.0,0.3333333333333333,0.05555555555555555,0.866292,0.029220893151931503
6,0.0,0.3333333333333333,0.1111111111111111,0.83296,0.03406718322628057
6,0.0,0.3333333333333333,0.16666666666666666,0.7944439999999999,0.03897663456536546
6,0.0,0.3333333333333333,0.2222222222222222,0.753586,0.04403104969606491
6,0.0,0.3333333333333333,0.2777777777777778,0.7094849999999999,0.0495096251043974
6,0.0,0.3333333333333333,0.3333333333333333,0.666736,0.053437213997736065
6,0.0,0.3333333333333333,0.38888888888888884,0.627321,0.05573814402812225
6,0.0,0.3333333333333333,0.4444444444444444,0.5899970000000001,0.056291364423939026
6,0.0,0.3333333333333333,0.5,0.558899,0.0566894742919309
6,0.0,0.4444444444444444,0.0,0.894531,0.023989842674589434
6,0.0,0.4444444444444444,0.05555555555555555,0.869469,0.028932302312763118
6,0.0,0.4444444444444444,0.1111111111111111,0.836331,0.033003616130322405
6,0.0,0.4444444444444444,0.16666666666666666,0.800725,0.03887359684324993
6,0.0,0.4444444444444444,0.2222222222222222,0.759784,0.04482158317505439
6,0.0,0.4444444444444444,0.2777777777777778,0.715351,0.05164305184440404
6,0.0,0.4444444444444444,0.3333333333333333,0.669946,0.05500968232183448
6,0.0,0.4444444444444444,0.38888888888888884,0.6258060000000001,0.05859557838101614
6,0.0,0.4444444444444444,0.4444444444444444,0.5835940000000001,0.06217075169536208
6,0.0,0.4444444444444444,0.5,0.5485070000000001,0.06265680989985707
6,0.0,0.5555555555555556,0.0,0.894531,0.023989842674589434
6,0.0,0.5555555555555556,0.05555555555555555,0.869534,0.028146493015455226
6,0.0,0.5555555555555556,0.1111111111111111,0.8418910000000001,0.0321205673961381
6,0.0,0.5555555555555556,0.16666666666666666,0.805652,0.038351215257299356
6,0.0,0.5555555555555556,0.2222222222222222,0.768414,0.04443371421521004
6,0.0,0.5555555555555556,0.2777777777777778,0.721857,0.051953399375851306
6,0.0,0.5555555555555556,0.3333333333333333,0.672977,0.05885307260589845
6,0.0,0.5555555555555556,0.38888888888888884,0.623721,0.06590109341363853
6,0.0,0.5555555555555556,0.4444444444444444,0.572765,0.06924747640158439
6,0.0,0.5555555555555556,0.5,0.528931,0.07059811848295486
6,0.0,0.6666666666666666,0.0,0.894531,0.023989842674589434
6,0.0,0.6666666666666666,0.05555555555555555,0.8732239999999999,0.027730683634104945
6,0.0,0.6666666666666666,0.1111111111111111,0.8455509999999999,0.03307299838572581
6,0.0,0.6666666666666666,0.16666666666666666,0.8136369999999999,0.03869111310408674
6,0.0,0.6666666666666666,0.2222222222222222,0.7766890000000001,0.044601228105833016
6,0.0,0.6666666666666666,0.2777777777777778,0.7312139999999999,0.053612316537195864
6,0.0,0.6666666666666666,0.3333333333333333,0.6784450000000001,0.0641940951868383
6,0.0,0.6666666666666666,0.38888888888888884,0.6198309999999999,0.07302948544762412
6,0.0,0.6666666666666666,0.4444444444444444,0.554608,0.08213843837728509
6,0.0,0.6666666666666666,0.5,0.5028619999999999,0.0725879602135779
6,0.0,0.7777777777777777,0.0,0.894531,0.023989842674589434
6,0.0,0.7777777777777777,0.05555555555555555,0.875486,0.026975609121713793
6,0.0,0.7777777777777777,0.1111111111111111,0.8513419999999999,0.03157917478782941
6,0.0,0.7777777777777777,0.16666666666666666,0.821106,0.03693248939311798
6,0.0,0.7777777777777777,0.2222222222222222,0.787125,0.04258105824802293
6,0.0,0.7777777777777777,0.2777777777777778,0.741952,0.05383193822976815
6,0.0,0.7777777777777777,0.3333333333333333,0.682181,0.0734404502895968
6,0.0,0.7777777777777777,0.38888888888888884,0.609846,0.09279907301235261
6,0.0,0.7777777777777777,0.4444444444444444,0.5281410000000001,0.09126172155301926
6,0.0,0.7777777777777777,0.5,0.481999,0.06366119498365348
6,0.0,0.8888888888888888,0.0,0.894531,0.023989842674589434
6,0.0,0.8888888888888888,0.05555555555555555,0.8775409999999999,0.026871814479365073
6,0.0,0.8888888888888888,0.1111111111111111,0.8568239999999999,0.03099964519155022
6,0.0,0.8888888888888888,0.16666666666666666,0.830712,0.03593001561399635
6,0.0,0.8888888888888888,0.2222222222222222,0.7964159999999999,0.04451211376998706
6,0.0,0.8888888888888888,0.2777777777777778,0.754149,0.05564823020118901
6,0.0,0.8888888888888888,0.3333333333333333,0.6884760000000001,0.08657796005431849
6,0.0,0.8888888888888888,0.38888888888888884,0.587153,0.11626415158570566
6,0.0,0.8888888888888888,0.4444444444444444,0.498025,0.08497354222272882
6,0.0,0.8888888888888888,0.5,0.472346,0.05167518368238867
6,0.0,1.0,0.0,0.894531,0.023989842674589434
6,0.0,1.0,0.05555555555555555,0.8801410000000001,0.026930361367114335
6,0.0,1.0,0.1111111111111111,0.860515,0.03064749653795632
6,0.0,1.0,0.16666666666666666,0.837511,0.03733432376152983
6,0.0,1.0,0.2222222222222222,0.807935,0.04339421427832093
6,0.0,1.0,0.2777777777777778,0.76443,0.06483561333678241
6,0.0,1.0,0.3333333333333333,0.6797300000000001,0.12331011509395523
6,0.0,1.0,0.38888888888888884,0.543856,0.12568967801358694
6,0.0,1.0,0.4444444444444444,0.47832100000000005,0.06577659553001751
6,0.0,1.0,0.5,0.46947300000000003,0.04418941021302474
6,0.5,0.0,0.0,0.894531,0.023989842674589434
6,0.5,0.0,0.05555555555555555,0.861202,0.028705281555650865
6,0.5,0.0,0.1111111111111111,0.820609,0.034756497710976754
6,0.5,0.0,0.16666666666666666,0.777858,0.03797683604614892
6,0.5,0.0,0.2222222222222222,0.7353660000000001,0.041577863855214635
6,0.5,0.0,0.2777777777777778,0.694378,0.046704822625254196
6,0.5,0.0,0.3333333333333333,0.660112,0.0480487266858981
6,0.5,0.0,0.38888888888888884,0.6284959999999999,0.04919919251923293
6,0.5,0.0,0.4444444444444444,0.601174,0.04837261243341767
6,0.5,0.0,0.5,0.5775479999999998,0.04869853430282315
6,0.5,0.1111111111111111,0.0,0.894531,0.023989842674589434
6,0.5,0.1111111111111111,0.05555555555555555,0.862554,0.02928560620391409
6,0.5,0.1111111111111111,0.1111111111111111,0.8257629999999999,0.03320881895907555
6,0.5,0.1111111111111111,0.16666666666666666,0.784132,0.03860065526110387
6,0.5,0.1111111111111111,0.2222222222222222,0.74395,0.0437802262238126
6,0.5,0.1111111111111111,0.2777777777777778,0.7035609999999999,0.04534779709866513
6,0.5,0.1111111111111111,0.3333333333333333,0.665445,0.04940977940955921
6,0.5,0.1111111111111111,0.38888888888888884,0.634205,0.050076907568975065
6,0.5,0.1111111111111111,0.4444444444444444,0.6028399999999999,0.050373861534787324
6,0.5,0.1111111111111111,0.5,0.57826,0.05005046902327139
6,0.5,0.2222222222222222,0.0,0.894531,0.023989842674589434
6,0.5,0.2222222222222222,0.05555555555555555,0.8651099999999999,0.02822907686731505
6,0.5,0.2222222222222222,0.1111111111111111,0.831144,0.03300334050493198
6,0.5,0.2222222222222222,0.16666666666666666,0.793394,0.03834458333416951
6,0.5,0.2222222222222222,0.2222222222222222,0.752202,0.04266592993921002
6,0.5,0.2222222222222222,0.2777777777777778,0.712332,0.04633392502916852
6,0.5,0.2222222222222222,0.3333333333333333,0.673658,0.04943827645842014
6,0.5,0.2222222222222222,0.38888888888888884,0.6388489999999999,0.051607126392529304
6,0.5,0.2222222222222222,0.4444444444444444,0.6068429999999999,0.05229406295192621
6,0.5,0.2222222222222222,0.5,0.5794750000000001,0.05182873327212033
6,0.5,0.3333333333333333,0.0,0.894531,0.023989842674589434
6,0.5,0.3333333333333333,0.05555555555555555,0.867922,0.027468280296050997
6,0.5,0.3333333333333333,0.1111111111111111,0.835464,0.03252162911602615
6,0.5,0.3333333333333333,0.16666666666666666,0.7997519999999999,0.03715905396119888
6,0.5,0.3333333333333333,0.2222222222222222,0.7626179999999999,0.042798127946859506
6,0.5,0.3333333333333333,0.2777777777777778,0.7215909999999999,0.04748965135675336
6,0.5,0.3333333333333333,0.3333333333333333,0.6811560000000001,0.05064360214714627
6,0.5,0.3333333333333333,0.38888888888888884,0.6445150000000001,0.05371240822936352
6,0.5,0.3333333333333333,0.4444444444444444,0.610694,0.05452095834538218
6,0.5,0.3333333333333333,0.5,0.580349,0.05352360203662469
6,0.5,0.4444444444444444,0.0,0.894531,0.023989842674589434
6,0.5,0.4444444444444444,0.05555555555555555,0.8708440000000001,0.027942556261917974
6,0.5,0.4444444444444444,0.1111111111111111,0.840973,0.03131154233958595
6,0.5,0.4444444444444444,0.16666666666666666,0.807115,0.03799920676428278
6,0.5,0.4444444444444444,0.2222222222222222,0.772109,0.04070570074415958
6,0.5,0.4444444444444444,0.2777777777777778,0.733026,0.048294240419098196
6,0.5,0.4444444444444444,0.3333333333333333,0.6929099999999999,0.051498116042783114
6,0.5,0.4444444444444444,0.38888888888888884,0.6522190000000001,0.05525019115462518
6,0.5,0.4444444444444444,0.4444444444444444,0.615564,0.05797182623168461
6,0.5,0.4444444444444444,0.5,0.5819939999999999,0.05868432340765133
6,0.5,0.5555555555555556,0.0,0.894531,0.023989842674589434
6,0.5,0.5555555555555556,0.05555555555555555,0.873604,0.026765754044853485
6,0.5,0.5555555555555556,0.1111111111111111,0.845761,0.03262591499604769
6,0.5,0.5555555555555556,0.16666666666666666,0.8172679999999999,0.03485376537708602
6,0.5,0.5555555555555556,0.2222222222222222,0.78327,0.04192133703137936
6,0.5,0.5555555555555556,0.2777777777777778,0.745455,0.047751965668705466
6,0.5,0.5555555555555556,0.3333333333333333,0.7039889999999999,0.05154013255963031
6,0.5,0.5555555555555556,0.38888888888888884,0.6629,0.057561300396215015
6,0.5,0.5555555555555556,0.4444444444444444,0.619798,0.060814913053046864
6,0.5,0.5555555555555556,0.5,0.5834749999999999,0.062635425851283
6,0.5,0.6666666666666666,0.0,0.894531,0.023989842674589434
6,0.5,0.6666666666666666,0.05555555555555555,0.875421,0.027073949799720002
6,0.5,0.6666666666666666,0.1111111111111111,0.853063,0.03085448152262537
6,0.5,0.6666666666666666,0.16666666666666666,0.8263240000000001,0.03555284839543842
6,0.5,0.6666666666666666,0.2222222222222222,0.7952540000000001,0.04087067280943507
6,0.5,0.6666666666666666,0.2777777777777778,0.7602270000000001,0.04767840917754809
6,0.5,0.6666666666666666,0.3333333333333333,0.721362,0.05319455438873999
6,0.5,0.6666666666666666,0.38888888888888884,0.6778289999999999,0.05922191312338697
6,0.5,0.6666666666666666,0.4444444444444444,0.63062,0.06660012895766176
6,0.5,0.6666666666666666,0.5,0.586174,0.06574491705157227
6,0.5,0.7777777777777777,0.0,0.894531,0.023989842674589434
6,0.5,0.7777777777777777,0.05555555555555555,0.878217,0.027106986178837746
6,0.5,0.7777777777777777,0.1111111111111111,0.8589370000000001,0.030530364133664285
6,0.5,0.7777777777777777,0.16666666666666666,0.834252,0.034913456509567266
6,0.5,0.7777777777777777,0.2222222222222222,0.809872,0.039954548952303055
6,0.5,0.7777777777777777,0.2777777777777778,0.7758550000000001,0.04745412383417135
6,0.5,0.7777777777777777,0.3333333333333333,0.739897,0.05261041956919986
6,0.5,0.7777777777777777,0.38888888888888884,0.693457,0.06344445878365068
6,0.5,0.7777777777777777,0.4444444444444444,0.640574,0.07286051865845575
6,0.5,0.7777777777777777,0.5,0.58949,0.07069143639210607
6,0.5,0.8888888888888888,0.0,0.894531,0.023989842674589434
6,0.5,0.8888888888888888,0.05555555555555555,0.881324,0.02623244489492289
6,0.5,0.8888888888888888,0.1111111111111111,0.863739,0.02968258639227612
6,0.5,0.8888888888888888,0.16666666666666666,0.8456359999999999,0.03387044007258705
6,0.5,0.8888888888888888,0.2222222222222222,0.823681,0.0384953130670232
6,0.5,0.8888888888888888,0.2777777777777778,0.793631,0.04467433978958878
6,0.5,0.8888888888888888,0.3333333333333333,0.7626620000000001,0.0549019305487337
6,0.5,0.8888888888888888,0.38888888888888884,0.713503,0.06981766608457703
6,0.5,0.8888888888888888,0.4444444444444444,0.648054,0.08066359587632886
6,0.5,0.8888888888888888,0.5,0.591651,0.07341173258738334
6,0.5,1.0,0.0,0.894531,0.023989842674589434
6,0.5,1.0,0.05555555555555555,0.883357,0.02572725096939903
6,0.5,1.0,0.1111111111111111,0.8696,0.029083119293291576
6,0.5,1.0,0.16666666666666666,0.855094,0.0329908405403615
6,0.5,1.0,0.2222222222222222,0.836148,0.03766354522132294
6,0.5,1.0,0.2777777777777778,0.816172,0.04142591607342584
6,0.5,1.0,0.3333333333333333,0.78414,0.055113500141960654
6,0.5,1.0,0.38888888888888884,0.7279209999999999,0.07781706917672533
6,0.5,1.0,0.4444444444444444,0.6531600000000001,0.08418750463065132
6,0.5,1.0,0.5,0.588704,0.07278307330526625
6,1.0,0.0,0.0,0.894531,0.023989842674589434
6,1.0,0.0,0.05555555555555555,0.861202,0.028705281555650865
6,1.0,0.0,0.1111111111111111,0.820609,0.034756497710976754
6,1.0,0.0,0.16666666666666666,0.777858,0.03797683604614892
6,1.0,0.0,0.2222222222222222,0.7353660000000001,0.041577863855214635
6,1.0,0.0,0.2777777777777778,0.694378,0.046704822625254196
6,1.0,0.0,0.3333333333333333,0.660112,0.0480487266858981
6,1.0,0.0,0.38888888888888884,0.6284959999999999,0.04919919251923293
6,1.0,0.0,0.4444444444444444,0.601174,0.04837261243341767
6,1.0,0.0,0.5,0.5775479999999998,0.04869853430282315
6,1.0,0.1111111111111111,0.0,0.894531,0.023989842674589434
6,1.0,0.1111111111111111,0.05555555555555555,0.863246,0.029471954127272944
6,1.0,0.1111111111111111,0.1111111111111111,0.8268,0.032754554810909275
6,1.0,0.1111111111111111,0.16666666666666666,0.786127,0.03921263191245267
6,1.0,0.1111111111111111,0.2222222222222222,0.7464890000000001,0.04296729066472621
6,1.0,0.1111111111111111,0.2777777777777778,0.706099,0.04534213391656934
6,1.0,0.1111111111111111,0.3333333333333333,0.668481,0.048853109064472704
6,1.0,0.1111111111111111,0.38888888888888884,0.6362420000000001,0.04937750068172318
6,1.0,0.1111111111111111,0.4444444444444444,0.6081599999999999,0.049519436331349476
6,1.0,0.1111111111111111,0.5,0.5823489999999999,0.04948585706087194
6,1.0,0.2222222222222222,0.0,0.894531,0.023989842674589434
6,1.0,0.2222222222222222,0.05555555555555555,0.866306,0.027882212641427557
6,1.0,0.2222222222222222,0.1111111111111111,0.832305,0.03421377730618993
6,1.0,0.2222222222222222,0.16666666666666666,0.795717,0.03757819889286914
6,1.0,0.2222222222222222,0.2222222222222222,0.7568019999999999,0.042000057152351604
6,1.0,0.2222222222222222,0.2777777777777778,0.7157319999999999,0.04690368996286041
6,1.0,0.2222222222222222,0.3333333333333333,0.680361,0.04967571192600419
6,1.0,0.2222222222222222,0.38888888888888884,0.646671,0.049968145598716936
6,1.0,0.2222222222222222,0.4444444444444444,0.615998,0.050852571026251764
6,1.0,0.2222222222222222,0.5,0.5881819999999999,0.049713764033055614
6,1.0,0.3333333333333333,0.0,0.894531,0.023989842674589434
6,1.0,0.3333333333333333,0.05555555555555555,0.869548,0.02755897663544846
6,1.0,0.3333333333333333,0.1111111111111111,0.837736,0.03243702305182249
6,1.0,0.3333333333333333,0.16666666666666666,0.80437,0.03706725078935691
6,1.0,0.3333333333333333,0.2222222222222222,0.767668,0.043126716657887254
6,1.0,0.3333333333333333,0.2777777777777778,0.729496,0.045490409553678036
6,1.0,0.3333333333333333,0.3333333333333333,0.693972,0.04816898864899975
6,1.0,0.3333333333333333,0.38888888888888884,0.656547,0.05190028352938383
6,1.0,0.3333333333333333,0.4444444444444444,0.62606,0.051858381113294424
6,1.0,0.3333333333333333,0.5,0.594952,0.0531041217208584
6,1.0,0.4444444444444444,0.0,0.894531,0.023989842674589434
6,1.0,0.4444444444444444,0.05555555555555555,0.872638,0.026668636488807844
6,1.0,0.4444444444444444,0.1111111111111111,0.845029,0.031291137631832666
6,1.0,0.4444444444444444,0.16666666666666666,0.8142180000000001,0.03557842464612928
6,1.0,0.4444444444444444,0.2222222222222222,0.78026,0.04127643570058035
6,1.0,0.4444444444444444,0.2777777777777778,0.742895,0.04491288392145557
6,1.0,0.4444444444444444,0.3333333333333333,0.708332,0.048963161327340445
6,1.0,0.4444444444444444,0.38888888888888884,0.672308,0.0517568537288339
6,1.0,0.4444444444444444,0.4444444444444444,0.63562,0.053872124571115676
6,1.0,0.4444444444444444,0.5,0.604905,0.055129567785755805
6,1.0,0.5555555555555556,0.0,0.894531,0.023989842674589434
6,1.0,0.5555555555555556,0.05555555555555555,0.8763340000000001,0.026387852560653048
6,1.0,0.5555555555555556,0.1111111111111111,0.8510679999999999,0.03128479045980833
6,1.0,0.5555555555555556,0.16666666666666666,0.8245,0.034691865408558314
6,1.0,0.5555555555555556,0.2222222222222222,0.7933830000000001,0.040286068041920864
6,1.0,0.5555555555555556,0.2777777777777778,0.762239,0.04469659567198228
6,1.0,0.5555555555555556,0.3333333333333333,0.725819,0.04757341136042767
6,1.0,0.5555555555555556,0.38888888888888884,0.691548,0.05240530518957038
6,1.0,0.5555555555555556,0.4444444444444444,0.6534639999999999,0.055119913905129686
6,1.0,0.5555555555555556,0.5,0.6157090000000001,0.059136904657688096
6,1.0,0.6666666666666666,0.0,0.894531,0.023989842674589434
6,1.0,0.6666666666666666,0.05555555555555555,0.877557,0.026012754840931695
6,1.0,0.6666666666666666,0.1111111111111111,0.8579220000000001,0.03020868220363942
6,1.0,0.6666666666666666,0.16666666666666666,0.834018,0.03373315285593093
6,1.0,0.6666666666666666,0.2222222222222222,0.8074390000000001,0.03826720080771073
6,1.0,0.6666666666666666,0.2777777777777778,0.7788209999999999,0.04382297813262367
6,1.0,0.6666666666666666,0.3333333333333333,0.7460979999999999,0.046761640765129786
6,1.0,0.6666666666666666,0.38888888888888884,0.7099580000000001,0.05299196528139322
6,1.0,0.6666666666666666,0.4444444444444444,0.670531,0.06032035796134323
6,1.0,0.6666666666666666,0.5,0.628764,0.06599786376862528
6,1.0,0.7777777777777777,0.0,0.894531,0.023989842674589434
6,1.0,0.7777777777777777,0.05555555555555555,0.8814110000000001,0.02542184787440422
6,1.0,0.7777777777777777,0.1111111111111111,0.86522,0.028667742140591403
6,1.0,0.7777777777777777,0.16666666666666666,0.844445,0.03253511193324081
6,1.0,0.7777777777777777,0.2222222222222222,0.8233980000000001,0.03605950476481733
6,1.0,0.7777777777777777,0.2777777777777778,0.7971119999999999,0.04177957621839872
6,1.0,0.7777777777777777,0.3333333333333333,0.7699010000000001,0.046467283193741896
6,1.0,0.7777777777777777,0.38888888888888884,0.734246,0.05658156022024276
6,1.0,0.7777777777777777,0.4444444444444444,0.6903050000000001,0.06822742085082768
6,1.0,0.7777777777777777,0.5,0.6340419999999999,0.0715882330492317
6,1.0,0.8888888888888888,0.0,0.894531,0.023989842674589434
6,1.0,0.8888888888888888,0.05555555555555555,0.883915,0.025550980952355404
6,1.0,0.8888888888888888,0.1111111111111111,0.870971,0.028190403648366915
6,1.0,0.8888888888888888,0.16666666666666666,0.855023,0.03218447314018534
6,1.0,0.8888888888888888,0.2222222222222222,0.838096,0.034890344224729565
6,1.0,0.8888888888888888,0.2777777777777778,0.818129,0.03908795501464903
6,1.0,0.8888888888888888,0.3333333333333333,0.792812,0.04634389293544956
6,1.0,0.8888888888888888,0.38888888888888884,0.757,0.06212493466803412
6,1.0,0.8888888888888888,0.4444444444444444,0.696825,0.0760602888670727
6,1.0,0.8888888888888888,0.5,0.634882,0.07246709291502976
6,1.0,1.0,0.0,0.894531,0.023989842674589434
6,1.0,1.0,0.05555555555555555,0.88646,0.02547790265158269
6,1.0,1.0,0.1111111111111111,0.876669,0.027421841593817095
6,1.0,1.0,0.16666666666666666,0.865455,0.02996664770999545
6,1.0,1.0,0.2222222222222222,0.853878,0.03324160224959261
6,1.0,1.0,0.2777777777777778,0.8394159999999999,0.03600407250905426
6,1.0,1.0,0.3333333333333333,0.8176220000000001,0.04580490372443986
6,1.0,1.0,0.38888888888888884,0.7683719999999999,0.06986878604400726
6,1.0,1.0,0.4444444444444444,0.6989,0.07616520950630372
6,1.0,1.0,0.5,0.63441,0.0740623597594158
6,2.0,0.0,0.0,0.894531,0.023989842674589434
6,2.0,0.0,0.05555555555555555,0.861202,0.028705281555650865
6,2.0,0.0,0.1111111111111111,0.820609,0.034756497710976754
6,2.0,0.0,0.16666666666666666,0.777858,0.03797683604614892
6,2.0,0.0,0.2222222222222222,0.7353660000000001,0.041577863855214635
6,2.0,0.0,0.2777777777777778,0.694378,0.046704822625254196
6,2.0,0.0,0.3333333333333333,0.660112,0.0480487266858981
6,2.0,0.0,0.38888888888888884,0.6284959999999999,0.04919919251923293
6,2.0,0.0,0.4444444444444444,0.601174,0.04837261243341767
6,2.0,0.0,0.5,0.5775479999999998,0.04869853430282315
6,2.0,0.1111111111111111,0.0,0.894531,0.023989842674589434
6,2.0,0.1111111111111111,0.05555555555555555,0.8633509999999999,0.02843262585856632
6,2.0,0.1111111111111111,0.1111111111111111,0.8264579999999999,0.03414425377814055
6,2.0,0.1111111111111111,0.16666666666666666,0.788189,0.03722788194611928
6,2.0,0.1111111111111111,0.2222222222222222,0.7485300000000001,0.04198354103357313
6,2.0,0.1111111111111111,0.2777777777777778,0.70893,0.04645060558010798
6,2.0,0.1111111111111111,0.3333333333333333,0.673669,0.046767324294015596
6,2.0,0.1111111111111111,0.38888888888888884,0.642107,0.049360977067487814
6,2.0,0.1111111111111111,0.4444444444444444,0.612402,0.04883752143075547
6,2.0,0.1111111111111111,0.5,0.588407,0.04997267873167917
6,2.0,0.2222222222222222,0.0,0.894531,0.023989842674589434
6,2.0,0.2222222222222222,0.05555555555555555,0.8666179999999999,0.027273979283301265
6,2.0,0.2222222222222222,0.1111111111111111,0.834905,0.03250268295694063
6,2.0,0.2222222222222222,0.16666666666666666,0.800228,0.03706664203771298
6,2.0,0.2222222222222222,0.2222222222222222,0.762574,0.04199140152223789
6,2.0,0.2222222222222222,0.2777777777777778,0.724446,0.043486620588063296
6,2.0,0.2222222222222222,0.3333333333333333,0.6885530000000001,0.04787489108286509
6,2.0,0.2222222222222222,0.38888888888888884,0.658413,0.04858834488082773
6,2.0,0.2222222222222222,0.4444444444444444,0.625962,0.050380002984326044
6,2.0,0.2222222222222222,0.5,0.60009,0.04991476117726482
6,2.0,0.3333333333333333,0.0,0.894531,0.023989842674589434
6,2.0,0.3333333333333333,0.05555555555555555,0.871078,0.027490719445944965
6,2.0,0.3333333333333333,0.1111111111111111,0.843223,0.03259130964635303
6,2.0,0.3333333333333333,0.16666666666666666,0.8096939999999999,0.03664799366185601
6,2.0,0.3333333333333333,0.2222222222222222,0.7769870000000001,0.03987453836484894
6,2.0,0.3333333333333333,0.2777777777777778,0.742789,0.04351068441956136
6,2.0,0.3333333333333333,0.3333333333333333,0.707178,0.047093291391599436
6,2.0,0.3333333333333333,0.38888888888888884,0.6726399999999999,0.04858671700237698
6,2.0,0.3333333333333333,0.4444444444444444,0.642803,0.050600757184331026
6,2.0,0.3333333333333333,0.5,0.613841,0.05075257178254657
6,2.0,0.4444444444444444,0.0,0.894531,0.023989842674589434
6,2.0,0.4444444444444444,0.05555555555555555,0.873741,0.027065706557772927
6,2.0,0.4444444444444444,0.1111111111111111,0.850189,0.031243678503762112
6,2.0,0.4444444444444444,0.16666666666666666,0.821869,0.03329481015689056
6,2.0,0.4444444444444444,0.2222222222222222,0.7910920000000001,0.038252461186004574
6,2.0,0.4444444444444444,0.2777777777777778,0.7583120000000001,0.04220547308060838
6,2.0,0.4444444444444444,0.3333333333333333,0.7264919999999999,0.045867655028110806
6,2.0,0.4444444444444444,0.38888888888888884,0.693995,0.048558551336586514
6,2.0,0.4444444444444444,0.4444444444444444,0.662655,0.05039861104231936
6,2.0,0.4444444444444444,0.5,0.633236,0.053380218730834664
6,2.0,0.5555555555555556,0.0,0.894531,0.023989842674589434
6,2.0,0.5555555555555556,0.05555555555555555,0.876818,0.02551124653363102
6,2.0,0.5555555555555556,0.1111111111111111,0.8585499999999999,0.029109704135818273
6,2.0,0.5555555555555556,0.16666666666666666,0.832711,0.03403918543598164
6,2.0,0.5555555555555556,0.2222222222222222,0.8077580000000001,0.03718489145005201
6,2.0,0.5555555555555556,0.2777777777777778,0.77886,0.04059362317214666
6,2.0,0.5555555555555556,0.3333333333333333,0.750756,0.04417805070579919
6,2.0,0.5555555555555556,0.38888888888888884,0.717723,0.04872856188872953
6,2.0,0.5555555555555556,0.4444444444444444,0.6851790000000001,0.053423056651430774
6,2.0,0.5555555555555556,0.5,0.6497580000000001,0.05814320311152515
6,2.0,0.6666666666666666,0.0,0.894531,0.023989842674589434
6,2.0,0.6666666666666666,0.05555555555555555,0.881222,0.025239170583276554
6,2.0,0.6666666666666666,0.1111111111111111,0.863298,0.028862228330886457
6,2.0,0.6666666666666666,0.16666666666666666,0.8446769999999999,0.03231979641396648
6,2.0,0.6666666666666666,0.2222222222222222,0.822955,0.03564844718619292
6,2.0,0.6666666666666666,0.2777777777777778,0.799483,0.0397066030443971
6,2.0,0.6666666666666666,0.3333333333333333,0.7738740000000001,0.04179084347795099
6,2.0,0.6666666666666666,0.38888888888888884,0.7468340000000001,0.04902146007155996
6,2.0,0.6666666666666666,0.4444444444444444,0.7051369999999999,0.0597309636538623
6,2.0,0.6666666666666666,0.5,0.6554580000000001,0.06611309384060904
6,2.0,0.7777777777777777,0.0,0.894531,0.023989842674589434
6,2.0,0.7777777777777777,0.05555555555555555,0.882577,0.026168279459105652
6,2.0,0.7777777777777777,0.1111111111111111,0.8708149999999999,0.02832265785458612
6,2.0,0.7777777777777777,0.16666666666666666,0.8570679999999999,0.02858752564708291
6,2.0,0.7777777777777777,0.2222222222222222,0.839979,0.03119653478806232
6,2.0,0.7777777777777777,0.2777777777777778,0.8224219999999999,0.035748396661442916
6,2.0,0.7777777777777777,0.3333333333333333,0.799988,0.04126216696227213
6,2.0,0.7777777777777777,0.38888888888888884,0.768322,0.05383910256463201
6,2.0,0.7777777777777777,0.4444444444444444,0.7117640000000001,0.06509106813650511
6,2.0,0.7777777777777777,0.5,0.65755,0.06664619430406522
6,2.0,0.8888888888888888,0.0,0.894531,0.023989842674589434
6,2.0,0.8888888888888888,0.05555555555555555,0.8872639999999999,0.024995981739133675
6,2.0,0.8888888888888888,0.1111111111111111,0.8782720000000002,0.026260152543570885
6,2.0,0.8888888888888888,0.16666666666666666,0.8689880000000001,0.028993904574970638
6,2.0,0.8888888888888888,0.2222222222222222,0.855453,0.03115979338384201
6,2.0,0.8888888888888888,0.2777777777777778,0.844105,0.03319373131780756
6,2.0,0.8888888888888888,0.3333333333333333,0.822724,0.04175921042902578
6,2.0,0.8888888888888888,0.38888888888888884,0.7750130000000001,0.06031300431490284
6,2.0,0.8888888888888888,0.4444444444444444,0.713101,0.06750921635816322
6,2.0,0.8888888888888888,0.5,0.657817,0.06599629551741538
6,2.0,1.0,0.0,0.894531,0.023989842674589434
6,2.0,1.0,0.05555555555555555,0.889555,0.02414348530935175
6,2.0,1.0,0.1111111111111111,0.885388,0.025902787695736756
6,2.0,1.0,0.16666666666666666,0.878284,0.02777514721478185
6,2.0,1.0,0.2222222222222222,0.873698,0.028599803229126343
6,2.0,1.0,0.2777777777777778,0.864695,0.03228495459642609
6,2.0,1.0,0.3333333333333333,0.8356039999999999,0.04940386549578814
6,2.0,1.0,0.38888888888888884,0.779518,0.06411806923795196
6,2.0,1.0,0.4444444444444444,0.7141089999999999,0.06773029242157094
6,2.0,1.0,0.5,0.6568200000000001,0.06535332169566178
6,3.0,0.0,0.0,0.894531,0.023989842674589434
6,3.0,0.0,0.05555555555555555,0.861202,0.028705281555650865
6,3.0,0.0,0.1111111111111111,0.820609,0.034756497710976754
6,3.0,0.0,0.16666666666666666,0.777858,0.03797683604614892
6,3.0,0.0,0.2222222222222222,0.7353660000000001,0.041577863855214635
6,3.0,0.0,0.2777777777777778,0.694378,0.046704822625254196
6,3.0,0.0,0.3333333333333333,0.660112,0.0480487266858981
6,3.0,0.0,0.38888888888888884,0.6284959999999999,0.04919919251923293
6,3.0,0.0,0.4444444444444444,0.601174,0.04837261243341767
6,3.0,0.0,0.5,0.5775479999999998,0.04869853430282315
6,3.0,0.1111111111111111,0.0,0.894531,0.023989842674589434
6,3.0,0.1111111111111111,0.05555555555555555,0.8641610000000001,0.02846058825962817
6,3.0,0.1111111111111111,0.1111111111111111,0.827809,0.035023437297903234
6,3.0,0.1111111111111111,0.16666666666666666,0.787907,0.03812361159125353
6,3.0,0.1111111111111111,0.2222222222222222,0.7501860000000001,0.04168298063808388
6,3.0,0.1111111111111111,0.2777777777777778,0.710405,0.04473927332420116
6,3.0,0.1111111111111111,0.3333333333333333,0.676045,0.047125383571667366
6,3.0,0.1111111111111111,0.38888888888888884,0.6426679999999999,0.04879363272594688
6,3.0,0.1111111111111111,0.4444444444444444,0.615296,0.04947221325030733
6,3.0,0.1111111111111111,0.5,0.590721,0.04952110154770892
6,3.0,0.2222222222222222,0.0,0.894531,0.023989842674589434
6,3.0,0.2222222222222222,0.05555555555555555,0.868284,0.026692955210277085
6,3.0,0.2222222222222222,0.1111111111111111,0.8360440000000001,0.03306180798364098
6,3.0,0.2222222222222222,0.16666666666666666,0.8019870000000001,0.03601905333574444
6,3.0,0.2222222222222222,0.2222222222222222,0.764983,0.04000141027293693
6,3.0,0.2222222222222222,0.2777777777777778,0.7284189999999999,0.044097846422008626
6,3.0,0.2222222222222222,0.3333333333333333,0.693645,0.047028147120863915
6,3.0,0.2222222222222222,0.38888888888888884,0.6624660000000001,0.04776505358883568
6,3.0,0.2222222222222222,0.4444444444444444,0.631597,0.049222570559169836
6,3.0,0.2222222222222222,0.5,0.605897,0.04926990881780598
6,3.0,0.3333333333333333,0.0,0.894531,0.023989842674589434
6,3.0,0.3333333333333333,0.05555555555555555,0.871334,0.02790051760958717
6,3.0,0.3333333333333333,0.1111111111111111,0.843292,0.03120661129614346
6,3.0,0.3333333333333333,0.16666666666666666,0.8149180000000001,0.03599498458000661
6,3.0,0.3333333333333333,0.2222222222222222,0.782162,0.03871631062883844
6,3.0,0.3333333333333333,0.2777777777777778,0.7483679999999999,0.042457616810476134
6,3.0,0.3333333333333333,0.3333333333333333,0.714101,0.046381073758624894
6,3.0,0.3333333333333333,0.38888888888888884,0.6816639999999999,0.04862597648983092
6,3.0,0.3333333333333333,0.4444444444444444,0.653226,0.04912353861486411
6,3.0,0.3333333333333333,0.5,0.625713,0.05136663471712122
6,3.0,0.4444444444444444,0.0,0.894531,0.023989842674589434
6,3.0,0.4444444444444444,0.05555555555555555,0.8746929999999999,0.02697603487278029
6,3.0,0.4444444444444444,0.1111111111111111,0.8512919999999999,0.03057717612369886
6,3.0,0.4444444444444444,0.16666666666666666,0.82604,0.03382526494424763
6,3.0,0.4444444444444444,0.2222222222222222,0.79707,0.03782951456432095
6,3.0,0.4444444444444444,0.2777777777777778,0.767151,0.04142480190916082
6,3.0,0.4444444444444444,0.3333333333333333,0.7356210000000001,0.04520959263548243
6,3.0,0.4444444444444444,0.38888888888888884,0.7058390000000001,0.04775514247316861
6,3.0,0.4444444444444444,0.4444444444444444,0.6751240000000001,0.05048708319530422
6,3.0,0.4444444444444444,0.5,0.641833,0.05418168293589417
6,3.0,0.5555555555555556,0.0,0.894531,0.023989842674589434
6,3.0,0.5555555555555556,0.05555555555555555,0.878409,0.026613868884794223
6,3.0,0.5555555555555556,0.1111111111111111,0.859253,0.028750366512004244
6,3.0,0.5555555555555556,0.16666666666666666,0.838116,0.030900734609381038
6,3.0,0.5555555555555556,0.2222222222222222,0.814704,0.035300687281163826
6,3.0,0.5555555555555556,0.2777777777777778,0.7889349999999999,0.03968228141700598
6,3.0,0.5555555555555556,0.3333333333333333,0.763314,0.04355944018038833
6,3.0,0.5555555555555556,0.38888888888888884,0.731987,0.04911279769976354
6,3.0,0.5555555555555556,0.4444444444444444,0.693337,0.05626029373947182
6,3.0,0.5555555555555556,0.5,0.6486219999999999,0.05928980010420339
6,3.0,0.6666666666666666,0.0,0.894531,0.023989842674589434
6,3.0,0.6666666666666666,0.05555555555555555,0.8823820000000001,0.025732396550500948
6,3.0,0.6666666666666666,0.1111111111111111,0.866915,0.027953446481072255
6,3.0,0.6666666666666666,0.16666666666666666,0.8507129999999999,0.030261169332485648
6,3.0,0.6666666666666666,0.2222222222222222,0.8317469999999999,0.03249906429699445
6,3.0,0.6666666666666666,0.2777777777777778,0.812572,0.03612940838361665
6,3.0,0.6666666666666666,0.3333333333333333,0.78809,0.04207567304586181
6,3.0,0.6666666666666666,0.38888888888888884,0.7488389999999999,0.05367261712296903
6,3.0,0.6666666666666666,0.4444444444444444,0.697935,0.059792674626068854
6,3.0,0.6666666666666666,0.5,0.648818,0.060265270087993296
6,3.0,0.7777777777777777,0.0,0.894531,0.023989842674589434
6,3.0,0.7777777777777777,0.05555555555555555,0.8856390000000001,0.024971228268574258
6,3.0,0.7777777777777777,0.1111111111111111,0.8744689999999999,0.026769677895982526
6,3.0,0.7777777777777777,0.16666666666666666,0.864015,0.029144814207594395
6,3.0,0.7777777777777777,0.2222222222222222,0.8500260000000001,0.03109115604129226
6,3.0,0.7777777777777777,0.2777777777777778,0.8345009999999999,0.03389443659115507
6,3.0,0.7777777777777777,0.3333333333333333,0.8053250000000001,0.04715040334435682
6,3.0,0.7777777777777777,0.38888888888888884,0.754276,0.05648430136153142
6,3.0,0.7777777777777777,0.4444444444444444,0.696374,0.06156743191552391
6,3.0,0.7777777777777777,0.5,0.648834,0.06065533375980643
6,3.0,0.8888888888888888,0.0,0.894531,0.023989842674589434
6,3.0,0.8888888888888888,0.05555555555555555,0.887827,0.024298343163279286
6,3.0,0.8888888888888888,0.1111111111111111,0.882849,0.024859529263346804
6,3.0,0.8888888888888888,0.16666666666666666,0.873809,0.026659017652986075
6,3.0,0.8888888888888888,0.2222222222222222,0.8655360000000001,0.029109277800283107
6,3.0,0.8888888888888888,0.2777777777777778,0.852715,0.035695208683000065
6,3.0,0.8888888888888888,0.3333333333333333,0.811877,0.05027027921119964
6,3.0,0.8888888888888888,0.38888888888888884,0.755761,0.057998152252159416
6,3.0,0.8888888888888888,0.4444444444444444,0.6973599999999999,0.05978158778619248
6,3.0,0.8888888888888888,0.5,0.649365,0.05970702390593341
6,3.0,1.0,0.0,0.894531,0.023989842674589434
6,3.0,1.0,0.05555555555555555,0.891592,0.024888772307749284
6,3.0,1.0,0.1111111111111111,0.890027,0.023866417344814823
6,3.0,1.0,0.16666666666666666,0.8856020000000001,0.026340870096438318
6,3.0,1.0,0.2222222222222222,0.8819659999999999,0.027164807578386633
6,3.0,1.0,0.2777777777777778,0.862703,0.03921589827707225
6,3.0,1.0,0.3333333333333333,0.812928,0.05175203463719169
6,3.0,1.0,0.38888888888888884,0.753892,0.05928033817797006
6,3.0,1.0,0.4444444444444444,0.69556,0.060790672852880194
6,3.0,1.0,0.5,0.648528,0.05986462218196143
