R0,tau,delay,p,q,prob_dieout,mean_R_inf
1.125,0.5,0.0,0.945,0.25,1.0,0.128558
1.125,0.5,0.0,0.84,0.44,1.0,0.128558
1.125,0.5,0.0,0.275,0.47,1.0,0.13094
1.125,0.5,0.0,0.055,0.36,1.0,0.23056000000000001
1.125,0.5,0.0,0.5,0.305,1.0,0.13132
1.125,0.5,0.0,0.615,0.415,1.0,0.128558
1.125,0.5,0.25,0.945,0.25,1.0,0.25563800000000003
1.125,0.5,0.25,0.84,0.44,1.0,0.17732
1.125,0.5,0.25,0.275,0.47,1.0,0.170654
1.125,0.5,0.25,0.055,0.36,1.0,0.234616
1.125,0.5,0.25,0.5,0.305,1.0,0.22116199999999997
1.125,0.5,0.25,0.615,0.415,1.0,0.182854
1.125,0.5,0.5,0.945,0.25,1.0,0.296
1.125,0.5,0.5,0.84,0.44,1.0,0.19870600000000002
1.125,0.5,0.5,0.275,0.47,1.0,0.18982600000000002
1.125,0.5,0.5,0.055,0.36,1.0,0.238516
1.125,0.5,0.5,0.5,0.305,1.0,0.25747000000000003
1.125,0.5,0.5,0.615,0.415,1.0,0.206726
1.125,0.5,0.75,0.945,0.25,1.0,0.296
1.125,0.5,0.75,0.84,0.44,1.0,0.19870600000000002
1.125,0.5,0.75,0.275,0.47,1.0,0.18982600000000002
1.125,0.5,0.75,0.055,0.36,1.0,0.238516
1.125,0.5,0.75,0.5,0.305,1.0,0.25747000000000003
1.125,0.5,0.75,0.615,0.415,1.0,0.206726
1.125,0.5,1.0,0.945,0.25,1.0,0.296
1.125,0.5,1.0,0.84,0.44,1.0,0.19870600000000002
1.125,0.5,1.0,0.275,0.47,1.0,0.18982600000000002
1.125,0.5,1.0,0.055,0.36,1.0,0.238516
1.125,0.5,1.0,0.5,0.305,1.0,0.25747000000000003
1.125,0.5,1.0,0.615,0.415,1.0,0.206726
1.125,0.5,1.25,0.945,0.25,1.0,0.296
1.125,0.5,1.25,0.84,0.44,1.0,0.19870600000000002
1.125,0.5,1.25,0.275,0.47,1.0,0.18982600000000002
1.125,0.5,1.25,0.055,0.36,1.0,0.238516
1.125,0.5,1.25,0.5,0.305,1.0,0.25747000000000003
1.125,0.5,1.25,0.615,0.415,1.0,0.206726
1.125,0.5,1.5,0.945,0.25,1.0,0.296
1.125,0.5,1.5,0.84,0.44,1.0,0.19870600000000002
1.125,0.5,1.5,0.275,0.47,1.0,0.18982600000000002
1.125,0.5,1.5,0.055,0.36,1.0,0.238516
1.125,0.5,1.5,0.5,0.305,1.0,0.25747000000000003
1.125,0.5,1.5,0.615,0.415,1.0,0.206726
1.125,0.5,2.0,0.945,0.25,1.0,0.296
1.125,0.5,2.0,0.84,0.44,1.0,0.19870600000000002
1.125,0.5,2.0,0.275,0.47,1.0,0.18982600000000002
1.125,0.5,2.0,0.055,0.36,1.0,0.238516
1.125,0.5,2.0,0.5,0.305,1.0,0.25747000000000003
1.125,0.5,2.0,0.615,0.415,1.0,0.206726
1.125,1.0,0.0,0.945,0.25,1.0,0.20048000000000002
1.125,1.0,0.0,0.84,0.44,1.0,0.20030599999999998
1.125,1.0,0.0,0.275,0.47,1.0,0.212224
1.125,1.0,0.0,0.055,0.36,1.0,0.29031399999999996
1.125,1.0,0.0,0.5,0.305,1.0,0.21976800000000002
1.125,1.0,0.0,0.615,0.415,1.0,0.20030599999999998
1.125,1.0,0.25,0.945,0.25,0.992,0.32455600000000007
1.125,1.0,0.25,0.84,0.44,1.0,0.24693
1.125,1.0,0.25,0.275,0.47,1.0,0.24169400000000002
1.125,1.0,0.25,0.055,0.36,1.0,0.294364
1.125,1.0,0.25,0.5,0.305,1.0,0.291984
1.125,1.0,0.25,0.615,0.415,1.0,0.25125400000000003
1.125,1.0,0.5,0.945,0.25,0.98,0.370272
1.125,1.0,0.5,0.84,0.44,1.0,0.26958799999999994
1.125,1.0,0.5,0.275,0.47,1.0,0.2604
1.125,1.0,0.5,0.055,0.36,1.0,0.297536
1.125,1.0,0.5,0.5,0.305,1.0,0.32680000000000003
1.125,1.0,0.5,0.615,0.415,1.0,0.276
1.125,1.0,0.75,0.945,0.25,0.978,0.37785199999999997
1.125,1.0,0.75,0.84,0.44,1.0,0.27951800000000004
1.125,1.0,0.75,0.275,0.47,1.0,0.269122
1.125,1.0,0.75,0.055,0.36,1.0,0.299738
1.125,1.0,0.75,0.5,0.305,1.0,0.33827999999999997
1.125,1.0,0.75,0.615,0.415,1.0,0.28545000000000004
1.125,1.0,1.0,0.945,0.25,0.992,0.3777380000000001
1.125,1.0,1.0,0.84,0.44,1.0,0.27964
1.125,1.0,1.0,0.275,0.47,1.0,0.27116599999999996
1.125,1.0,1.0,0.055,0.36,1.0,0.300846
1.125,1.0,1.0,0.5,0.305,1.0,0.340524
1.125,1.0,1.0,0.615,0.415,1.0,0.28761400000000004
1.125,1.0,1.25,0.945,0.25,0.992,0.3777380000000001
1.125,1.0,1.25,0.84,0.44,1.0,0.27964
1.125,1.0,1.25,0.275,0.47,1.0,0.27116599999999996
1.125,1.0,1.25,0.055,0.36,1.0,0.300846
1.125,1.0,1.25,0.5,0.305,1.0,0.340524
1.125,1.0,1.25,0.615,0.415,1.0,0.28761400000000004
1.125,1.0,1.5,0.945,0.25,0.992,0.3777380000000001
1.125,1.0,1.5,0.84,0.44,1.0,0.27964
1.125,1.0,1.5,0.275,0.47,1.0,0.27116599999999996
1.125,1.0,1.5,0.055,0.36,1.0,0.300846
1.125,1.0,1.5,0.5,0.305,1.0,0.340524
1.125,1.0,1.5,0.615,0.415,1.0,0.28761400000000004
1.125,1.0,2.0,0.945,0.25,0.992,0.3777380000000001
1.125,1.0,2.0,0.84,0.44,1.0,0.27964
1.125,1.0,2.0,0.275,0.47,1.0,0.27116599999999996
1.125,1.0,2.0,0.055,0.36,1.0,0.300846
1.125,1.0,2.0,0.5,0.305,1.0,0.340524
1.125,1.0,2.0,0.615,0.415,1.0,0.28761400000000004
1.125,1.5,0.0,0.945,0.25,1.0,0.265346
1.125,1.5,0.0,0.84,0.44,1.0,0.26435000000000003
1.125,1.5,0.0,0.275,0.47,1.0,0.278358
1.125,1.5,0.0,0.055,0.36,1.0,0.341718
1.125,1.5,0.0,0.5,0.305,1.0,0.28963599999999995
1.125,1.5,0.0,0.615,0.415,1.0,0.26435000000000003
1.125,1.5,0.25,0.945,0.25,0.978,0.36899800000000005
1.125,1.5,0.25,0.84,0.44,1.0,0.304294
1.125,1.5,0.25,0.275,0.47,1.0,0.30325
1.125,1.5,0.25,0.055,0.36,1.0,0.344058
1.125,1.5,0.25,0.5,0.305,0.998,0.346986
1.125,1.5,0.25,0.615,0.415,1.0,0.3093099999999999
1.125,1.5,0.5,0.945,0.25,0.888,0.41521
1.125,1.5,0.5,0.84,0.44,1.0,0.32649199999999995
1.125,1.5,0.5,0.275,0.47,1.0,0.318092
1.125,1.5,0.5,0.055,0.36,1.0,0.34629200000000004
1.125,1.5,0.5,0.5,0.305,0.99,0.37691800000000003
1.125,1.5,0.5,0.615,0.415,1.0,0.33338999999999996
1.125,1.5,0.75,0.945,0.25,0.844,0.43377
1.125,1.5,0.75,0.84,0.44,0.998,0.33594999999999997
1.125,1.5,0.75,0.275,0.47,1.0,0.327368
1.125,1.5,0.75,0.055,0.36,1.0,0.348264
1.125,1.5,0.75,0.5,0.305,0.972,0.39359
1.125,1.5,0.75,0.615,0.415,0.998,0.34558399999999995
1.125,1.5,1.0,0.945,0.25,0.826,0.44008400000000003
1.125,1.5,1.0,0.84,0.44,1.0,0.340962
1.125,1.5,1.0,0.275,0.47,1.0,0.331116
1.125,1.5,1.0,0.055,0.36,1.0,0.349068
1.125,1.5,1.0,0.5,0.305,0.96,0.399548
1.125,1.5,1.0,0.615,0.415,1.0,0.348566
1.125,1.5,1.25,0.945,0.25,0.878,0.430024
1.125,1.5,1.25,0.84,0.44,1.0,0.340534
1.125,1.5,1.25,0.275,0.47,1.0,0.332246
1.125,1.5,1.25,0.055,0.36,1.0,0.35037599999999997
1.125,1.5,1.25,0.5,0.305,0.988,0.395158
1.125,1.5,1.25,0.615,0.415,1.0,0.347858
1.125,1.5,1.5,0.945,0.25,0.93,0.416344
1.125,1.5,1.5,0.84,0.44,1.0,0.337536
1.125,1.5,1.5,0.275,0.47,1.0,0.33031600000000005
1.125,1.5,1.5,0.055,0.36,1.0,0.34942600000000007
1.125,1.5,1.5,0.5,0.305,0.992,0.38833000000000006
1.125,1.5,1.5,0.615,0.415,1.0,0.34460199999999996
1.125,1.5,2.0,0.945,0.25,0.93,0.416344
1.125,1.5,2.0,0.84,0.44,1.0,0.337536
1.125,1.5,2.0,0.275,0.47,1.0,0.33031600000000005
1.125,1.5,2.0,0.055,0.36,1.0,0.34942600000000007
1.125,1.5,2.0,0.5,0.305,0.992,0.38833000000000006
1.125,1.5,2.0,0.615,0.415,1.0,0.34460199999999996
1.125,2.0,0.0,0.945,0.25,1.0,0.32174800000000003
1.125,2.0,0.0,0.84,0.44,1.0,0.320616
1.125,2.0,0.0,0.275,0.47,1.0,0.331886
1.125,2.0,0.0,0.055,0.36,0.998,0.384812
1.125,2.0,0.0,0.5,0.305,0.994,0.34089600000000003
1.125,2.0,0.0,0.615,0.415,1.0,0.32065999999999995
1.125,2.0,0.25,0.945,0.25,0.9,0.408494
1.125,2.0,0.25,0.84,0.44,1.0,0.353664
1.125,2.0,0.25,0.275,0.47,1.0,0.353988
1.125,2.0,0.25,0.055,0.36,0.998,0.388286
1.125,2.0,0.25,0.5,0.305,0.97,0.390108
1.125,2.0,0.25,0.615,0.415,0.998,0.357254
1.125,2.0,0.5,0.945,0.25,0.762,0.45253999999999994
1.125,2.0,0.5,0.84,0.44,0.994,0.373638
1.125,2.0,0.5,0.275,0.47,1.0,0.367042
1.125,2.0,0.5,0.055,0.36,0.996,0.390758
1.125,2.0,0.5,0.5,0.305,0.938,0.414642
1.125,2.0,0.5,0.615,0.415,0.984,0.380636
1.125,2.0,0.75,0.945,0.25,0.66,0.47201599999999994
1.125,2.0,0.75,0.84,0.44,0.99,0.382654
1.125,2.0,0.75,0.275,0.47,0.998,0.37399400000000005
1.125,2.0,0.75,0.055,0.36,0.992,0.392164
1.125,2.0,0.75,0.5,0.305,0.886,0.42938800000000005
1.125,2.0,0.75,0.615,0.415,0.984,0.391298
1.125,2.0,1.0,0.945,0.25,0.584,0.481842
1.125,2.0,1.0,0.84,0.44,0.98,0.38856399999999996
1.125,2.0,1.0,0.275,0.47,0.998,0.380168
1.125,2.0,1.0,0.055,0.36,0.992,0.392216
1.125,2.0,1.0,0.5,0.305,0.878,0.43590200000000007
1.125,2.0,1.0,0.615,0.415,0.972,0.39655599999999996
1.125,2.0,1.25,0.945,0.25,0.618,0.48125599999999996
1.125,2.0,1.25,0.84,0.44,0.988,0.39076199999999994
1.125,2.0,1.25,0.275,0.47,0.996,0.38126
1.125,2.0,1.25,0.055,0.36,0.988,0.39077999999999996
1.125,2.0,1.25,0.5,0.305,0.856,0.44160400000000005
1.125,2.0,1.25,0.615,0.415,0.976,0.3992379999999999
1.125,2.0,1.5,0.945,0.25,0.656,0.473286
1.125,2.0,1.5,0.84,0.44,0.982,0.39027000000000006
1.125,2.0,1.5,0.275,0.47,0.996,0.381882
1.125,2.0,1.5,0.055,0.36,0.986,0.393644
1.125,2.0,1.5,0.5,0.305,0.856,0.440748
1.125,2.0,1.5,0.615,0.415,0.978,0.396878
1.125,2.0,2.0,0.945,0.25,0.786,0.454368
1.125,2.0,2.0,0.84,0.44,0.996,0.383216
1.125,2.0,2.0,0.275,0.47,0.998,0.37601999999999997
1.125,2.0,2.0,0.055,0.36,0.994,0.39344999999999997
1.125,2.0,2.0,0.5,0.305,0.93,0.42445799999999995
1.125,2.0,2.0,0.615,0.415,0.992,0.38995399999999997
1.25,0.5,0.0,0.945,0.25,1.0,0.139012
1.25,0.5,0.0,0.84,0.44,1.0,0.139012
1.25,0.5,0.0,0.275,0.47,1.0,0.145008
1.25,0.5,0.0,0.055,0.36,1.0,0.256534
1.25,0.5,0.0,0.5,0.305,1.0,0.14896199999999998
1.25,0.5,0.0,0.615,0.415,1.0,0.139012
1.25,0.5,0.25,0.945,0.25,0.996,0.313346
1.25,0.5,0.25,0.84,0.44,1.0,0.19945400000000002
1.25,0.5,0.25,0.275,0.47,1.0,0.192068
1.25,0.5,0.25,0.055,0.36,1.0,0.264346
1.25,0.5,0.25,0.5,0.305,1.0,0.261322
1.25,0.5,0.25,0.615,0.415,1.0,0.208286
1.25,0.5,0.5,0.945,0.25,0.994,0.3483200000000001
1.25,0.5,0.5,0.84,0.44,1.0,0.22401999999999997
1.25,0.5,0.5,0.275,0.47,1.0,0.21487400000000004
1.25,0.5,0.5,0.055,0.36,1.0,0.26594799999999996
1.25,0.5,0.5,0.5,0.305,1.0,0.2984300000000001
1.25,0.5,0.5,0.615,0.415,1.0,0.234276
1.25,0.5,0.75,0.945,0.25,0.994,0.3483200000000001
1.25,0.5,0.75,0.84,0.44,1.0,0.22401999999999997
1.25,0.5,0.75,0.275,0.47,1.0,0.21487400000000004
1.25,0.5,0.75,0.055,0.36,1.0,0.26594799999999996
1.25,0.5,0.75,0.5,0.305,1.0,0.2984300000000001
1.25,0.5,0.75,0.615,0.415,1.0,0.234276
1.25,0.5,1.0,0.945,0.25,0.994,0.3483200000000001
1.25,0.5,1.0,0.84,0.44,1.0,0.22401999999999997
1.25,0.5,1.0,0.275,0.47,1.0,0.21487400000000004
1.25,0.5,1.0,0.055,0.36,1.0,0.26594799999999996
1.25,0.5,1.0,0.5,0.305,1.0,0.2984300000000001
1.25,0.5,1.0,0.615,0.415,1.0,0.234276
1.25,0.5,1.25,0.945,0.25,0.994,0.3483200000000001
1.25,0.5,1.25,0.84,0.44,1.0,0.22401999999999997
1.25,0.5,1.25,0.275,0.47,1.0,0.21487400000000004
1.25,0.5,1.25,0.055,0.36,1.0,0.26594799999999996
1.25,0.5,1.25,0.5,0.305,1.0,0.2984300000000001
1.25,0.5,1.25,0.615,0.415,1.0,0.234276
1.25,0.5,1.5,0.945,0.25,0.994,0.3483200000000001
1.25,0.5,1.5,0.84,0.44,1.0,0.22401999999999997
1.25,0.5,1.5,0.275,0.47,1.0,0.21487400000000004
1.25,0.5,1.5,0.055,0.36,1.0,0.26594799999999996
1.25,0.5,1.5,0.5,0.305,1.0,0.2984300000000001
1.25,0.5,1.5,0.615,0.415,1.0,0.234276
1.25,0.5,2.0,0.945,0.25,0.994,0.3483200000000001
1.25,0.5,2.0,0.84,0.44,1.0,0.22401999999999997
1.25,0.5,2.0,0.275,0.47,1.0,0.21487400000000004
1.25,0.5,2.0,0.055,0.36,1.0,0.26594799999999996
1.25,0.5,2.0,0.5,0.305,1.0,0.2984300000000001
1.25,0.5,2.0,0.615,0.415,1.0,0.234276
1.25,1.0,0.0,0.945,0.25,0.992,0.230976
1.25,1.0,0.0,0.84,0.44,1.0,0.224334
1.25,1.0,0.0,0.275,0.47,1.0,0.247816
1.25,1.0,0.0,0.055,0.36,1.0,0.33334199999999997
1.25,1.0,0.0,0.5,0.305,1.0,0.27473000000000003
1.25,1.0,0.0,0.615,0.415,1.0,0.224418
1.25,1.0,0.25,0.945,0.25,0.862,0.413076
1.25,1.0,0.25,0.84,0.44,1.0,0.28539
1.25,1.0,0.25,0.275,0.47,1.0,0.28213800000000006
1.25,1.0,0.25,0.055,0.36,1.0,0.338286
1.25,1.0,0.25,0.5,0.305,0.984,0.35581799999999997
1.25,1.0,0.25,0.615,0.415,1.0,0.29537199999999997
1.25,1.0,0.5,0.945,0.25,0.768,0.45123599999999997
1.25,1.0,0.5,0.84,0.44,1.0,0.31174599999999997
1.25,1.0,0.5,0.275,0.47,1.0,0.30098
1.25,1.0,0.5,0.055,0.36,1.0,0.341214
1.25,1.0,0.5,0.5,0.305,0.952,0.3932
1.25,1.0,0.5,0.615,0.415,1.0,0.321694
1.25,1.0,0.75,0.945,0.25,0.726,0.45625800000000005
1.25,1.0,0.75,0.84,0.44,1.0,0.32135
1.25,1.0,0.75,0.275,0.47,1.0,0.30971
1.25,1.0,0.75,0.055,0.36,1.0,0.3420160000000001
1.25,1.0,0.75,0.5,0.305,0.954,0.40243799999999996
1.25,1.0,0.75,0.615,0.415,1.0,0.331774
1.25,1.0,1.0,0.945,0.25,0.864,0.44332000000000005
1.25,1.0,1.0,0.84,0.44,1.0,0.3214580000000001
1.25,1.0,1.0,0.275,0.47,1.0,0.30873400000000006
1.25,1.0,1.0,0.055,0.36,1.0,0.342498
1.25,1.0,1.0,0.5,0.305,0.976,0.39500599999999997
1.25,1.0,1.0,0.615,0.415,1.0,0.33112400000000003
1.25,1.0,1.25,0.945,0.25,0.864,0.44332000000000005
1.25,1.0,1.25,0.84,0.44,1.0,0.3214580000000001
1.25,1.0,1.25,0.275,0.47,1.0,0.30873400000000006
1.25,1.0,1.25,0.055,0.36,1.0,0.342498
1.25,1.0,1.25,0.5,0.305,0.976,0.39500599999999997
1.25,1.0,1.25,0.615,0.415,1.0,0.33112400000000003
1.25,1.0,1.5,0.945,0.25,0.864,0.44332000000000005
1.25,1.0,1.5,0.84,0.44,1.0,0.3214580000000001
1.25,1.0,1.5,0.275,0.47,1.0,0.30873400000000006
1.25,1.0,1.5,0.055,0.36,1.0,0.342498
1.25,1.0,1.5,0.5,0.305,0.976,0.39500599999999997
1.25,1.0,1.5,0.615,0.415,1.0,0.33112400000000003
1.25,1.0,2.0,0.945,0.25,0.864,0.44332000000000005
1.25,1.0,2.0,0.84,0.44,1.0,0.3214580000000001
1.25,1.0,2.0,0.275,0.47,1.0,0.30873400000000006
1.25,1.0,2.0,0.055,0.36,1.0,0.342498
1.25,1.0,2.0,0.5,0.305,0.976,0.39500599999999997
1.25,1.0,2.0,0.615,0.415,1.0,0.33112400000000003
1.25,1.5,0.0,0.945,0.25,0.978,0.31736800000000004
1.25,1.5,0.0,0.84,0.44,1.0,0.30219
1.25,1.5,0.0,0.275,0.47,1.0,0.32933799999999996
1.25,1.5,0.0,0.055,0.36,0.976,0.394658
1.25,1.5,0.0,0.5,0.305,0.99,0.35719399999999996
1.25,1.5,0.0,0.615,0.415,1.0,0.302652
1.25,1.5,0.25,0.945,0.25,0.644,0.46875
1.25,1.5,0.25,0.84,0.44,0.996,0.36009199999999997
1.25,1.5,0.25,0.275,0.47,0.998,0.358106
1.25,1.5,0.25,0.055,0.36,0.974,0.39974400000000004
1.25,1.5,0.25,0.5,0.305,0.896,0.4177139999999999
1.25,1.5,0.25,0.615,0.415,0.992,0.36816
1.25,1.5,0.5,0.945,0.25,0.402,0.5198820000000001
1.25,1.5,0.5,0.84,0.44,0.97,0.386562
1.25,1.5,0.5,0.275,0.47,0.99,0.37166999999999994
1.25,1.5,0.5,0.055,0.36,0.972,0.40159000000000006
1.25,1.5,0.5,0.5,0.305,0.752,0.453534
1.25,1.5,0.5,0.615,0.415,0.966,0.396914
1.25,1.5,0.75,0.945,0.25,0.318,0.5319380000000001
1.25,1.5,0.75,0.84,0.44,0.966,0.397544
1.25,1.5,0.75,0.275,0.47,0.992,0.381898
1.25,1.5,0.75,0.055,0.36,0.982,0.40336400000000006
1.25,1.5,0.75,0.5,0.305,0.702,0.46549199999999996
1.25,1.5,0.75,0.615,0.415,0.942,0.4078340000000001
1.25,1.5,1.0,0.945,0.25,0.36,0.521894
1.25,1.5,1.0,0.84,0.44,0.974,0.39783
1.25,1.5,1.0,0.275,0.47,0.994,0.38479399999999997
1.25,1.5,1.0,0.055,0.36,0.974,0.40351800000000004
1.25,1.5,1.0,0.5,0.305,0.68,0.471428
1.25,1.5,1.0,0.615,0.415,0.952,0.411826
1.25,1.5,1.25,0.945,0.25,0.456,0.507406
1.25,1.5,1.25,0.84,0.44,0.984,0.395786
1.25,1.5,1.25,0.275,0.47,0.988,0.38459799999999994
1.25,1.5,1.25,0.055,0.36,0.98,0.40395600000000004
1.25,1.5,1.25,0.5,0.305,0.71,0.46651
1.25,1.5,1.25,0.615,0.415,0.968,0.40566800000000003
1.25,1.5,1.5,0.945,0.25,0.554,0.49038800000000005
1.25,1.5,1.5,0.84,0.44,0.992,0.390154
1.25,1.5,1.5,0.275,0.47,0.994,0.38148799999999994
1.25,1.5,1.5,0.055,0.36,0.97,0.404794
1.25,1.5,1.5,0.5,0.305,0.806,0.452948
1.25,1.5,1.5,0.615,0.415,0.982,0.399992
1.25,1.5,2.0,0.945,0.25,0.554,0.49038800000000005
1.25,1.5,2.0,0.84,0.44,0.992,0.390154
1.25,1.5,2.0,0.275,0.47,0.994,0.38148799999999994
1.25,1.5,2.0,0.055,0.36,0.97,0.404794
1.25,1.5,2.0,0.5,0.305,0.806,0.452948
1.25,1.5,2.0,0.615,0.415,0.982,0.399992
1.25,2.0,0.0,0.945,0.25,0.932,0.38409799999999994
1.25,2.0,0.0,0.84,0.44,0.996,0.371502
1.25,2.0,0.0,0.275,0.47,0.974,0.394942
1.25,2.0,0.0,0.055,0.36,0.84,0.44711399999999996
1.25,2.0,0.0,0.5,0.305,0.904,0.416784
1.25,2.0,0.0,0.615,0.415,0.992,0.372216
1.25,2.0,0.25,0.945,0.25,0.476,0.5065759999999999
1.25,2.0,0.25,0.84,0.44,0.924,0.41914199999999996
1.25,2.0,0.25,0.275,0.47,0.944,0.41748
1.25,2.0,0.25,0.055,0.36,0.836,0.45133000000000006
1.25,2.0,0.25,0.5,0.305,0.696,0.46852600000000005
1.25,2.0,0.25,0.615,0.415,0.908,0.425322
1.25,2.0,0.5,0.945,0.25,0.256,0.55253
1.25,2.0,0.5,0.84,0.44,0.824,0.44460400000000005
1.25,2.0,0.5,0.275,0.47,0.912,0.432332
1.25,2.0,0.5,0.055,0.36,0.822,0.45284
1.25,2.0,0.5,0.5,0.305,0.494,0.495794
1.25,2.0,0.5,0.615,0.415,0.79,0.45261599999999996
1.25,2.0,0.75,0.945,0.25,0.178,0.57252
1.25,2.0,0.75,0.84,0.44,0.77,0.45667399999999997
1.25,2.0,0.75,0.275,0.47,0.876,0.438946
1.25,2.0,0.75,0.055,0.36,0.8,0.45449199999999995
1.25,2.0,0.75,0.5,0.305,0.418,0.5081600000000001
1.25,2.0,0.75,0.615,0.415,0.702,0.466534
1.25,2.0,1.0,0.945,0.25,0.142,0.5782
1.25,2.0,1.0,0.84,0.44,0.758,0.461006
1.25,2.0,1.0,0.275,0.47,0.868,0.44325600000000004
1.25,2.0,1.0,0.055,0.36,0.804,0.45563
1.25,2.0,1.0,0.5,0.305,0.382,0.5157959999999999
1.25,2.0,1.0,0.615,0.415,0.682,0.470092
1.25,2.0,1.25,0.945,0.25,0.164,0.572812
1.25,2.0,1.25,0.84,0.44,0.746,0.459718
1.25,2.0,1.25,0.275,0.47,0.84,0.447006
1.25,2.0,1.25,0.055,0.36,0.786,0.45726000000000006
1.25,2.0,1.25,0.5,0.305,0.35,0.5193779999999999
1.25,2.0,1.25,0.615,0.415,0.672,0.47110399999999997
1.25,2.0,1.5,0.945,0.25,0.172,0.557198
1.25,2.0,1.5,0.84,0.44,0.782,0.458552
1.25,2.0,1.5,0.275,0.47,0.854,0.44642600000000005
1.25,2.0,1.5,0.055,0.36,0.806,0.45609000000000005
1.25,2.0,1.5,0.5,0.305,0.39,0.5150640000000001
1.25,2.0,1.5,0.615,0.415,0.72,0.465206
1.25,2.0,2.0,0.945,0.25,0.312,0.525908
1.25,2.0,2.0,0.84,0.44,0.848,0.446156
1.25,2.0,2.0,0.275,0.47,0.896,0.438726
1.25,2.0,2.0,0.055,0.36,0.792,0.456424
1.25,2.0,2.0,0.5,0.305,0.506,0.49674
1.25,2.0,2.0,0.615,0.415,0.81,0.453762
1.3125,0.5,0.0,0.945,0.25,1.0,0.14485399999999998
1.3125,0.5,0.0,0.84,0.44,1.0,0.14485399999999998
1.3125,0.5,0.0,0.275,0.47,1.0,0.15475799999999998
1.3125,0.5,0.0,0.055,0.36,1.0,0.274038
1.3125,0.5,0.0,0.5,0.305,1.0,0.165426
1.3125,0.5,0.0,0.615,0.415,1.0,0.14485399999999998
1.3125,0.5,0.25,0.945,0.25,0.976,0.346978
1.3125,0.5,0.25,0.84,0.44,1.0,0.214244
1.3125,0.5,0.25,0.275,0.47,1.0,0.204912
1.3125,0.5,0.25,0.055,0.36,1.0,0.27921799999999997
1.3125,0.5,0.25,0.5,0.305,1.0,0.288912
1.3125,0.5,0.25,0.615,0.415,1.0,0.222998
1.3125,0.5,0.5,0.945,0.25,0.982,0.37831600000000004
1.3125,0.5,0.5,0.84,0.44,1.0,0.23831400000000003
1.3125,0.5,0.5,0.275,0.47,1.0,0.226156
1.3125,0.5,0.5,0.055,0.36,1.0,0.280574
1.3125,0.5,0.5,0.5,0.305,1.0,0.321526
1.3125,0.5,0.5,0.615,0.415,1.0,0.24916400000000002
1.3125,0.5,0.75,0.945,0.25,0.982,0.37831600000000004
1.3125,0.5,0.75,0.84,0.44,1.0,0.23831400000000003
1.3125,0.5,0.75,0.275,0.47,1.0,0.226156
1.3125,0.5,0.75,0.055,0.36,1.0,0.280574
1.3125,0.5,0.75,0.5,0.305,1.0,0.321526
1.3125,0.5,0.75,0.615,0.415,1.0,0.24916400000000002
1.3125,0.5,1.0,0.945,0.25,0.982,0.37831600000000004
1.3125,0.5,1.0,0.84,0.44,1.0,0.23831400000000003
1.3125,0.5,1.0,0.275,0.47,1.0,0.226156
1.3125,0.5,1.0,0.055,0.36,1.0,0.280574
1.3125,0.5,1.0,0.5,0.305,1.0,0.321526
1.3125,0.5,1.0,0.615,0.415,1.0,0.24916400000000002
1.3125,0.5,1.25,0.945,0.25,0.982,0.37831600000000004
1.3125,0.5,1.25,0.84,0.44,1.0,0.23831400000000003
1.3125,0.5,1.25,0.275,0.47,1.0,0.226156
1.3125,0.5,1.25,0.055,0.36,1.0,0.280574
1.3125,0.5,1.25,0.5,0.305,1.0,0.321526
1.3125,0.5,1.25,0.615,0.415,1.0,0.24916400000000002
1.3125,0.5,1.5,0.945,0.25,0.982,0.37831600000000004
1.3125,0.5,1.5,0.84,0.44,1.0,0.23831400000000003
1.3125,0.5,1.5,0.275,0.47,1.0,0.226156
1.3125,0.5,1.5,0.055,0.36,1.0,0.280574
1.3125,0.5,1.5,0.5,0.305,1.0,0.321526
1.3125,0.5,1.5,0.615,0.415,1.0,0.24916400000000002
1.3125,0.5,2.0,0.945,0.25,0.982,0.37831600000000004
1.3125,0.5,2.0,0.84,0.44,1.0,0.23831400000000003
1.3125,0.5,2.0,0.275,0.47,1.0,0.226156
1.3125,0.5,2.0,0.055,0.36,1.0,0.280574
1.3125,0.5,2.0,0.5,0.305,1.0,0.321526
1.3125,0.5,2.0,0.615,0.415,1.0,0.24916400000000002
1.3125,1.0,0.0,0.945,0.25,0.988,0.252064
1.3125,1.0,0.0,0.84,0.44,1.0,0.23803
1.3125,1.0,0.0,0.275,0.47,1.0,0.269976
1.3125,1.0,0.0,0.055,0.36,1.0,0.356688
1.3125,1.0,0.0,0.5,0.305,0.992,0.310756
1.3125,1.0,0.0,0.615,0.415,1.0,0.238202
1.3125,1.0,0.25,0.945,0.25,0.634,0.464072
1.3125,1.0,0.25,0.84,0.44,1.0,0.31173
1.3125,1.0,0.25,0.275,0.47,1.0,0.306018
1.3125,1.0,0.25,0.055,0.36,1.0,0.362902
1.3125,1.0,0.25,0.5,0.305,0.968,0.39118400000000003
1.3125,1.0,0.25,0.615,0.415,1.0,0.323804
1.3125,1.0,0.5,0.945,0.25,0.472,0.500232
1.3125,1.0,0.5,0.84,0.44,0.998,0.340928
1.3125,1.0,0.5,0.275,0.47,1.0,0.32548
1.3125,1.0,0.5,0.055,0.36,0.998,0.36369999999999997
1.3125,1.0,0.5,0.5,0.305,0.862,0.429986
1.3125,1.0,0.5,0.615,0.415,0.998,0.35199400000000003
1.3125,1.0,0.75,0.945,0.25,0.502,0.49549
1.3125,1.0,0.75,0.84,0.44,1.0,0.345536
1.3125,1.0,0.75,0.275,0.47,1.0,0.332078
1.3125,1.0,0.75,0.055,0.36,1.0,0.36622000000000005
1.3125,1.0,0.75,0.5,0.305,0.824,0.437404
1.3125,1.0,0.75,0.615,0.415,0.998,0.35821600000000003
1.3125,1.0,1.0,0.945,0.25,0.654,0.47591
1.3125,1.0,1.0,0.84,0.44,1.0,0.34414999999999996
1.3125,1.0,1.0,0.275,0.47,1.0,0.331168
1.3125,1.0,1.0,0.055,0.36,1.0,0.367426
1.3125,1.0,1.0,0.5,0.305,0.944,0.424476
1.3125,1.0,1.0,0.615,0.415,0.998,0.356652
1.3125,1.0,1.25,0.945,0.25,0.654,0.47591
1.3125,1.0,1.25,0.84,0.44,1.0,0.34414999999999996
1.3125,1.0,1.25,0.275,0.47,1.0,0.331168
1.3125,1.0,1.25,0.055,0.36,1.0,0.367426
1.3125,1.0,1.25,0.5,0.305,0.944,0.424476
1.3125,1.0,1.25,0.615,0.415,0.998,0.356652
1.3125,1.0,1.5,0.945,0.25,0.654,0.47591
1.3125,1.0,1.5,0.84,0.44,1.0,0.34414999999999996
1.3125,1.0,1.5,0.275,0.47,1.0,0.331168
1.3125,1.0,1.5,0.055,0.36,1.0,0.367426
1.3125,1.0,1.5,0.5,0.305,0.944,0.424476
1.3125,1.0,1.5,0.615,0.415,0.998,0.356652
1.3125,1.0,2.0,0.945,0.25,0.654,0.47591
1.3125,1.0,2.0,0.84,0.44,1.0,0.34414999999999996
1.3125,1.0,2.0,0.275,0.47,1.0,0.331168
1.3125,1.0,2.0,0.055,0.36,1.0,0.367426
1.3125,1.0,2.0,0.5,0.305,0.944,0.424476
1.3125,1.0,2.0,0.615,0.415,0.998,0.356652
1.3125,1.5,0.0,0.945,0.25,0.91,0.35826199999999997
1.3125,1.5,0.0,0.84,0.44,1.0,0.32495799999999997
1.3125,1.5,0.0,0.275,0.47,1.0,0.360524
1.3125,1.5,0.0,0.055,0.36,0.934,0.427412
1.3125,1.5,0.0,0.5,0.305,0.93,0.40056200000000003
1.3125,1.5,0.0,0.615,0.415,0.998,0.327274
1.3125,1.5,0.25,0.945,0.25,0.356,0.528118
1.3125,1.5,0.25,0.84,0.44,0.968,0.393824
1.3125,1.5,0.25,0.275,0.47,0.978,0.389056
1.3125,1.5,0.25,0.055,0.36,0.914,0.43107000000000006
1.3125,1.5,0.25,0.5,0.305,0.698,0.46236800000000006
1.3125,1.5,0.25,0.615,0.415,0.944,0.400988
1.3125,1.5,0.5,0.945,0.25,0.168,0.578652
1.3125,1.5,0.5,0.84,0.44,0.902,0.42390200000000006
1.3125,1.5,0.5,0.275,0.47,0.966,0.405466
1.3125,1.5,0.5,0.055,0.36,0.902,0.434196
1.3125,1.5,0.5,0.5,0.305,0.534,0.49237000000000003
1.3125,1.5,0.5,0.615,0.415,0.856,0.43549200000000005
1.3125,1.5,0.75,0.945,0.25,0.134,0.583228
1.3125,1.5,0.75,0.84,0.44,0.868,0.43417600000000006
1.3125,1.5,0.75,0.275,0.47,0.962,0.414862
1.3125,1.5,0.75,0.055,0.36,0.894,0.43681
1.3125,1.5,0.75,0.5,0.305,0.41,0.5094920000000001
1.3125,1.5,0.75,0.615,0.415,0.824,0.44607600000000003
1.3125,1.5,1.0,0.945,0.25,0.126,0.5739440000000001
1.3125,1.5,1.0,0.84,0.44,0.886,0.433486
1.3125,1.5,1.0,0.275,0.47,0.946,0.41891199999999995
1.3125,1.5,1.0,0.055,0.36,0.9,0.437142
1.3125,1.5,1.0,0.5,0.305,0.356,0.5147360000000001
1.3125,1.5,1.0,0.615,0.415,0.846,0.445098
1.3125,1.5,1.25,0.945,0.25,0.17,0.55345
1.3125,1.5,1.25,0.84,0.44,0.908,0.427926
1.3125,1.5,1.25,0.275,0.47,0.954,0.417022
1.3125,1.5,1.25,0.055,0.36,0.916,0.436356
1.3125,1.5,1.25,0.5,0.305,0.44,0.5029239999999999
1.3125,1.5,1.25,0.615,0.415,0.876,0.439582
1.3125,1.5,1.5,0.945,0.25,0.294,0.528016
1.3125,1.5,1.5,0.84,0.44,0.946,0.42123400000000005
1.3125,1.5,1.5,0.275,0.47,0.956,0.41158799999999995
1.3125,1.5,1.5,0.055,0.36,0.894,0.43734
1.3125,1.5,1.5,0.5,0.305,0.572,0.48728
1.3125,1.5,1.5,0.615,0.415,0.906,0.432182
1.3125,1.5,2.0,0.945,0.25,0.294,0.528016
1.3125,1.5,2.0,0.84,0.44,0.946,0.42123400000000005
1.3125,1.5,2.0,0.275,0.47,0.956,0.41158799999999995
1.3125,1.5,2.0,0.055,0.36,0.894,0.43734
1.3125,1.5,2.0,0.5,0.305,0.572,0.48728
1.3125,1.5,2.0,0.615,0.415,0.906,0.432182
1.3125,2.0,0.0,0.945,0.25,0.798,0.431462
1.3125,2.0,0.0,0.84,0.44,0.98,0.401048
1.3125,2.0,0.0,0.275,0.47,0.904,0.430402
1.3125,2.0,0.0,0.055,0.36,0.612,0.48544
1.3125,2.0,0.0,0.5,0.305,0.714,0.46208
1.3125,2.0,0.0,0.615,0.415,0.966,0.40321
1.3125,2.0,0.25,0.945,0.25,0.194,0.55853
1.3125,2.0,0.25,0.84,0.44,0.772,0.457272
1.3125,2.0,0.25,0.275,0.47,0.792,0.454438
1.3125,2.0,0.25,0.055,0.36,0.582,0.488486
1.3125,2.0,0.25,0.5,0.305,0.408,0.5106740000000001
1.3125,2.0,0.25,0.615,0.415,0.728,0.465672
1.3125,2.0,0.5,0.945,0.25,0.076,0.60702
1.3125,2.0,0.5,0.84,0.44,0.602,0.48651599999999995
1.3125,2.0,0.5,0.275,0.47,0.742,0.466916
1.3125,2.0,0.5,0.055,0.36,0.576,0.490518
1.3125,2.0,0.5,0.5,0.305,0.258,0.5340499999999999
1.3125,2.0,0.5,0.615,0.415,0.51,0.49437600000000004
1.3125,2.0,0.75,0.945,0.25,0.058,0.626198
1.3125,2.0,0.75,0.84,0.44,0.534,0.498044
1.3125,2.0,0.75,0.275,0.47,0.694,0.475612
1.3125,2.0,0.75,0.055,0.36,0.574,0.49158799999999997
1.3125,2.0,0.75,0.5,0.305,0.196,0.549206
1.3125,2.0,0.75,0.615,0.415,0.436,0.51044
1.3125,2.0,1.0,0.945,0.25,0.04,0.6284639999999999
1.3125,2.0,1.0,0.84,0.44,0.476,0.502076
1.3125,2.0,1.0,0.275,0.47,0.642,0.479682
1.3125,2.0,1.0,0.055,0.36,0.564,0.49166
1.3125,2.0,1.0,0.5,0.305,0.16,0.55562
1.3125,2.0,1.0,0.615,0.415,0.434,0.5136799999999999
1.3125,2.0,1.25,0.945,0.25,0.052,0.6216560000000001
1.3125,2.0,1.25,0.84,0.44,0.51,0.49912199999999995
1.3125,2.0,1.25,0.275,0.47,0.63,0.482286
1.3125,2.0,1.25,0.055,0.36,0.532,0.492856
1.3125,2.0,1.25,0.5,0.305,0.138,0.5587000000000001
1.3125,2.0,1.25,0.615,0.415,0.404,0.5112340000000001
1.3125,2.0,1.5,0.945,0.25,0.056,0.6045920000000001
1.3125,2.0,1.5,0.84,0.44,0.53,0.495008
1.3125,2.0,1.5,0.275,0.47,0.618,0.48206600000000005
1.3125,2.0,1.5,0.055,0.36,0.572,0.492214
1.3125,2.0,1.5,0.5,0.305,0.146,0.557056
1.3125,2.0,1.5,0.615,0.415,0.456,0.504272
1.3125,2.0,2.0,0.945,0.25,0.132,0.564194
1.3125,2.0,2.0,0.84,0.44,0.638,0.48208000000000006
1.3125,2.0,2.0,0.275,0.47,0.722,0.473452
1.3125,2.0,2.0,0.055,0.36,0.548,0.4924
1.3125,2.0,2.0,0.5,0.305,0.248,0.5336500000000001
1.3125,2.0,2.0,0.615,0.415,0.57,0.49047199999999996
1.375,0.5,0.0,0.945,0.25,1.0,0.15079800000000002
1.375,0.5,0.0,0.84,0.44,1.0,0.15079399999999998
1.375,0.5,0.0,0.275,0.47,1.0,0.164572
1.375,0.5,0.0,0.055,0.36,1.0,0.289798
1.375,0.5,0.0,0.5,0.305,1.0,0.183356
1.375,0.5,0.0,0.615,0.415,1.0,0.15079399999999998
1.375,0.5,0.25,0.945,0.25,0.936,0.385828
1.375,0.5,0.25,0.84,0.44,1.0,0.228138
1.375,0.5,0.25,0.275,0.47,1.0,0.217554
1.375,0.5,0.25,0.055,0.36,1.0,0.296702
1.375,0.5,0.25,0.5,0.305,0.996,0.313052
1.375,0.5,0.25,0.615,0.415,1.0,0.239576
1.375,0.5,0.5,0.945,0.25,0.906,0.41506600000000005
1.375,0.5,0.5,0.84,0.44,1.0,0.252852
1.375,0.5,0.5,0.275,0.47,1.0,0.240562
1.375,0.5,0.5,0.055,0.36,1.0,0.299222
1.375,0.5,0.5,0.5,0.305,0.998,0.34795000000000004
1.375,0.5,0.5,0.615,0.415,1.0,0.265928
1.375,0.5,0.75,0.945,0.25,0.906,0.41506600000000005
1.375,0.5,0.75,0.84,0.44,1.0,0.252852
1.375,0.5,0.75,0.275,0.47,1.0,0.240562
1.375,0.5,0.75,0.055,0.36,1.0,0.299222
1.375,0.5,0.75,0.5,0.305,0.998,0.34795000000000004
1.375,0.5,0.75,0.615,0.415,1.0,0.265928
1.375,0.5,1.0,0.945,0.25,0.906,0.41506600000000005
1.375,0.5,1.0,0.84,0.44,1.0,0.252852
1.375,0.5,1.0,0.275,0.47,1.0,0.240562
1.375,0.5,1.0,0.055,0.36,1.0,0.299222
1.375,0.5,1.0,0.5,0.305,0.998,0.34795000000000004
1.375,0.5,1.0,0.615,0.415,1.0,0.265928
1.375,0.5,1.25,0.945,0.25,0.906,0.41506600000000005
1.375,0.5,1.25,0.84,0.44,1.0,0.252852
1.375,0.5,1.25,0.275,0.47,1.0,0.240562
1.375,0.5,1.25,0.055,0.36,1.0,0.299222
1.375,0.5,1.25,0.5,0.305,0.998,0.34795000000000004
1.375,0.5,1.25,0.615,0.415,1.0,0.265928
1.375,0.5,1.5,0.945,0.25,0.906,0.41506600000000005
1.375,0.5,1.5,0.84,0.44,1.0,0.252852
1.375,0.5,1.5,0.275,0.47,1.0,0.240562
1.375,0.5,1.5,0.055,0.36,1.0,0.299222
1.375,0.5,1.5,0.5,0.305,0.998,0.34795000000000004
1.375,0.5,1.5,0.615,0.415,1.0,0.265928
1.375,0.5,2.0,0.945,0.25,0.906,0.41506600000000005
1.375,0.5,2.0,0.84,0.44,1.0,0.252852
1.375,0.5,2.0,0.275,0.47,1.0,0.240562
1.375,0.5,2.0,0.055,0.36,1.0,0.299222
1.375,0.5,2.0,0.5,0.305,0.998,0.34795000000000004
1.375,0.5,2.0,0.615,0.415,1.0,0.265928
1.375,1.0,0.0,0.945,0.25,0.94,0.287128
1.375,1.0,0.0,0.84,0.44,1.0,0.25191199999999997
1.375,1.0,0.0,0.275,0.47,1.0,0.29258000000000006
1.375,1.0,0.0,0.055,0.36,1.0,0.378702
1.375,1.0,0.0,0.5,0.305,0.988,0.34588
1.375,1.0,0.0,0.615,0.415,1.0,0.252698
1.375,1.0,0.25,0.945,0.25,0.382,0.518836
1.375,1.0,0.25,0.84,0.44,1.0,0.33644
1.375,1.0,0.25,0.275,0.47,1.0,0.328728
1.375,1.0,0.25,0.055,0.36,1.0,0.38409
1.375,1.0,0.25,0.5,0.305,0.84,0.42998200000000003
1.375,1.0,0.25,0.615,0.415,0.998,0.34981
1.375,1.0,0.5,0.945,0.25,0.302,0.5421159999999999
1.375,1.0,0.5,0.84,0.44,0.998,0.365984
1.375,1.0,0.5,0.275,0.47,1.0,0.34953599999999996
1.375,1.0,0.5,0.055,0.36,0.996,0.38729199999999997
1.375,1.0,0.5,0.5,0.305,0.692,0.46547200000000005
1.375,1.0,0.5,0.615,0.415,0.982,0.3811899999999999
1.375,1.0,0.75,0.945,0.25,0.284,0.534354
1.375,1.0,0.75,0.84,0.44,0.996,0.37161400000000006
1.375,1.0,0.75,0.275,0.47,1.0,0.35565399999999997
1.375,1.0,0.75,0.055,0.36,0.992,0.38930000000000003
1.375,1.0,0.75,0.5,0.305,0.686,0.47063599999999994
1.375,1.0,0.75,0.615,0.415,0.99,0.38511599999999996
1.375,1.0,1.0,0.945,0.25,0.416,0.510652
1.375,1.0,1.0,0.84,0.44,1.0,0.366132
1.375,1.0,1.0,0.275,0.47,1.0,0.35278
1.375,1.0,1.0,0.055,0.36,0.984,0.39104600000000006
1.375,1.0,1.0,0.5,0.305,0.802,0.45459
1.375,1.0,1.0,0.615,0.415,0.996,0.378932
1.375,1.0,1.25,0.945,0.25,0.416,0.510652
1.375,1.0,1.25,0.84,0.44,1.0,0.366132
1.375,1.0,1.25,0.275,0.47,1.0,0.35278
1.375,1.0,1.25,0.055,0.36,0.984,0.39104600000000006
1.375,1.0,1.25,0.5,0.305,0.802,0.45459
1.375,1.0,1.25,0.615,0.415,0.996,0.378932
1.375,1.0,1.5,0.945,0.25,0.416,0.510652
1.375,1.0,1.5,0.84,0.44,1.0,0.366132
1.375,1.0,1.5,0.275,0.47,1.0,0.35278
1.375,1.0,1.5,0.055,0.36,0.984,0.39104600000000006
1.375,1.0,1.5,0.5,0.305,0.802,0.45459
1.375,1.0,1.5,0.615,0.415,0.996,0.378932
1.375,1.0,2.0,0.945,0.25,0.416,0.510652
1.375,1.0,2.0,0.84,0.44,1.0,0.366132
1.375,1.0,2.0,0.275,0.47,1.0,0.35278
1.375,1.0,2.0,0.055,0.36,0.984,0.39104600000000006
1.375,1.0,2.0,0.5,0.305,0.802,0.45459
1.375,1.0,2.0,0.615,0.415,0.996,0.378932
1.375,1.5,0.0,0.945,0.25,0.778,0.40643999999999997
1.375,1.5,0.0,0.84,0.44,1.0,0.345466
1.375,1.5,0.0,0.275,0.47,0.98,0.38874000000000003
1.375,1.5,0.0,0.055,0.36,0.82,0.45459000000000005
1.375,1.5,0.0,0.5,0.305,0.812,0.439538
1.375,1.5,0.0,0.615,0.415,0.992,0.350028
1.375,1.5,0.25,0.945,0.25,0.142,0.58344
1.375,1.5,0.25,0.84,0.44,0.9,0.4255
1.375,1.5,0.25,0.275,0.47,0.956,0.417846
1.375,1.5,0.25,0.055,0.36,0.814,0.45868999999999993
1.375,1.5,0.25,0.5,0.305,0.508,0.496302
1.375,1.5,0.25,0.615,0.415,0.848,0.438978
1.375,1.5,0.5,0.945,0.25,0.074,0.622684
1.375,1.5,0.5,0.84,0.44,0.772,0.45663
1.375,1.5,0.5,0.275,0.47,0.902,0.433682
1.375,1.5,0.5,0.055,0.36,0.774,0.46199
1.375,1.5,0.5,0.5,0.305,0.29,0.52795
1.375,1.5,0.5,0.615,0.415,0.662,0.471608
1.375,1.5,0.75,0.945,0.25,0.064,0.629636
1.375,1.5,0.75,0.84,0.44,0.72,0.46622
1.375,1.5,0.75,0.275,0.47,0.88,0.441866
1.375,1.5,0.75,0.055,0.36,0.792,0.46185000000000004
1.375,1.5,0.75,0.5,0.305,0.204,0.5442239999999999
1.375,1.5,0.75,0.615,0.415,0.632,0.478952
1.375,1.5,1.0,0.945,0.25,0.054,0.612376
1.375,1.5,1.0,0.84,0.44,0.744,0.463964
1.375,1.5,1.0,0.275,0.47,0.858,0.445604
1.375,1.5,1.0,0.055,0.36,0.764,0.46493399999999996
1.375,1.5,1.0,0.5,0.305,0.202,0.5481940000000001
1.375,1.5,1.0,0.615,0.415,0.664,0.476166
1.375,1.5,1.25,0.945,0.25,0.082,0.586864
1.375,1.5,1.25,0.84,0.44,0.804,0.45698400000000006
1.375,1.5,1.25,0.275,0.47,0.88,0.44287600000000005
1.375,1.5,1.25,0.055,0.36,0.756,0.463192
1.375,1.5,1.25,0.5,0.305,0.254,0.537606
1.375,1.5,1.25,0.615,0.415,0.716,0.468856
1.375,1.5,1.5,0.945,0.25,0.136,0.562972
1.375,1.5,1.5,0.84,0.44,0.858,0.447078
1.375,1.5,1.5,0.275,0.47,0.91,0.43658199999999997
1.375,1.5,1.5,0.055,0.36,0.762,0.46420399999999995
1.375,1.5,1.5,0.5,0.305,0.35,0.517688
1.375,1.5,1.5,0.615,0.415,0.794,0.458732
1.375,1.5,2.0,0.945,0.25,0.136,0.562972
1.375,1.5,2.0,0.84,0.44,0.858,0.447078
1.375,1.5,2.0,0.275,0.47,0.91,0.43658199999999997
1.375,1.5,2.0,0.055,0.36,0.762,0.46420399999999995
1.375,1.5,2.0,0.5,0.305,0.35,0.517688
1.375,1.5,2.0,0.615,0.415,0.794,0.458732
1.375,2.0,0.0,0.945,0.25,0.596,0.47621600000000003
1.375,2.0,0.0,0.84,0.44,0.944,0.428132
1.375,2.0,0.0,0.275,0.47,0.744,0.46403999999999995
1.375,2.0,0.0,0.055,0.36,0.364,0.5169300000000001
1.375,2.0,0.0,0.5,0.305,0.442,0.5037699999999999
1.375,2.0,0.0,0.615,0.415,0.898,0.433062
1.375,2.0,0.25,0.945,0.25,0.1,0.6054539999999999
1.375,2.0,0.25,0.84,0.44,0.516,0.4944780000000001
1.375,2.0,0.25,0.275,0.47,0.566,0.48810200000000004
1.375,2.0,0.25,0.055,0.36,0.35,0.520806
1.375,2.0,0.25,0.5,0.305,0.202,0.5495399999999999
1.375,2.0,0.25,0.615,0.415,0.452,0.503264
1.375,2.0,0.5,0.945,0.25,0.032,0.64868
1.375,2.0,0.5,0.84,0.44,0.344,0.524424
1.375,2.0,0.5,0.275,0.47,0.462,0.5002620000000001
1.375,2.0,0.5,0.055,0.36,0.334,0.5217
1.375,2.0,0.5,0.5,0.305,0.1,0.571954
1.375,2.0,0.5,0.615,0.415,0.274,0.5351959999999999
1.375,2.0,0.75,0.945,0.25,0.012,0.668582
1.375,2.0,0.75,0.84,0.44,0.278,0.535258
1.375,2.0,0.75,0.275,0.47,0.428,0.50826
1.375,2.0,0.75,0.055,0.36,0.336,0.522922
1.375,2.0,0.75,0.5,0.305,0.088,0.584448
1.375,2.0,0.75,0.615,0.415,0.238,0.54836
1.375,2.0,1.0,0.945,0.25,0.008,0.6725979999999999
1.375,2.0,1.0,0.84,0.44,0.268,0.538442
1.375,2.0,1.0,0.275,0.47,0.43,0.51017
1.375,2.0,1.0,0.055,0.36,0.32,0.52319
1.375,2.0,1.0,0.5,0.305,0.048,0.590984
1.375,2.0,1.0,0.615,0.415,0.19,0.550858
1.375,2.0,1.25,0.945,0.25,0.012,0.6620519999999999
1.375,2.0,1.25,0.84,0.44,0.276,0.5343859999999999
1.375,2.0,1.25,0.275,0.47,0.4,0.513112
1.375,2.0,1.25,0.055,0.36,0.312,0.52291
1.375,2.0,1.25,0.5,0.305,0.062,0.594382
1.375,2.0,1.25,0.615,0.415,0.21,0.545078
1.375,2.0,1.5,0.945,0.25,0.022,0.6412899999999999
1.375,2.0,1.5,0.84,0.44,0.3,0.528404
1.375,2.0,1.5,0.275,0.47,0.384,0.5132899999999999
1.375,2.0,1.5,0.055,0.36,0.306,0.5249320000000001
1.375,2.0,1.5,0.5,0.305,0.05,0.593782
1.375,2.0,1.5,0.615,0.415,0.246,0.5388999999999999
1.375,2.0,2.0,0.945,0.25,0.032,0.601158
1.375,2.0,2.0,0.84,0.44,0.37,0.5137940000000001
1.375,2.0,2.0,0.275,0.47,0.438,0.5050020000000001
1.375,2.0,2.0,0.055,0.36,0.312,0.52346
1.375,2.0,2.0,0.5,0.305,0.104,0.568366
1.375,2.0,2.0,0.615,0.415,0.332,0.521422
1.4375,0.5,0.0,0.945,0.25,1.0,0.15694999999999998
1.4375,0.5,0.0,0.84,0.44,1.0,0.156642
1.4375,0.5,0.0,0.275,0.47,1.0,0.17558800000000002
1.4375,0.5,0.0,0.055,0.36,1.0,0.306504
1.4375,0.5,0.0,0.5,0.305,1.0,0.203694
1.4375,0.5,0.0,0.615,0.415,1.0,0.156642
1.4375,0.5,0.25,0.945,0.25,0.81,0.42420399999999997
1.4375,0.5,0.25,0.84,0.44,1.0,0.24343
1.4375,0.5,0.25,0.275,0.47,1.0,0.231328
1.4375,0.5,0.25,0.055,0.36,1.0,0.31174199999999996
1.4375,0.5,0.25,0.5,0.305,0.988,0.34332599999999996
1.4375,0.5,0.25,0.615,0.415,1.0,0.255912
1.4375,0.5,0.5,0.945,0.25,0.814,0.44538199999999994
1.4375,0.5,0.5,0.84,0.44,1.0,0.267862
1.4375,0.5,0.5,0.275,0.47,1.0,0.253336
1.4375,0.5,0.5,0.055,0.36,1.0,0.317476
1.4375,0.5,0.5,0.5,0.305,0.994,0.37511
1.4375,0.5,0.5,0.615,0.415,1.0,0.28168199999999993
1.4375,0.5,0.75,0.945,0.25,0.814,0.44538199999999994
1.4375,0.5,0.75,0.84,0.44,1.0,0.267862
1.4375,0.5,0.75,0.275,0.47,1.0,0.253336
1.4375,0.5,0.75,0.055,0.36,1.0,0.317476
1.4375,0.5,0.75,0.5,0.305,0.994,0.37511
1.4375,0.5,0.75,0.615,0.415,1.0,0.28168199999999993
1.4375,0.5,1.0,0.945,0.25,0.814,0.44538199999999994
1.4375,0.5,1.0,0.84,0.44,1.0,0.267862
1.4375,0.5,1.0,0.275,0.47,1.0,0.253336
1.4375,0.5,1.0,0.055,0.36,1.0,0.317476
1.4375,0.5,1.0,0.5,0.305,0.994,0.37511
1.4375,0.5,1.0,0.615,0.415,1.0,0.28168199999999993
1.4375,0.5,1.25,0.945,0.25,0.814,0.44538199999999994
1.4375,0.5,1.25,0.84,0.44,1.0,0.267862
1.4375,0.5,1.25,0.275,0.47,1.0,0.253336
1.4375,0.5,1.25,0.055,0.36,1.0,0.317476
1.4375,0.5,1.25,0.5,0.305,0.994,0.37511
1.4375,0.5,1.25,0.615,0.415,1.0,0.28168199999999993
1.4375,0.5,1.5,0.945,0.25,0.814,0.44538199999999994
1.4375,0.5,1.5,0.84,0.44,1.0,0.267862
1.4375,0.5,1.5,0.275,0.47,1.0,0.253336
1.4375,0.5,1.5,0.055,0.36,1.0,0.317476
1.4375,0.5,1.5,0.5,0.305,0.994,0.37511
1.4375,0.5,1.5,0.615,0.415,1.0,0.28168199999999993
1.4375,0.5,2.0,0.945,0.25,0.814,0.44538199999999994
1.4375,0.5,2.0,0.84,0.44,1.0,0.267862
1.4375,0.5,2.0,0.275,0.47,1.0,0.253336
1.4375,0.5,2.0,0.055,0.36,1.0,0.317476
1.4375,0.5,2.0,0.5,0.305,0.994,0.37511
1.4375,0.5,2.0,0.615,0.415,1.0,0.28168199999999993
1.4375,1.0,0.0,0.945,0.25,0.886,0.33051600000000003
1.4375,1.0,0.0,0.84,0.44,1.0,0.264392
1.4375,1.0,0.0,0.275,0.47,1.0,0.312718
1.4375,1.0,0.0,0.055,0.36,0.976,0.400968
1.4375,1.0,0.0,0.5,0.305,0.942,0.378868
1.4375,1.0,0.0,0.615,0.415,1.0,0.26633
1.4375,1.0,0.25,0.945,0.25,0.204,0.5686959999999999
1.4375,1.0,0.25,0.84,0.44,0.996,0.36183599999999994
1.4375,1.0,0.25,0.275,0.47,1.0,0.349422
1.4375,1.0,0.25,0.055,0.36,0.982,0.40588599999999997
1.4375,1.0,0.25,0.5,0.305,0.722,0.46071400000000007
1.4375,1.0,0.25,0.615,0.415,0.966,0.376942
1.4375,1.0,0.5,0.945,0.25,0.124,0.588284
1.4375,1.0,0.5,0.84,0.44,0.976,0.388684
1.4375,1.0,0.5,0.275,0.47,0.998,0.36982600000000004
1.4375,1.0,0.5,0.055,0.36,0.98,0.40961000000000003
1.4375,1.0,0.5,0.5,0.305,0.504,0.49795399999999995
1.4375,1.0,0.5,0.615,0.415,0.954,0.407726
1.4375,1.0,0.75,0.945,0.25,0.142,0.565344
1.4375,1.0,0.75,0.84,0.44,0.984,0.395084
1.4375,1.0,0.75,0.275,0.47,0.996,0.376018
1.4375,1.0,0.75,0.055,0.36,0.968,0.41308
1.4375,1.0,0.75,0.5,0.305,0.496,0.500004
1.4375,1.0,0.75,0.615,0.415,0.956,0.41051199999999993
1.4375,1.0,1.0,0.945,0.25,0.23,0.539222
1.4375,1.0,1.0,0.84,0.44,0.994,0.386478
1.4375,1.0,1.0,0.275,0.47,0.996,0.372436
1.4375,1.0,1.0,0.055,0.36,0.968,0.414144
1.4375,1.0,1.0,0.5,0.305,0.644,0.479726
1.4375,1.0,1.0,0.615,0.415,0.984,0.401534
1.4375,1.0,1.25,0.945,0.25,0.23,0.539222
1.4375,1.0,1.25,0.84,0.44,0.994,0.386478
1.4375,1.0,1.25,0.275,0.47,0.996,0.372436
1.4375,1.0,1.25,0.055,0.36,0.968,0.414144
1.4375,1.0,1.25,0.5,0.305,0.644,0.479726
1.4375,1.0,1.25,0.615,0.415,0.984,0.401534
1.4375,1.0,1.5,0.945,0.25,0.23,0.539222
1.4375,1.0,1.5,0.84,0.44,0.994,0.386478
1.4375,1.0,1.5,0.275,0.47,0.996,0.372436
1.4375,1.0,1.5,0.055,0.36,0.968,0.414144
1.4375,1.0,1.5,0.5,0.305,0.644,0.479726
1.4375,1.0,1.5,0.615,0.415,0.984,0.401534
1.4375,1.0,2.0,0.945,0.25,0.23,0.539222
1.4375,1.0,2.0,0.84,0.44,0.994,0.386478
1.4375,1.0,2.0,0.275,0.47,0.996,0.372436
1.4375,1.0,2.0,0.055,0.36,0.968,0.414144
1.4375,1.0,2.0,0.5,0.305,0.644,0.479726
1.4375,1.0,2.0,0.615,0.415,0.984,0.401534
1.4375,1.5,0.0,0.945,0.25,0.624,0.45786600000000005
1.4375,1.5,0.0,0.84,0.44,1.0,0.365582
1.4375,1.5,0.0,0.275,0.47,0.952,0.416832
1.4375,1.5,0.0,0.055,0.36,0.65,0.48035
1.4375,1.5,0.0,0.5,0.305,0.642,0.474126
1.4375,1.5,0.0,0.615,0.415,0.982,0.374378
1.4375,1.5,0.25,0.945,0.25,0.078,0.6246680000000001
1.4375,1.5,0.25,0.84,0.44,0.784,0.458208
1.4375,1.5,0.25,0.275,0.47,0.874,0.443928
1.4375,1.5,0.25,0.055,0.36,0.604,0.485926
1.4375,1.5,0.25,0.5,0.305,0.286,0.53104
1.4375,1.5,0.25,0.615,0.415,0.65,0.47307000000000005
1.4375,1.5,0.5,0.945,0.25,0.014,0.6659619999999999
1.4375,1.5,0.5,0.84,0.44,0.574,0.490024
1.4375,1.5,0.5,0.275,0.47,0.798,0.460042
1.4375,1.5,0.5,0.055,0.36,0.588,0.487224
1.4375,1.5,0.5,0.5,0.305,0.144,0.56074
1.4375,1.5,0.5,0.615,0.415,0.444,0.5044959999999999
1.4375,1.5,0.75,0.945,0.25,0.01,0.6715840000000001
1.4375,1.5,0.75,0.84,0.44,0.498,0.495538
1.4375,1.5,0.75,0.275,0.47,0.748,0.469192
1.4375,1.5,0.75,0.055,0.36,0.588,0.488002
1.4375,1.5,0.75,0.5,0.305,0.092,0.5735
1.4375,1.5,0.75,0.615,0.415,0.392,0.514706
1.4375,1.5,1.0,0.945,0.25,0.024,0.649894
1.4375,1.5,1.0,0.84,0.44,0.536,0.49329999999999996
1.4375,1.5,1.0,0.275,0.47,0.684,0.473034
1.4375,1.5,1.0,0.055,0.36,0.554,0.48996799999999996
1.4375,1.5,1.0,0.5,0.305,0.096,0.5810720000000001
1.4375,1.5,1.0,0.615,0.415,0.442,0.5067860000000001
1.4375,1.5,1.25,0.945,0.25,0.032,0.6193799999999999
1.4375,1.5,1.25,0.84,0.44,0.636,0.484046
1.4375,1.5,1.25,0.275,0.47,0.744,0.47106600000000004
1.4375,1.5,1.25,0.055,0.36,0.584,0.488962
1.4375,1.5,1.25,0.5,0.305,0.114,0.570716
1.4375,1.5,1.25,0.615,0.415,0.492,0.49826200000000004
1.4375,1.5,1.5,0.945,0.25,0.054,0.59305
1.4375,1.5,1.5,0.84,0.44,0.704,0.47494600000000003
1.4375,1.5,1.5,0.275,0.47,0.786,0.46219399999999994
1.4375,1.5,1.5,0.055,0.36,0.578,0.48960399999999993
1.4375,1.5,1.5,0.5,0.305,0.152,0.5501200000000002
1.4375,1.5,1.5,0.615,0.415,0.606,0.486134
1.4375,1.5,2.0,0.945,0.25,0.054,0.59305
1.4375,1.5,2.0,0.84,0.44,0.704,0.47494600000000003
1.4375,1.5,2.0,0.275,0.47,0.786,0.46219399999999994
1.4375,1.5,2.0,0.055,0.36,0.578,0.48960399999999993
1.4375,1.5,2.0,0.5,0.305,0.152,0.5501200000000002
1.4375,1.5,2.0,0.615,0.415,0.606,0.486134
1.4375,2.0,0.0,0.945,0.25,0.382,0.529466
1.4375,2.0,0.0,0.84,0.44,0.838,0.454896
1.4375,2.0,0.0,0.275,0.47,0.508,0.497052
1.4375,2.0,0.0,0.055,0.36,0.166,0.5465840000000001
1.4375,2.0,0.0,0.5,0.305,0.248,0.5377240000000001
1.4375,2.0,0.0,0.615,0.415,0.74,0.46514
1.4375,2.0,0.25,0.945,0.25,0.024,0.6454200000000001
1.4375,2.0,0.25,0.84,0.44,0.296,0.528284
1.4375,2.0,0.25,0.275,0.47,0.344,0.519812
1.4375,2.0,0.25,0.055,0.36,0.136,0.5517280000000001
1.4375,2.0,0.25,0.5,0.305,0.07,0.5842739999999998
1.4375,2.0,0.25,0.615,0.415,0.224,0.539298
1.4375,2.0,0.5,0.945,0.25,0.014,0.687226
1.4375,2.0,0.5,0.84,0.44,0.158,0.56243
1.4375,2.0,0.5,0.275,0.47,0.252,0.5319940000000001
1.4375,2.0,0.5,0.055,0.36,0.138,0.552804
1.4375,2.0,0.5,0.5,0.305,0.038,0.6054299999999999
1.4375,2.0,0.5,0.615,0.415,0.116,0.570458
1.4375,2.0,0.75,0.945,0.25,0.004,0.707072
1.4375,2.0,0.75,0.84,0.44,0.108,0.5750940000000001
1.4375,2.0,0.75,0.275,0.47,0.202,0.538588
1.4375,2.0,0.75,0.055,0.36,0.118,0.553624
1.4375,2.0,0.75,0.5,0.305,0.024,0.6171420000000001
1.4375,2.0,0.75,0.615,0.415,0.076,0.5869800000000001
1.4375,2.0,1.0,0.945,0.25,0.0,0.713178
1.4375,2.0,1.0,0.84,0.44,0.096,0.5752840000000001
1.4375,2.0,1.0,0.275,0.47,0.196,0.542398
1.4375,2.0,1.0,0.055,0.36,0.128,0.55503
1.4375,2.0,1.0,0.5,0.305,0.018,0.6245040000000001
1.4375,2.0,1.0,0.615,0.415,0.074,0.588818
1.4375,2.0,1.25,0.945,0.25,0.002,0.7027
1.4375,2.0,1.25,0.84,0.44,0.112,0.5687920000000001
1.4375,2.0,1.25,0.275,0.47,0.182,0.5440640000000001
1.4375,2.0,1.25,0.055,0.36,0.13,0.555278
1.4375,2.0,1.25,0.5,0.305,0.022,0.6285640000000001
1.4375,2.0,1.25,0.615,0.415,0.08,0.581806
1.4375,2.0,1.5,0.945,0.25,0.004,0.679394
1.4375,2.0,1.5,0.84,0.44,0.124,0.5598979999999999
1.4375,2.0,1.5,0.275,0.47,0.16,0.546142
1.4375,2.0,1.5,0.055,0.36,0.112,0.5551220000000001
1.4375,2.0,1.5,0.5,0.305,0.014,0.6284820000000001
1.4375,2.0,1.5,0.615,0.415,0.1,0.572886
1.4375,2.0,2.0,0.945,0.25,0.016,0.6310800000000001
1.4375,2.0,2.0,0.84,0.44,0.182,0.5433779999999999
1.4375,2.0,2.0,0.275,0.47,0.204,0.534834
1.4375,2.0,2.0,0.055,0.36,0.124,0.5545599999999999
1.4375,2.0,2.0,0.5,0.305,0.03,0.6009099999999999
1.4375,2.0,2.0,0.615,0.415,0.154,0.551384
1.5,0.5,0.0,0.945,0.25,1.0,0.16270199999999999
1.5,0.5,0.0,0.84,0.44,1.0,0.16221000000000002
1.5,0.5,0.0,0.275,0.47,1.0,0.18694599999999997
1.5,0.5,0.0,0.055,0.36,1.0,0.32179
1.5,0.5,0.0,0.5,0.305,1.0,0.227772
1.5,0.5,0.0,0.615,0.415,1.0,0.16221000000000002
1.5,0.5,0.25,0.945,0.25,0.674,0.462692
1.5,0.5,0.25,0.84,0.44,1.0,0.256438
1.5,0.5,0.25,0.275,0.47,1.0,0.24386000000000002
1.5,0.5,0.25,0.055,0.36,1.0,0.32761599999999996
1.5,0.5,0.25,0.5,0.305,0.958,0.37122000000000005
1.5,0.5,0.25,0.615,0.415,1.0,0.27308799999999994
1.5,0.5,0.5,0.945,0.25,0.636,0.475654
1.5,0.5,0.5,0.84,0.44,1.0,0.281918
1.5,0.5,0.5,0.275,0.47,1.0,0.266538
1.5,0.5,0.5,0.055,0.36,1.0,0.332168
1.5,0.5,0.5,0.5,0.305,0.962,0.396626
1.5,0.5,0.5,0.615,0.415,1.0,0.29716999999999993
1.5,0.5,0.75,0.945,0.25,0.636,0.475654
1.5,0.5,0.75,0.84,0.44,1.0,0.281918
1.5,0.5,0.75,0.275,0.47,1.0,0.266538
1.5,0.5,0.75,0.055,0.36,1.0,0.332168
1.5,0.5,0.75,0.5,0.305,0.962,0.396626
1.5,0.5,0.75,0.615,0.415,1.0,0.29716999999999993
1.5,0.5,1.0,0.945,0.25,0.636,0.475654
1.5,0.5,1.0,0.84,0.44,1.0,0.281918
1.5,0.5,1.0,0.275,0.47,1.0,0.266538
1.5,0.5,1.0,0.055,0.36,1.0,0.332168
1.5,0.5,1.0,0.5,0.305,0.962,0.396626
1.5,0.5,1.0,0.615,0.415,1.0,0.29716999999999993
1.5,0.5,1.25,0.945,0.25,0.636,0.475654
1.5,0.5,1.25,0.84,0.44,1.0,0.281918
1.5,0.5,1.25,0.275,0.47,1.0,0.266538
1.5,0.5,1.25,0.055,0.36,1.0,0.332168
1.5,0.5,1.25,0.5,0.305,0.962,0.396626
1.5,0.5,1.25,0.615,0.415,1.0,0.29716999999999993
1.5,0.5,1.5,0.945,0.25,0.636,0.475654
1.5,0.5,1.5,0.84,0.44,1.0,0.281918
1.5,0.5,1.5,0.275,0.47,1.0,0.266538
1.5,0.5,1.5,0.055,0.36,1.0,0.332168
1.5,0.5,1.5,0.5,0.305,0.962,0.396626
1.5,0.5,1.5,0.615,0.415,1.0,0.29716999999999993
1.5,0.5,2.0,0.945,0.25,0.636,0.475654
1.5,0.5,2.0,0.84,0.44,1.0,0.281918
1.5,0.5,2.0,0.275,0.47,1.0,0.266538
1.5,0.5,2.0,0.055,0.36,1.0,0.332168
1.5,0.5,2.0,0.5,0.305,0.962,0.396626
1.5,0.5,2.0,0.615,0.415,1.0,0.29716999999999993
1.5,1.0,0.0,0.945,0.25,0.744,0.385012
1.5,1.0,0.0,0.84,0.44,1.0,0.278096
1.5,1.0,0.0,0.275,0.47,1.0,0.333192
1.5,1.0,0.0,0.055,0.36,0.948,0.42419
1.5,1.0,0.0,0.5,0.305,0.858,0.415958
1.5,1.0,0.0,0.615,0.415,1.0,0.28239
1.5,1.0,0.25,0.945,0.25,0.098,0.6153620000000001
1.5,1.0,0.25,0.84,0.44,0.966,0.390246
1.5,1.0,0.25,0.275,0.47,0.994,0.372912
1.5,1.0,0.25,0.055,0.36,0.952,0.428736
1.5,1.0,0.25,0.5,0.305,0.474,0.49875400000000003
1.5,1.0,0.25,0.615,0.415,0.934,0.405676
1.5,1.0,0.5,0.945,0.25,0.034,0.631112
1.5,1.0,0.5,0.84,0.44,0.946,0.41688600000000003
1.5,1.0,0.5,0.275,0.47,0.994,0.392974
1.5,1.0,0.5,0.055,0.36,0.938,0.432376
1.5,1.0,0.5,0.5,0.305,0.258,0.5314800000000001
1.5,1.0,0.5,0.615,0.415,0.876,0.43402999999999997
1.5,1.0,0.75,0.945,0.25,0.044,0.6053699999999999
1.5,1.0,0.75,0.84,0.44,0.948,0.41921
1.5,1.0,0.75,0.275,0.47,0.988,0.39812800000000004
1.5,1.0,0.75,0.055,0.36,0.914,0.434884
1.5,1.0,0.75,0.5,0.305,0.266,0.534638
1.5,1.0,0.75,0.615,0.415,0.906,0.43569
1.5,1.0,1.0,0.945,0.25,0.094,0.566484
1.5,1.0,1.0,0.84,0.44,0.976,0.41000400000000004
1.5,1.0,1.0,0.275,0.47,0.992,0.39374200000000004
1.5,1.0,1.0,0.055,0.36,0.946,0.434544
1.5,1.0,1.0,0.5,0.305,0.43,0.5068400000000001
1.5,1.0,1.0,0.615,0.415,0.96,0.42421
1.5,1.0,1.25,0.945,0.25,0.094,0.566484
1.5,1.0,1.25,0.84,0.44,0.976,0.41000400000000004
1.5,1.0,1.25,0.275,0.47,0.992,0.39374200000000004
1.5,1.0,1.25,0.055,0.36,0.946,0.434544
1.5,1.0,1.25,0.5,0.305,0.43,0.5068400000000001
1.5,1.0,1.25,0.615,0.415,0.96,0.42421
1.5,1.0,1.5,0.945,0.25,0.094,0.566484
1.5,1.0,1.5,0.84,0.44,0.976,0.41000400000000004
1.5,1.0,1.5,0.275,0.47,0.992,0.39374200000000004
1.5,1.0,1.5,0.055,0.36,0.946,0.434544
1.5,1.0,1.5,0.5,0.305,0.43,0.5068400000000001
1.5,1.0,1.5,0.615,0.415,0.96,0.42421
1.5,1.0,2.0,0.945,0.25,0.094,0.566484
1.5,1.0,2.0,0.84,0.44,0.976,0.41000400000000004
1.5,1.0,2.0,0.275,0.47,0.992,0.39374200000000004
1.5,1.0,2.0,0.055,0.36,0.946,0.434544
1.5,1.0,2.0,0.5,0.305,0.43,0.5068400000000001
1.5,1.0,2.0,0.615,0.415,0.96,0.42421
1.5,1.5,0.0,0.945,0.25,0.386,0.52222
1.5,1.5,0.0,0.84,0.44,0.994,0.386868
1.5,1.5,0.0,0.275,0.47,0.862,0.4436320000000001
1.5,1.5,0.0,0.055,0.36,0.422,0.5095299999999999
1.5,1.5,0.0,0.5,0.305,0.398,0.512518
1.5,1.5,0.0,0.615,0.415,0.936,0.404254
1.5,1.5,0.25,0.945,0.25,0.026,0.66561
1.5,1.5,0.25,0.84,0.44,0.552,0.491592
1.5,1.5,0.25,0.275,0.47,0.684,0.473564
1.5,1.5,0.25,0.055,0.36,0.362,0.513582
1.5,1.5,0.25,0.5,0.305,0.126,0.56775
1.5,1.5,0.25,0.615,0.415,0.45,0.505682
1.5,1.5,0.5,0.945,0.25,0.006,0.703516
1.5,1.5,0.5,0.84,0.44,0.308,0.5280819999999999
1.5,1.5,0.5,0.275,0.47,0.6,0.487814
1.5,1.5,0.5,0.055,0.36,0.366,0.515482
1.5,1.5,0.5,0.5,0.305,0.044,0.594422
1.5,1.5,0.5,0.615,0.415,0.244,0.5422839999999999
1.5,1.5,0.75,0.945,0.25,0.002,0.7109639999999999
1.5,1.5,0.75,0.84,0.44,0.292,0.532336
1.5,1.5,0.75,0.275,0.47,0.53,0.49598000000000003
1.5,1.5,0.75,0.055,0.36,0.354,0.51728
1.5,1.5,0.75,0.5,0.305,0.038,0.604456
1.5,1.5,0.75,0.615,0.415,0.214,0.5488700000000001
1.5,1.5,1.0,0.945,0.25,0.006,0.6864419999999999
1.5,1.5,1.0,0.84,0.44,0.318,0.524028
1.5,1.5,1.0,0.275,0.47,0.494,0.501636
1.5,1.5,1.0,0.055,0.36,0.342,0.517028
1.5,1.5,1.0,0.5,0.305,0.032,0.613482
1.5,1.5,1.0,0.615,0.415,0.222,0.538916
1.5,1.5,1.25,0.945,0.25,0.004,0.6518860000000001
1.5,1.5,1.25,0.84,0.44,0.37,0.5141800000000001
1.5,1.5,1.25,0.275,0.47,0.494,0.49957399999999996
1.5,1.5,1.25,0.055,0.36,0.32,0.518538
1.5,1.5,1.25,0.5,0.305,0.03,0.6044759999999999
1.5,1.5,1.25,0.615,0.415,0.32,0.525752
1.5,1.5,1.5,0.945,0.25,0.016,0.621942
1.5,1.5,1.5,0.84,0.44,0.47,0.501024
1.5,1.5,1.5,0.275,0.47,0.598,0.488674
1.5,1.5,1.5,0.055,0.36,0.33,0.5184200000000001
1.5,1.5,1.5,0.5,0.305,0.064,0.5791580000000001
1.5,1.5,1.5,0.615,0.415,0.386,0.5137
1.5,1.5,2.0,0.945,0.25,0.016,0.621942
1.5,1.5,2.0,0.84,0.44,0.47,0.501024
1.5,1.5,2.0,0.275,0.47,0.598,0.488674
1.5,1.5,2.0,0.055,0.36,0.33,0.5184200000000001
1.5,1.5,2.0,0.5,0.305,0.064,0.5791580000000001
1.5,1.5,2.0,0.615,0.415,0.386,0.5137
1.5,2.0,0.0,0.945,0.25,0.2,0.575922
1.5,2.0,0.0,0.84,0.44,0.648,0.482428
1.5,2.0,0.0,0.275,0.47,0.29,0.5287520000000001
1.5,2.0,0.0,0.055,0.36,0.068,0.577514
1.5,2.0,0.0,0.5,0.305,0.11,0.574844
1.5,2.0,0.0,0.615,0.415,0.536,0.498034
1.5,2.0,0.25,0.945,0.25,0.002,0.6869759999999999
1.5,2.0,0.25,0.84,0.44,0.134,0.56771
1.5,2.0,0.25,0.275,0.47,0.158,0.550544
1.5,2.0,0.25,0.055,0.36,0.052,0.5818340000000001
1.5,2.0,0.25,0.5,0.305,0.02,0.6169060000000001
1.5,2.0,0.25,0.615,0.415,0.11,0.573492
1.5,2.0,0.5,0.945,0.25,0.0,0.7226579999999999
1.5,2.0,0.5,0.84,0.44,0.064,0.59701
1.5,2.0,0.5,0.275,0.47,0.122,0.5617620000000001
1.5,2.0,0.5,0.055,0.36,0.048,0.581942
1.5,2.0,0.5,0.5,0.305,0.012,0.637852
1.5,2.0,0.5,0.615,0.415,0.044,0.607336
1.5,2.0,0.75,0.945,0.25,0.0,0.737852
1.5,2.0,0.75,0.84,0.44,0.038,0.609548
1.5,2.0,0.75,0.275,0.47,0.074,0.568746
1.5,2.0,0.75,0.055,0.36,0.046,0.584296
1.5,2.0,0.75,0.5,0.305,0.002,0.64937
1.5,2.0,0.75,0.615,0.415,0.032,0.62105
1.5,2.0,1.0,0.945,0.25,0.0,0.744534
1.5,2.0,1.0,0.84,0.44,0.032,0.61161
1.5,2.0,1.0,0.275,0.47,0.078,0.570922
1.5,2.0,1.0,0.055,0.36,0.048,0.585362
1.5,2.0,1.0,0.5,0.305,0.008,0.6549959999999999
1.5,2.0,1.0,0.615,0.415,0.024,0.6254379999999999
1.5,2.0,1.25,0.945,0.25,0.0,0.7352160000000001
1.5,2.0,1.25,0.84,0.44,0.036,0.6026800000000001
1.5,2.0,1.25,0.275,0.47,0.058,0.574692
1.5,2.0,1.25,0.055,0.36,0.04,0.5848340000000001
1.5,2.0,1.25,0.5,0.305,0.01,0.659302
1.5,2.0,1.25,0.615,0.415,0.02,0.6145360000000001
1.5,2.0,1.5,0.945,0.25,0.0,0.71005
1.5,2.0,1.5,0.84,0.44,0.048,0.593004
1.5,2.0,1.5,0.275,0.47,0.068,0.57552
1.5,2.0,1.5,0.055,0.36,0.046,0.5836579999999999
1.5,2.0,1.5,0.5,0.305,0.002,0.6594880000000001
1.5,2.0,1.5,0.615,0.415,0.03,0.604178
1.5,2.0,2.0,0.945,0.25,0.0,0.6603380000000001
1.5,2.0,2.0,0.84,0.44,0.074,0.572414
1.5,2.0,2.0,0.275,0.47,0.1,0.563224
1.5,2.0,2.0,0.055,0.36,0.044,0.5860179999999999
1.5,2.0,2.0,0.5,0.305,0.008,0.62986
1.5,2.0,2.0,0.615,0.415,0.046,0.582894
1.75,0.5,0.0,0.945,0.25,0.912,0.22590200000000002
1.75,0.5,0.0,0.84,0.44,1.0,0.186538
1.75,0.5,0.0,0.275,0.47,1.0,0.23988400000000001
1.75,0.5,0.0,0.055,0.36,0.996,0.386208
1.75,0.5,0.0,0.5,0.305,0.91,0.36423
1.75,0.5,0.0,0.615,0.415,1.0,0.18654
1.75,0.5,0.25,0.945,0.25,0.088,0.6096159999999999
1.75,0.5,0.25,0.84,0.44,1.0,0.323534
1.75,0.5,0.25,0.275,0.47,1.0,0.305036
1.75,0.5,0.25,0.055,0.36,0.994,0.39235799999999993
1.75,0.5,0.25,0.5,0.305,0.52,0.49505600000000005
1.75,0.5,0.25,0.615,0.415,0.998,0.34507000000000004
1.75,0.5,0.5,0.945,0.25,0.074,0.5833400000000001
1.75,0.5,0.5,0.84,0.44,1.0,0.34272
1.75,0.5,0.5,0.275,0.47,1.0,0.32196600000000003
1.75,0.5,0.5,0.055,0.36,0.988,0.39777399999999996
1.75,0.5,0.5,0.5,0.305,0.568,0.49102599999999996
1.75,0.5,0.5,0.615,0.415,1.0,0.36386199999999996
1.75,0.5,0.75,0.945,0.25,0.074,0.5833400000000001
1.75,0.5,0.75,0.84,0.44,1.0,0.34272
1.75,0.5,0.75,0.275,0.47,1.0,0.32196600000000003
1.75,0.5,0.75,0.055,0.36,0.988,0.39777399999999996
1.75,0.5,0.75,0.5,0.305,0.568,0.49102599999999996
1.75,0.5,0.75,0.615,0.415,1.0,0.36386199999999996
1.75,0.5,1.0,0.945,0.25,0.074,0.5833400000000001
1.75,0.5,1.0,0.84,0.44,1.0,0.34272
1.75,0.5,1.0,0.275,0.47,1.0,0.32196600000000003
1.75,0.5,1.0,0.055,0.36,0.988,0.39777399999999996
1.75,0.5,1.0,0.5,0.305,0.568,0.49102599999999996
1.75,0.5,1.0,0.615,0.415,1.0,0.36386199999999996
1.75,0.5,1.25,0.945,0.25,0.074,0.5833400000000001
1.75,0.5,1.25,0.84,0.44,1.0,0.34272
1.75,0.5,1.25,0.275,0.47,1.0,0.32196600000000003
1.75,0.5,1.25,0.055,0.36,0.988,0.39777399999999996
1.75,0.5,1.25,0.5,0.305,0.568,0.49102599999999996
1.75,0.5,1.25,0.615,0.415,1.0,0.36386199999999996
1.75,0.5,1.5,0.945,0.25,0.074,0.5833400000000001
1.75,0.5,1.5,0.84,0.44,1.0,0.34272
1.75,0.5,1.5,0.275,0.47,1.0,0.32196600000000003
1.75,0.5,1.5,0.055,0.36,0.988,0.39777399999999996
1.75,0.5,1.5,0.5,0.305,0.568,0.49102599999999996
1.75,0.5,1.5,0.615,0.415,1.0,0.36386199999999996
1.75,0.5,2.0,0.945,0.25,0.074,0.5833400000000001
1.75,0.5,2.0,0.84,0.44,1.0,0.34272
1.75,0.5,2.0,0.275,0.47,1.0,0.32196600000000003
1.75,0.5,2.0,0.055,0.36,0.988,0.39777399999999996
1.75,0.5,2.0,0.5,0.305,0.568,0.49102599999999996
1.75,0.5,2.0,0.615,0.415,1.0,0.36386199999999996
1.75,1.0,0.0,0.945,0.25,0.118,0.6327560000000001
1.75,1.0,0.0,0.84,0.44,0.998,0.335774
1.75,1.0,0.0,0.275,0.47,0.92,0.42560400000000004
1.75,1.0,0.0,0.055,0.36,0.384,0.5124119999999999
1.75,1.0,0.0,0.5,0.305,0.224,0.549556
1.75,1.0,0.0,0.615,0.415,0.914,0.38579
1.75,1.0,0.25,0.945,0.25,0.0,0.761282
1.75,1.0,0.25,0.84,0.44,0.422,0.50993
1.75,1.0,0.25,0.275,0.47,0.732,0.46625599999999995
1.75,1.0,0.25,0.055,0.36,0.33,0.519706
1.75,1.0,0.25,0.5,0.305,0.03,0.619904
1.75,1.0,0.25,0.615,0.415,0.316,0.531682
1.75,1.0,0.5,0.945,0.25,0.0,0.767816
1.75,1.0,0.5,0.84,0.44,0.32,0.52752
1.75,1.0,0.5,0.275,0.47,0.62,0.48491600000000007
1.75,1.0,0.5,0.055,0.36,0.332,0.5199
1.75,1.0,0.5,0.5,0.305,0.016,0.646372
1.75,1.0,0.5,0.615,0.415,0.198,0.5517799999999999
1.75,1.0,0.75,0.945,0.25,0.0,0.71977
1.75,1.0,0.75,0.84,0.44,0.382,0.5146839999999999
1.75,1.0,0.75,0.275,0.47,0.556,0.489796
1.75,1.0,0.75,0.055,0.36,0.316,0.5205540000000001
1.75,1.0,0.75,0.5,0.305,0.014,0.645686
1.75,1.0,0.75,0.615,0.415,0.268,0.5335679999999999
1.75,1.0,1.0,0.945,0.25,0.002,0.671366
1.75,1.0,1.0,0.84,0.44,0.55,0.49313399999999996
1.75,1.0,1.0,0.275,0.47,0.698,0.47795000000000004
1.75,1.0,1.0,0.055,0.36,0.306,0.5221580000000001
1.75,1.0,1.0,0.5,0.305,0.022,0.6064539999999999
1.75,1.0,1.0,0.615,0.415,0.38,0.514606
1.75,1.0,1.25,0.945,0.25,0.002,0.671366
1.75,1.0,1.25,0.84,0.44,0.55,0.49313399999999996
1.75,1.0,1.25,0.275,0.47,0.698,0.47795000000000004
1.75,1.0,1.25,0.055,0.36,0.306,0.5221580000000001
1.75,1.0,1.25,0.5,0.305,0.022,0.6064539999999999
1.75,1.0,1.25,0.615,0.415,0.38,0.514606
1.75,1.0,1.5,0.945,0.25,0.002,0.671366
1.75,1.0,1.5,0.84,0.44,0.55,0.49313399999999996
1.75,1.0,1.5,0.275,0.47,0.698,0.47795000000000004
1.75,1.0,1.5,0.055,0.36,0.306,0.5221580000000001
1.75,1.0,1.5,0.5,0.305,0.022,0.6064539999999999
1.75,1.0,1.5,0.615,0.415,0.38,0.514606
1.75,1.0,2.0,0.945,0.25,0.002,0.671366
1.75,1.0,2.0,0.84,0.44,0.55,0.49313399999999996
1.75,1.0,2.0,0.275,0.47,0.698,0.47795000000000004
1.75,1.0,2.0,0.055,0.36,0.306,0.5221580000000001
1.75,1.0,2.0,0.5,0.305,0.022,0.6064539999999999
1.75,1.0,2.0,0.615,0.415,0.38,0.514606
1.75,1.5,0.0,0.945,0.25,0.022,0.694952
1.75,1.5,0.0,0.84,0.44,0.668,0.48543400000000003
1.75,1.5,0.0,0.275,0.47,0.15,0.556568
1.75,1.5,0.0,0.055,0.36,0.024,0.6143759999999999
1.75,1.5,0.0,0.5,0.305,0.028,0.6416959999999999
1.75,1.5,0.0,0.615,0.415,0.24,0.548096
1.75,1.5,0.25,0.945,0.25,0.0,0.7815140000000002
1.75,1.5,0.25,0.84,0.44,0.044,0.6393119999999999
1.75,1.5,0.25,0.275,0.47,0.07,0.582932
1.75,1.5,0.25,0.055,0.36,0.02,0.618218
1.75,1.5,0.25,0.5,0.305,0.004,0.6845139999999998
1.75,1.5,0.25,0.615,0.415,0.024,0.63967
1.75,1.5,0.5,0.945,0.25,0.0,0.8093079999999999
1.75,1.5,0.5,0.84,0.44,0.018,0.66895
1.75,1.5,0.5,0.275,0.47,0.044,0.596544
1.75,1.5,0.5,0.055,0.36,0.016,0.619856
1.75,1.5,0.5,0.5,0.305,0.0,0.704
1.75,1.5,0.5,0.615,0.415,0.006,0.6744759999999999
1.75,1.5,0.75,0.945,0.25,0.0,0.8210299999999999
1.75,1.5,0.75,0.84,0.44,0.016,0.661212
1.75,1.5,0.75,0.275,0.47,0.038,0.602862
1.75,1.5,0.75,0.055,0.36,0.012,0.6213900000000001
1.75,1.5,0.75,0.5,0.305,0.0,0.715752
1.75,1.5,0.75,0.615,0.415,0.01,0.677922
1.75,1.5,1.0,0.945,0.25,0.0,0.8053640000000001
1.75,1.5,1.0,0.84,0.44,0.016,0.641518
1.75,1.5,1.0,0.275,0.47,0.028,0.607452
1.75,1.5,1.0,0.055,0.36,0.022,0.62329
1.75,1.5,1.0,0.5,0.305,0.0,0.718638
1.75,1.5,1.0,0.615,0.415,0.008,0.662346
1.75,1.5,1.25,0.945,0.25,0.0,0.761692
1.75,1.5,1.25,0.84,0.44,0.026,0.622884
1.75,1.5,1.25,0.275,0.47,0.028,0.605678
1.75,1.5,1.25,0.055,0.36,0.02,0.620028
1.75,1.5,1.25,0.5,0.305,0.0,0.71439
1.75,1.5,1.25,0.615,0.415,0.014,0.6379
1.75,1.5,1.5,0.945,0.25,0.0,0.7234400000000001
1.75,1.5,1.5,0.84,0.44,0.026,0.606272
1.75,1.5,1.5,0.275,0.47,0.046,0.591806
1.75,1.5,1.5,0.055,0.36,0.022,0.6218279999999999
1.75,1.5,1.5,0.5,0.305,0.0,0.685786
1.75,1.5,1.5,0.615,0.415,0.026,0.6185700000000001
1.75,1.5,2.0,0.945,0.25,0.0,0.7234400000000001
1.75,1.5,2.0,0.84,0.44,0.026,0.606272
1.75,1.5,2.0,0.275,0.47,0.046,0.591806
1.75,1.5,2.0,0.055,0.36,0.022,0.6218279999999999
1.75,1.5,2.0,0.5,0.305,0.0,0.685786
1.75,1.5,2.0,0.615,0.415,0.026,0.6185700000000001
1.75,2.0,0.0,0.945,0.25,0.004,0.727474
1.75,2.0,0.0,0.84,0.44,0.036,0.5997039999999999
1.75,2.0,0.0,0.275,0.47,0.01,0.650778
1.75,2.0,0.0,0.055,0.36,0.0,0.690038
1.75,2.0,0.0,0.5,0.305,0.0,0.701292
1.75,2.0,0.0,0.615,0.415,0.018,0.641004
1.75,2.0,0.25,0.945,0.25,0.0,0.791734
1.75,2.0,0.25,0.84,0.44,0.0,0.704682
1.75,2.0,0.25,0.275,0.47,0.004,0.6691900000000001
1.75,2.0,0.25,0.055,0.36,0.0,0.6928540000000001
1.75,2.0,0.25,0.5,0.305,0.0,0.732062
1.75,2.0,0.25,0.615,0.415,0.002,0.701232
1.75,2.0,0.5,0.945,0.25,0.0,0.817786
1.75,2.0,0.5,0.84,0.44,0.0,0.7440699999999999
1.75,2.0,0.5,0.275,0.47,0.0,0.6778620000000001
1.75,2.0,0.5,0.055,0.36,0.0,0.694858
1.75,2.0,0.5,0.5,0.305,0.0,0.7492740000000001
1.75,2.0,0.5,0.615,0.415,0.002,0.728194
1.75,2.0,0.75,0.945,0.25,0.0,0.8276
1.75,2.0,0.75,0.84,0.44,0.0,0.750016
1.75,2.0,0.75,0.275,0.47,0.002,0.684188
1.75,2.0,0.75,0.055,0.36,0.0,0.6959860000000001
1.75,2.0,0.75,0.5,0.305,0.0,0.755938
1.75,2.0,0.75,0.615,0.415,0.0,0.740266
1.75,2.0,1.0,0.945,0.25,0.0,0.8336180000000001
1.75,2.0,1.0,0.84,0.44,0.0,0.74358
1.75,2.0,1.0,0.275,0.47,0.002,0.685928
1.75,2.0,1.0,0.055,0.36,0.0,0.696576
1.75,2.0,1.0,0.5,0.305,0.0,0.757932
1.75,2.0,1.0,0.615,0.415,0.0,0.746618
1.75,2.0,1.25,0.945,0.25,0.0,0.8349779999999999
1.75,2.0,1.25,0.84,0.44,0.0,0.7267899999999999
1.75,2.0,1.25,0.275,0.47,0.0,0.686672
1.75,2.0,1.25,0.055,0.36,0.0,0.696036
1.75,2.0,1.25,0.5,0.305,0.0,0.761644
1.75,2.0,1.25,0.615,0.415,0.0,0.7385300000000001
1.75,2.0,1.5,0.945,0.25,0.0,0.819202
1.75,2.0,1.5,0.84,0.44,0.0,0.712134
1.75,2.0,1.5,0.275,0.47,0.0,0.688098
1.75,2.0,1.5,0.055,0.36,0.0,0.695956
1.75,2.0,1.5,0.5,0.305,0.0,0.763356
1.75,2.0,1.5,0.615,0.415,0.0,0.7242419999999999
1.75,2.0,2.0,0.945,0.25,0.0,0.762132
1.75,2.0,2.0,0.84,0.44,0.004,0.68531
1.75,2.0,2.0,0.275,0.47,0.002,0.67606
1.75,2.0,2.0,0.055,0.36,0.0,0.696596
1.75,2.0,2.0,0.5,0.305,0.0,0.73727
1.75,2.0,2.0,0.615,0.415,0.0,0.6930080000000001
