p,q,R0,beta,gamma,tau,delay,I_crit,I_crit_ci_low,I_crit_ci_high,frac_no_crossing,reason,n_runs
0.945,0.25,1.125,1.125,1.0,2.5,0.0,,,,1.0,no_crossing,50
0.945,0.25,1.125,1.125,1.0,2.5,0.25,0.102,0.102,0.1133499999999998,0.0,ok,50
0.945,0.25,1.125,1.125,1.0,2.5,0.5,0.098,0.098,0.103,0.0,ok,50
0.945,0.25,1.25,1.25,1.0,2.5,0.0,0.151,0.151,0.1601999999999999,0.0,ok,50
0.945,0.25,1.25,1.25,1.0,2.5,0.25,0.11,0.11,0.124,0.0,ok,50
0.945,0.25,1.25,1.25,1.0,2.5,0.5,0.097,0.097,0.101,0.0,ok,50
0.84,0.44,1.125,1.125,1.0,2.5,0.0,,,,1.0,no_crossing,50
0.84,0.44,1.125,1.125,1.0,2.5,0.25,0.12,0.12,0.12,0.3349999999999999,ok,50
0.84,0.44,1.125,1.125,1.0,2.5,0.5,0.12,0.12,0.139,0.01,ok,50
0.84,0.44,1.25,1.25,1.0,2.5,0.0,0.151,0.151,0.16,0.0,ok,50
0.84,0.44,1.25,1.25,1.0,2.5,0.25,0.132,0.132,0.139,0.0,ok,50
0.84,0.44,1.25,1.25,1.0,2.5,0.5,0.129,0.129,0.133,0.0,ok,50
0.945,0.25,1.125,1.125,1.0,2.5,0.75,0.089,0.089,0.092,0.0,ok,500
0.945,0.25,1.125,1.125,1.0,2.5,1.0,0.077,0.077,0.087,0.0,ok,500
0.945,0.25,1.125,1.125,1.0,2.5,1.25,0.077,0.077,0.085,0.0,ok,500
0.945,0.25,1.125,1.125,1.0,2.5,1.5,0.075,0.075,0.078,0.0,ok,500
0.945,0.25,1.125,1.125,1.0,2.5,2.0,0.085,0.085,0.087,0.0,ok,500
0.945,0.25,1.125,1.125,1.0,3.0,0.0,0.111,0.111,0.13,0.0,ok,500
0.945,0.25,1.125,1.125,1.0,3.0,0.25,0.081,0.081,0.0920999999999999,0.0,ok,500
0.945,0.25,1.125,1.125,1.0,3.0,0.5,0.077,0.077,0.087,0.0,ok,500
0.945,0.25,1.125,1.125,1.0,3.0,0.75,0.076,0.076,0.078,0.0,ok,500
0.945,0.25,1.125,1.125,1.0,3.0,1.0,0.069,0.069,0.076,0.0,ok,500
0.945,0.25,1.125,1.125,1.0,3.0,1.25,0.072,0.072,0.075,0.0,ok,500
0.945,0.25,1.125,1.125,1.0,3.0,1.5,0.074,0.074,0.075,0.0,ok,500
0.945,0.25,1.125,1.125,1.0,3.0,2.0,0.062,0.062,0.068,0.0,ok,500
0.945,0.25,1.125,1.125,1.0,3.5,0.0,0.077,0.077,0.081,0.0,ok,500
0.945,0.25,1.125,1.125,1.0,3.5,0.25,0.067,0.067,0.077,0.0,ok,500
0.945,0.25,1.125,1.125,1.0,3.5,0.5,0.06,0.06,0.06509999999999991,0.0,ok,500
0.945,0.25,1.125,1.125,1.0,3.5,0.75,0.049,0.049,0.061,0.0,ok,500
0.945,0.25,1.125,1.125,1.0,3.5,1.0,0.059,0.059,0.06104999999999995,0.0,ok,500
0.945,0.25,1.125,1.125,1.0,3.5,1.25,0.059,0.059,0.061,0.0,ok,500
0.945,0.25,1.125,1.125,1.0,3.5,1.5,0.053,0.053,0.061,0.0,ok,500
0.945,0.25,1.125,1.125,1.0,3.5,2.0,0.056,0.056,0.061,0.0,ok,500
0.945,0.25,1.125,1.125,1.0,4.0,0.0,0.049,0.049,0.056,0.0,ok,500
0.945,0.25,1.125,1.125,1.0,4.0,0.25,0.047,0.047,0.054,0.0,ok,500
0.945,0.25,1.125,1.125,1.0,4.0,0.5,0.047,0.047,0.052,0.0,ok,500
0.945,0.25,1.125,1.125,1.0,4.0,0.75,0.047,0.047,0.049,0.0,ok,500
0.945,0.25,1.125,1.125,1.0,4.0,1.0,0.039,0.039,0.047099999999999906,0.0,ok,500
0.945,0.25,1.125,1.125,1.0,4.0,1.25,0.042,0.042,0.049,0.0,ok,500
0.945,0.25,1.125,1.125,1.0,4.0,1.5,0.047,0.047,0.049,0.0,ok,500
0.945,0.25,1.125,1.125,1.0,4.0,2.0,0.042,0.042,0.049,0.0,ok,500
0.945,0.25,1.25,1.25,1.0,2.5,0.75,0.084,0.084,0.089,0.0,ok,500
0.945,0.25,1.25,1.25,1.0,2.5,1.0,0.079,0.079,0.087,0.0,ok,500
0.945,0.25,1.25,1.25,1.0,2.5,1.25,0.082,0.082,0.084,0.0,ok,500
0.945,0.25,1.25,1.25,1.0,2.5,1.5,0.083,0.083,0.08604999999999995,0.0,ok,500
0.945,0.25,1.25,1.25,1.0,2.5,2.0,0.079,0.079,0.086,0.0,ok,500
0.945,0.25,1.25,1.25,1.0,3.0,0.0,0.089,0.089,0.106,0.0,ok,500
0.945,0.25,1.25,1.25,1.0,3.0,0.25,0.081,0.081,0.086,0.0,ok,500
0.945,0.25,1.25,1.25,1.0,3.0,0.5,0.073,0.073,0.076,0.0,ok,500
0.945,0.25,1.25,1.25,1.0,3.0,0.75,0.073,0.073,0.076,0.0,ok,500
0.945,0.25,1.25,1.25,1.0,3.0,1.0,0.073,0.073,0.075,0.0,ok,500
0.945,0.25,1.25,1.25,1.0,3.0,1.25,0.072,0.072,0.074,0.0,ok,500
0.945,0.25,1.25,1.25,1.0,3.0,1.5,0.073,0.073,0.075,0.0,ok,500
0.945,0.25,1.25,1.25,1.0,3.0,2.0,0.073,0.073,0.074,0.0,ok,500
0.945,0.25,1.25,1.25,1.0,3.5,0.0,0.061,0.061,0.066,0.0,ok,500
0.945,0.25,1.25,1.25,1.0,3.5,0.25,0.061,0.061,0.066,0.0,ok,500
0.945,0.25,1.25,1.25,1.0,3.5,0.5,0.061,0.061,0.066,0.0,ok,500
0.945,0.25,1.25,1.25,1.0,3.5,0.75,0.056,0.056,0.061,0.0,ok,500
0.945,0.25,1.25,1.25,1.0,3.5,1.0,0.055,0.055,0.063,0.0,ok,500
0.945,0.25,1.25,1.25,1.0,3.5,1.25,0.055,0.055,0.057,0.0,ok,500
0.945,0.25,1.25,1.25,1.0,3.5,1.5,0.051,0.051,0.057,0.0,ok,500
0.945,0.25,1.25,1.25,1.0,3.5,2.0,0.056,0.056,0.061,0.0,ok,500
0.945,0.25,1.25,1.25,1.0,4.0,0.0,0.045,0.045,0.049,0.0,ok,500
0.945,0.25,1.25,1.25,1.0,4.0,0.25,0.04,0.04,0.049,0.0,ok,500
0.945,0.25,1.25,1.25,1.0,4.0,0.5,0.04,0.04,0.047,0.0,ok,500
0.945,0.25,1.25,1.25,1.0,4.0,0.75,0.045,0.045,0.047,0.0,ok,500
0.945,0.25,1.25,1.25,1.0,4.0,1.0,0.04,0.04,0.047,0.0,ok,500
0.945,0.25,1.25,1.25,1.0,4.0,1.25,0.04,0.04,0.045,0.0,ok,500
0.945,0.25,1.25,1.25,1.0,4.0,1.5,0.04,0.04,0.045,0.0,ok,500
0.945,0.25,1.25,1.25,1.0,4.0,2.0,0.04,0.04,0.042,0.0,ok,500
0.945,0.25,1.3125,1.3125,1.0,2.5,0.0,0.131,0.131,0.138,0.0,ok,500
0.945,0.25,1.3125,1.3125,1.0,2.5,0.25,0.088,0.088,0.097,0.0,ok,500
0.945,0.25,1.3125,1.3125,1.0,2.5,0.5,0.088,0.088,0.093,0.0,ok,500
0.945,0.25,1.3125,1.3125,1.0,2.5,0.75,0.088,0.088,0.092,0.0,ok,500
0.945,0.25,1.3125,1.3125,1.0,2.5,1.0,0.088,0.088,0.092,0.0,ok,500
0.945,0.25,1.3125,1.3125,1.0,2.5,1.25,0.088,0.088,0.092,0.0,ok,500
0.945,0.25,1.3125,1.3125,1.0,2.5,1.5,0.087,0.087,0.092,0.0,ok,500
0.945,0.25,1.3125,1.3125,1.0,2.5,2.0,0.086,0.086,0.092,0.0,ok,500
0.945,0.25,1.3125,1.3125,1.0,3.0,0.0,0.09,0.09,0.098,0.0,ok,500
0.945,0.25,1.3125,1.3125,1.0,3.0,0.25,0.082,0.082,0.09,0.0,ok,500
0.945,0.25,1.3125,1.3125,1.0,3.0,0.5,0.082,0.082,0.085,0.0,ok,500
0.945,0.25,1.3125,1.3125,1.0,3.0,0.75,0.08,0.08,0.082,0.0,ok,500
0.945,0.25,1.3125,1.3125,1.0,3.0,1.0,0.082,0.082,0.085,0.0,ok,500
0.945,0.25,1.3125,1.3125,1.0,3.0,1.25,0.068,0.068,0.08214999999999986,0.0,ok,500
0.945,0.25,1.3125,1.3125,1.0,3.0,1.5,0.068,0.068,0.085,0.0,ok,500
0.945,0.25,1.3125,1.3125,1.0,3.0,2.0,0.068,0.068,0.085,0.0,ok,500
0.945,0.25,1.3125,1.3125,1.0,3.5,0.0,0.07,0.07,0.074,0.0,ok,500
0.945,0.25,1.3125,1.3125,1.0,3.5,0.25,0.063,0.063,0.073,0.0,ok,500
0.945,0.25,1.3125,1.3125,1.0,3.5,0.5,0.063,0.063,0.072,0.0,ok,500
0.945,0.25,1.3125,1.3125,1.0,3.5,0.75,0.063,0.063,0.071,0.0,ok,500
0.945,0.25,1.3125,1.3125,1.0,3.5,1.0,0.063,0.063,0.071,0.0,ok,500
0.945,0.25,1.3125,1.3125,1.0,3.5,1.25,0.058,0.058,0.063,0.0,ok,500
0.945,0.25,1.3125,1.3125,1.0,3.5,1.5,0.058,0.058,0.063,0.0,ok,500
0.945,0.25,1.3125,1.3125,1.0,3.5,2.0,0.058,0.058,0.066,0.0,ok,500
0.945,0.25,1.3125,1.3125,1.0,4.0,0.0,0.048,0.048,0.06,0.0,ok,500
0.945,0.25,1.3125,1.3125,1.0,4.0,0.25,0.048,0.048,0.06,0.0,ok,500
0.945,0.25,1.3125,1.3125,1.0,4.0,0.5,0.048,0.048,0.049,0.0,ok,500
0.945,0.25,1.3125,1.3125,1.0,4.0,0.75,0.048,0.048,0.049,0.0,ok,500
0.945,0.25,1.3125,1.3125,1.0,4.0,1.0,0.048,0.048,0.049,0.0,ok,500
0.945,0.25,1.3125,1.3125,1.0,4.0,1.25,0.042,0.042,0.049,0.0,ok,500
0.945,0.25,1.3125,1.3125,1.0,4.0,1.5,0.042,0.042,0.049,0.0,ok,500
0.945,0.25,1.3125,1.3125,1.0,4.0,2.0,0.042,0.042,0.049,0.0,ok,500
0.945,0.25,1.375,1.375,1.0,2.5,0.0,0.125,0.125,0.135,0.0,ok,500
0.945,0.25,1.375,1.375,1.0,2.5,0.25,0.097,0.097,0.10604999999999995,0.0,ok,500
0.945,0.25,1.375,1.375,1.0,2.5,0.5,0.088,0.088,0.097,0.0,ok,500
0.945,0.25,1.375,1.375,1.0,2.5,0.75,0.088,0.088,0.096,0.0,ok,500
0.945,0.25,1.375,1.375,1.0,2.5,1.0,0.088,0.088,0.09504999999999995,0.0,ok,500
0.945,0.25,1.375,1.375,1.0,2.5,1.25,0.088,0.088,0.095,0.0,ok,500
0.945,0.25,1.375,1.375,1.0,2.5,1.5,0.088,0.088,0.096,0.0,ok,500
0.945,0.25,1.375,1.375,1.0,2.5,2.0,0.088,0.088,0.097,0.0,ok,500
0.945,0.25,1.375,1.375,1.0,3.0,0.0,0.078,0.078,0.093,0.0,ok,500
0.945,0.25,1.375,1.375,1.0,3.0,0.25,0.078,0.078,0.09,0.0,ok,500
0.945,0.25,1.375,1.375,1.0,3.0,0.5,0.078,0.078,0.089,0.0,ok,500
0.945,0.25,1.375,1.375,1.0,3.0,0.75,0.071,0.071,0.078,0.0,ok,500
0.945,0.25,1.375,1.375,1.0,3.0,1.0,0.071,0.071,0.078,0.0,ok,500
0.945,0.25,1.375,1.375,1.0,3.0,1.25,0.078,0.078,0.086,0.0,ok,500
0.945,0.25,1.375,1.375,1.0,3.0,1.5,0.071,0.071,0.086,0.0,ok,500
0.945,0.25,1.375,1.375,1.0,3.0,2.0,0.071,0.071,0.078,0.0,ok,500
0.945,0.25,1.375,1.375,1.0,3.5,0.0,0.063,0.063,0.068,0.0,ok,500
0.945,0.25,1.375,1.375,1.0,3.5,0.25,0.063,0.063,0.069,0.0,ok,500
0.945,0.25,1.375,1.375,1.0,3.5,0.5,0.056,0.056,0.068,0.0,ok,500
0.945,0.25,1.375,1.375,1.0,3.5,0.75,0.056,0.056,0.064,0.0,ok,500
0.945,0.25,1.375,1.375,1.0,3.5,1.0,0.056,0.056,0.064,0.0,ok,500
0.945,0.25,1.375,1.375,1.0,3.5,1.25,0.056,0.056,0.064,0.0,ok,500
0.945,0.25,1.375,1.375,1.0,3.5,1.5,0.056,0.056,0.068,0.0,ok,500
0.945,0.25,1.375,1.375,1.0,3.5,2.0,0.056,0.056,0.064,0.0,ok,500
0.945,0.25,1.375,1.375,1.0,4.0,0.0,0.048,0.048,0.057,0.0,ok,500
0.945,0.25,1.375,1.375,1.0,4.0,0.25,0.048,0.048,0.056,0.0,ok,500
0.945,0.25,1.375,1.375,1.0,4.0,0.5,0.048,0.048,0.056,0.0,ok,500
0.945,0.25,1.375,1.375,1.0,4.0,0.75,0.039,0.039,0.052199999999999816,0.0,ok,500
0.945,0.25,1.375,1.375,1.0,4.0,1.0,0.039,0.039,0.056,0.0,ok,500
0.945,0.25,1.375,1.375,1.0,4.0,1.25,0.039,0.039,0.052,0.0,ok,500
0.945,0.25,1.375,1.375,1.0,4.0,1.5,0.039,0.039,0.056,0.0,ok,500
0.945,0.25,1.375,1.375,1.0,4.0,2.0,0.039,0.039,0.052,0.0,ok,500
0.945,0.25,1.4375,1.4375,1.0,2.5,0.0,0.123,0.123,0.131,0.0,ok,500
0.945,0.25,1.4375,1.4375,1.0,2.5,0.25,0.097,0.097,0.122,0.0,ok,500
0.945,0.25,1.4375,1.4375,1.0,2.5,0.5,0.107,0.107,0.115,0.0,ok,500
0.945,0.25,1.4375,1.4375,1.0,2.5,0.75,0.097,0.097,0.112,0.0,ok,500
0.945,0.25,1.4375,1.4375,1.0,2.5,1.0,0.097,0.097,0.10724999999999978,0.0,ok,500
0.945,0.25,1.4375,1.4375,1.0,2.5,1.25,0.097,0.097,0.115,0.0,ok,500
0.945,0.25,1.4375,1.4375,1.0,2.5,1.5,0.097,0.097,0.112,0.0,ok,500
0.945,0.25,1.4375,1.4375,1.0,2.5,2.0,0.097,0.097,0.112,0.0,ok,500
0.945,0.25,1.4375,1.4375,1.0,3.0,0.0,0.098,0.098,0.102,0.0,ok,500
0.945,0.25,1.4375,1.4375,1.0,3.0,0.25,0.089,0.089,0.099,0.0,ok,500
0.945,0.25,1.4375,1.4375,1.0,3.0,0.5,0.089,0.089,0.098,0.0,ok,500
0.945,0.25,1.4375,1.4375,1.0,3.0,0.75,0.089,0.089,0.09804999999999996,0.0,ok,500
0.945,0.25,1.4375,1.4375,1.0,3.0,1.0,0.089,0.089,0.098,0.0,ok,500
0.945,0.25,1.4375,1.4375,1.0,3.0,1.25,0.089,0.089,0.098,0.0,ok,500
0.945,0.25,1.4375,1.4375,1.0,3.0,1.5,0.089,0.089,0.099,0.0,ok,500
0.945,0.25,1.4375,1.4375,1.0,3.0,2.0,0.089,0.089,0.098,0.0,ok,500
0.945,0.25,1.4375,1.4375,1.0,3.5,0.0,0.076,0.076,0.08,0.0,ok,500
0.945,0.25,1.4375,1.4375,1.0,3.5,0.25,0.076,0.076,0.079,0.0,ok,500
0.945,0.25,1.4375,1.4375,1.0,3.5,0.5,0.076,0.076,0.079,0.0,ok,500
0.945,0.25,1.4375,1.4375,1.0,3.5,0.75,0.076,0.076,0.079,0.0,ok,500
0.945,0.25,1.4375,1.4375,1.0,3.5,1.0,0.076,0.076,0.079,0.0,ok,500
0.945,0.25,1.4375,1.4375,1.0,3.5,1.25,0.076,0.076,0.079,0.0,ok,500
0.945,0.25,1.4375,1.4375,1.0,3.5,1.5,0.076,0.076,0.079,0.0,ok,500
0.945,0.25,1.4375,1.4375,1.0,3.5,2.0,0.076,0.076,0.079,0.0,ok,500
0.945,0.25,1.4375,1.4375,1.0,4.0,0.0,0.05,0.05,0.059,0.0,ok,500
0.945,0.25,1.4375,1.4375,1.0,4.0,0.25,0.05,0.05,0.058,0.0,ok,500
0.945,0.25,1.4375,1.4375,1.0,4.0,0.5,0.05,0.05,0.058,0.0,ok,500
0.945,0.25,1.4375,1.4375,1.0,4.0,0.75,0.05,0.05,0.059,0.0,ok,500
0.945,0.25,1.4375,1.4375,1.0,4.0,1.0,0.05,0.05,0.058,0.0,ok,500
0.945,0.25,1.4375,1.4375,1.0,4.0,1.25,0.05,0.05,0.058,0.0,ok,500
0.945,0.25,1.4375,1.4375,1.0,4.0,1.5,0.05,0.05,0.058,0.0,ok,500
0.945,0.25,1.4375,1.4375,1.0,4.0,2.0,0.05,0.05,0.059,0.0,ok,500
0.945,0.25,1.5,1.5,1.0,2.5,0.0,0.127,0.127,0.133,0.0,ok,500
0.945,0.25,1.5,1.5,1.0,2.5,0.25,0.115,0.115,0.121,0.0,ok,500
0.945,0.25,1.5,1.5,1.0,2.5,0.5,0.115,0.115,0.121,0.0,ok,500
0.945,0.25,1.5,1.5,1.0,2.5,0.75,0.115,0.115,0.121,0.0,ok,500
0.945,0.25,1.5,1.5,1.0,2.5,1.0,0.115,0.115,0.121,0.0,ok,500
0.945,0.25,1.5,1.5,1.0,2.5,1.25,0.115,0.115,0.121,0.0,ok,500
0.945,0.25,1.5,1.5,1.0,2.5,1.5,0.115,0.115,0.121,0.0,ok,500
0.945,0.25,1.5,1.5,1.0,2.5,2.0,0.115,0.115,0.121,0.0,ok,500
0.945,0.25,1.5,1.5,1.0,3.0,0.0,0.099,0.099,0.108,0.0,ok,500
0.945,0.25,1.5,1.5,1.0,3.0,0.25,0.099,0.099,0.106,0.0,ok,500
0.945,0.25,1.5,1.5,1.0,3.0,0.5,0.099,0.099,0.106,0.0,ok,500
0.945,0.25,1.5,1.5,1.0,3.0,0.75,0.099,0.099,0.106,0.0,ok,500
0.945,0.25,1.5,1.5,1.0,3.0,1.0,0.099,0.099,0.106,0.0,ok,500
0.945,0.25,1.5,1.5,1.0,3.0,1.25,0.099,0.099,0.105,0.0,ok,500
0.945,0.25,1.5,1.5,1.0,3.0,1.5,0.099,0.099,0.105,0.0,ok,500
0.945,0.25,1.5,1.5,1.0,3.0,2.0,0.099,0.099,0.106,0.0,ok,500
0.945,0.25,1.5,1.5,1.0,3.5,0.0,0.081,0.081,0.086,0.0,ok,500
0.945,0.25,1.5,1.5,1.0,3.5,0.25,0.081,0.081,0.087,0.0,ok,500
0.945,0.25,1.5,1.5,1.0,3.5,0.5,0.081,0.081,0.086,0.0,ok,500
0.945,0.25,1.5,1.5,1.0,3.5,0.75,0.081,0.081,0.087,0.0,ok,500
0.945,0.25,1.5,1.5,1.0,3.5,1.0,0.081,0.081,0.086,0.0,ok,500
0.945,0.25,1.5,1.5,1.0,3.5,1.25,0.081,0.081,0.08604999999999995,0.0,ok,500
0.945,0.25,1.5,1.5,1.0,3.5,1.5,0.081,0.081,0.08604999999999995,0.0,ok,500
0.945,0.25,1.5,1.5,1.0,3.5,2.0,0.081,0.081,0.086,0.0,ok,500
0.945,0.25,1.5,1.5,1.0,4.0,0.0,0.059,0.059,0.065,0.0,ok,500
0.945,0.25,1.5,1.5,1.0,4.0,0.25,0.059,0.059,0.063,0.0,ok,500
0.945,0.25,1.5,1.5,1.0,4.0,0.5,0.059,0.059,0.065,0.0,ok,500
0.945,0.25,1.5,1.5,1.0,4.0,0.75,0.059,0.059,0.063,0.0,ok,500
0.945,0.25,1.5,1.5,1.0,4.0,1.0,0.059,0.059,0.063,0.0,ok,500
0.945,0.25,1.5,1.5,1.0,4.0,1.25,0.059,0.059,0.063,0.0,ok,500
0.945,0.25,1.5,1.5,1.0,4.0,1.5,0.059,0.059,0.065,0.0,ok,500
0.945,0.25,1.5,1.5,1.0,4.0,2.0,0.059,0.059,0.065,0.0,ok,500
0.945,0.25,1.75,1.75,1.0,2.5,0.0,0.138,0.138,0.154,0.0,ok,500
0.945,0.25,1.75,1.75,1.0,2.5,0.25,0.124,0.124,0.143,0.0,ok,500
0.945,0.25,1.75,1.75,1.0,2.5,0.5,0.124,0.124,0.154,0.0,ok,500
0.945,0.25,1.75,1.75,1.0,2.5,0.75,0.124,0.124,0.143,0.0,ok,500
0.945,0.25,1.75,1.75,1.0,2.5,1.0,0.124,0.124,0.143,0.0,ok,500
0.945,0.25,1.75,1.75,1.0,2.5,1.25,0.124,0.124,0.143,0.0,ok,500
0.945,0.25,1.75,1.75,1.0,2.5,1.5,0.124,0.124,0.143,0.0,ok,500
0.945,0.25,1.75,1.75,1.0,2.5,2.0,0.124,0.124,0.143,0.0,ok,500
0.945,0.25,1.75,1.75,1.0,3.0,0.0,0.105,0.105,0.126,0.0,ok,500
0.945,0.25,1.75,1.75,1.0,3.0,0.25,0.105,0.105,0.126,0.0,ok,500
0.945,0.25,1.75,1.75,1.0,3.0,0.5,0.105,0.105,0.121,0.0,ok,500
0.945,0.25,1.75,1.75,1.0,3.0,0.75,0.105,0.105,0.121,0.0,ok,500
0.945,0.25,1.75,1.75,1.0,3.0,1.0,0.105,0.105,0.126,0.0,ok,500
0.945,0.25,1.75,1.75,1.0,3.0,1.25,0.105,0.105,0.121,0.0,ok,500
0.945,0.25,1.75,1.75,1.0,3.0,1.5,0.105,0.105,0.121,0.0,ok,500
0.945,0.25,1.75,1.75,1.0,3.0,2.0,0.105,0.105,0.126,0.0,ok,500
0.945,0.25,1.75,1.75,1.0,3.5,0.0,0.092,0.092,0.096,0.0,ok,500
0.945,0.25,1.75,1.75,1.0,3.5,0.25,0.092,0.092,0.095,0.0,ok,500
0.945,0.25,1.75,1.75,1.0,3.5,0.5,0.092,0.092,0.095,0.0,ok,500
0.945,0.25,1.75,1.75,1.0,3.5,0.75,0.092,0.092,0.095,0.0,ok,500
0.945,0.25,1.75,1.75,1.0,3.5,1.0,0.092,0.092,0.095,0.0,ok,500
0.945,0.25,1.75,1.75,1.0,3.5,1.25,0.092,0.092,0.096,0.0,ok,500
0.945,0.25,1.75,1.75,1.0,3.5,1.5,0.092,0.092,0.095,0.0,ok,500
0.945,0.25,1.75,1.75,1.0,3.5,2.0,0.092,0.092,0.09504999999999995,0.0,ok,500
0.945,0.25,1.75,1.75,1.0,4.0,0.0,0.06,0.06,0.066,0.0,ok,500
0.945,0.25,1.75,1.75,1.0,4.0,0.25,0.06,0.06,0.066,0.0,ok,500
0.945,0.25,1.75,1.75,1.0,4.0,0.5,0.06,0.06,0.066,0.0,ok,500
0.945,0.25,1.75,1.75,1.0,4.0,0.75,0.06,0.06,0.066,0.0,ok,500
0.945,0.25,1.75,1.75,1.0,4.0,1.0,0.06,0.06,0.066,0.0,ok,500
0.945,0.25,1.75,1.75,1.0,4.0,1.25,0.06,0.06,0.066,0.0,ok,500
0.945,0.25,1.75,1.75,1.0,4.0,1.5,0.06,0.06,0.066,0.0,ok,500
0.945,0.25,1.75,1.75,1.0,4.0,2.0,0.06,0.06,0.066,0.0,ok,500
0.84,0.44,1.125,1.125,1.0,2.5,0.75,0.11,0.11,0.127,0.0,ok,500
0.84,0.44,1.125,1.125,1.0,2.5,1.0,0.12,0.12,0.127,0.0,ok,500
0.84,0.44,1.125,1.125,1.0,2.5,1.25,0.108,0.108,0.113,0.0,ok,500
0.84,0.44,1.125,1.125,1.0,2.5,1.5,0.11,0.11,0.124,0.0,ok,500
0.84,0.44,1.125,1.125,1.0,2.5,2.0,0.101,0.101,0.12,0.0,ok,500
0.84,0.44,1.125,1.125,1.0,3.0,0.0,0.111,0.111,0.13,0.0,ok,500
0.84,0.44,1.125,1.125,1.0,3.0,0.25,0.101,0.101,0.111,0.0,ok,500
0.84,0.44,1.125,1.125,1.0,3.0,0.5,0.092,0.092,0.101,0.0,ok,500
0.84,0.44,1.125,1.125,1.0,3.0,0.75,0.081,0.081,0.094,0.0,ok,500
0.84,0.44,1.125,1.125,1.0,3.0,1.0,0.091,0.091,0.094,0.0,ok,500
0.84,0.44,1.125,1.125,1.0,3.0,1.25,0.089,0.089,0.091,0.0,ok,500
0.84,0.44,1.125,1.125,1.0,3.0,1.5,0.089,0.089,0.09,0.0,ok,500
0.84,0.44,1.125,1.125,1.0,3.0,2.0,0.087,0.087,0.089,0.0,ok,500
0.84,0.44,1.125,1.125,1.0,3.5,0.0,0.077,0.077,0.079,0.0,ok,500
0.84,0.44,1.125,1.125,1.0,3.5,0.25,0.077,0.077,0.079,0.0,ok,500
0.84,0.44,1.125,1.125,1.0,3.5,0.5,0.075,0.075,0.077,0.0,ok,500
0.84,0.44,1.125,1.125,1.0,3.5,0.75,0.067,0.067,0.074,0.0,ok,500
0.84,0.44,1.125,1.125,1.0,3.5,1.0,0.07,0.07,0.072,0.0,ok,500
0.84,0.44,1.125,1.125,1.0,3.5,1.25,0.061,0.061,0.067,0.0,ok,500
0.84,0.44,1.125,1.125,1.0,3.5,1.5,0.069,0.069,0.07104999999999995,0.0,ok,500
0.84,0.44,1.125,1.125,1.0,3.5,2.0,0.062,0.062,0.067,0.0,ok,500
0.84,0.44,1.125,1.125,1.0,4.0,0.0,0.049,0.049,0.056,0.0,ok,500
0.84,0.44,1.125,1.125,1.0,4.0,0.25,0.049,0.049,0.055,0.0,ok,500
0.84,0.44,1.125,1.125,1.0,4.0,0.5,0.047,0.047,0.054,0.0,ok,500
0.84,0.44,1.125,1.125,1.0,4.0,0.75,0.047,0.047,0.052,0.0,ok,500
0.84,0.44,1.125,1.125,1.0,4.0,1.0,0.047,0.047,0.052,0.0,ok,500
0.84,0.44,1.125,1.125,1.0,4.0,1.25,0.047,0.047,0.054,0.0,ok,500
0.84,0.44,1.125,1.125,1.0,4.0,1.5,0.047,0.047,0.054,0.0,ok,500
0.84,0.44,1.125,1.125,1.0,4.0,2.0,0.047,0.047,0.051,0.0,ok,500
0.84,0.44,1.25,1.25,1.0,2.5,0.75,0.115,0.115,0.117,0.0,ok,500
0.84,0.44,1.25,1.25,1.0,2.5,1.0,0.102,0.102,0.112,0.0,ok,500
0.84,0.44,1.25,1.25,1.0,2.5,1.25,0.102,0.102,0.114,0.0,ok,500
0.84,0.44,1.25,1.25,1.0,2.5,1.5,0.101,0.101,0.103,0.0,ok,500
0.84,0.44,1.25,1.25,1.0,2.5,2.0,0.095,0.095,0.101,0.0,ok,500
0.84,0.44,1.25,1.25,1.0,3.0,0.0,0.089,0.089,0.104,0.0,ok,500
0.84,0.44,1.25,1.25,1.0,3.0,0.25,0.089,0.089,0.095,0.0,ok,500
0.84,0.44,1.25,1.25,1.0,3.0,0.5,0.089,0.089,0.095,0.0,ok,500
0.84,0.44,1.25,1.25,1.0,3.0,0.75,0.08,0.08,0.084,0.0,ok,500
0.84,0.44,1.25,1.25,1.0,3.0,1.0,0.081,0.081,0.087,0.0,ok,500
0.84,0.44,1.25,1.25,1.0,3.0,1.25,0.086,0.086,0.09,0.0,ok,500
0.84,0.44,1.25,1.25,1.0,3.0,1.5,0.075,0.075,0.089,0.0,ok,500
0.84,0.44,1.25,1.25,1.0,3.0,2.0,0.087,0.087,0.089,0.0,ok,500
0.84,0.44,1.25,1.25,1.0,3.5,0.0,0.061,0.061,0.073,0.0,ok,500
0.84,0.44,1.25,1.25,1.0,3.5,0.25,0.061,0.061,0.066,0.0,ok,500
0.84,0.44,1.25,1.25,1.0,3.5,0.5,0.061,0.061,0.066,0.0,ok,500
0.84,0.44,1.25,1.25,1.0,3.5,0.75,0.061,0.061,0.066,0.0,ok,500
0.84,0.44,1.25,1.25,1.0,3.5,1.0,0.061,0.061,0.066,0.0,ok,500
0.84,0.44,1.25,1.25,1.0,3.5,1.25,0.061,0.061,0.066,0.0,ok,500
0.84,0.44,1.25,1.25,1.0,3.5,1.5,0.061,0.061,0.066,0.0,ok,500
0.84,0.44,1.25,1.25,1.0,3.5,2.0,0.056,0.056,0.063,0.0,ok,500
0.84,0.44,1.25,1.25,1.0,4.0,0.0,0.045,0.045,0.051,0.0,ok,500
0.84,0.44,1.25,1.25,1.0,4.0,0.25,0.045,0.045,0.049,0.0,ok,500
0.84,0.44,1.25,1.25,1.0,4.0,0.5,0.045,0.045,0.049,0.0,ok,500
0.84,0.44,1.25,1.25,1.0,4.0,0.75,0.04,0.04,0.049,0.0,ok,500
0.84,0.44,1.25,1.25,1.0,4.0,1.0,0.04,0.04,0.047,0.0,ok,500
0.84,0.44,1.25,1.25,1.0,4.0,1.25,0.045,0.045,0.049,0.0,ok,500
0.84,0.44,1.25,1.25,1.0,4.0,1.5,0.04,0.04,0.047,0.0,ok,500
0.84,0.44,1.25,1.25,1.0,4.0,2.0,0.04,0.04,0.049,0.0,ok,500
0.84,0.44,1.3125,1.3125,1.0,2.5,0.0,0.131,0.131,0.135,0.0,ok,500
0.84,0.44,1.3125,1.3125,1.0,2.5,0.25,0.118,0.118,0.123,0.0,ok,500
0.84,0.44,1.3125,1.3125,1.0,2.5,0.5,0.112,0.112,0.118,0.0,ok,500
0.84,0.44,1.3125,1.3125,1.0,2.5,0.75,0.102,0.102,0.108,0.0,ok,500
0.84,0.44,1.3125,1.3125,1.0,2.5,1.0,0.096,0.096,0.102,0.0,ok,500
0.84,0.44,1.3125,1.3125,1.0,2.5,1.25,0.104,0.104,0.11,0.0,ok,500
0.84,0.44,1.3125,1.3125,1.0,2.5,1.5,0.108,0.108,0.112,0.0,ok,500
0.84,0.44,1.3125,1.3125,1.0,2.5,2.0,0.097,0.097,0.112,0.0,ok,500
0.84,0.44,1.3125,1.3125,1.0,3.0,0.0,0.09,0.09,0.09814999999999986,0.0,ok,500
0.84,0.44,1.3125,1.3125,1.0,3.0,0.25,0.09,0.09,0.096,0.0,ok,500
0.84,0.44,1.3125,1.3125,1.0,3.0,0.5,0.082,0.082,0.09,0.0,ok,500
0.84,0.44,1.3125,1.3125,1.0,3.0,0.75,0.082,0.082,0.091,0.0,ok,500
0.84,0.44,1.3125,1.3125,1.0,3.0,1.0,0.082,0.082,0.09,0.0,ok,500
0.84,0.44,1.3125,1.3125,1.0,3.0,1.25,0.082,0.082,0.0861999999999998,0.0,ok,500
0.84,0.44,1.3125,1.3125,1.0,3.0,1.5,0.082,0.082,0.086,0.0,ok,500
0.84,0.44,1.3125,1.3125,1.0,3.0,2.0,0.082,0.082,0.09,0.0,ok,500
0.84,0.44,1.3125,1.3125,1.0,3.5,0.0,0.07,0.07,0.074,0.0,ok,500
0.84,0.44,1.3125,1.3125,1.0,3.5,0.25,0.07,0.07,0.074,0.0,ok,500
0.84,0.44,1.3125,1.3125,1.0,3.5,0.5,0.063,0.063,0.072,0.0,ok,500
0.84,0.44,1.3125,1.3125,1.0,3.5,0.75,0.063,0.063,0.073,0.0,ok,500
0.84,0.44,1.3125,1.3125,1.0,3.5,1.0,0.063,0.063,0.071,0.0,ok,500
0.84,0.44,1.3125,1.3125,1.0,3.5,1.25,0.063,0.063,0.072,0.0,ok,500
0.84,0.44,1.3125,1.3125,1.0,3.5,1.5,0.063,0.063,0.071,0.0,ok,500
0.84,0.44,1.3125,1.3125,1.0,3.5,2.0,0.063,0.063,0.072,0.0,ok,500
0.84,0.44,1.3125,1.3125,1.0,4.0,0.0,0.048,0.048,0.06,0.0,ok,500
0.84,0.44,1.3125,1.3125,1.0,4.0,0.25,0.048,0.048,0.06,0.0,ok,500
0.84,0.44,1.3125,1.3125,1.0,4.0,0.5,0.048,0.048,0.06,0.0,ok,500
0.84,0.44,1.3125,1.3125,1.0,4.0,0.75,0.048,0.048,0.06,0.0,ok,500
0.84,0.44,1.3125,1.3125,1.0,4.0,1.0,0.048,0.048,0.06,0.0,ok,500
0.84,0.44,1.3125,1.3125,1.0,4.0,1.25,0.048,0.048,0.049,0.0,ok,500
0.84,0.44,1.3125,1.3125,1.0,4.0,1.5,0.048,0.048,0.049,0.0,ok,500
0.84,0.44,1.3125,1.3125,1.0,4.0,2.0,0.048,0.048,0.049,0.0,ok,500
0.84,0.44,1.375,1.375,1.0,2.5,0.0,0.125,0.125,0.135,0.0,ok,500
0.84,0.44,1.375,1.375,1.0,2.5,0.25,0.114,0.114,0.118,0.0,ok,500
0.84,0.44,1.375,1.375,1.0,2.5,0.5,0.104,0.104,0.115,0.0,ok,500
0.84,0.44,1.375,1.375,1.0,2.5,0.75,0.088,0.088,0.107,0.0,ok,500
0.84,0.44,1.375,1.375,1.0,2.5,1.0,0.097,0.097,0.114,0.0,ok,500
0.84,0.44,1.375,1.375,1.0,2.5,1.25,0.097,0.097,0.107,0.0,ok,500
0.84,0.44,1.375,1.375,1.0,2.5,1.5,0.088,0.088,0.101,0.0,ok,500
0.84,0.44,1.375,1.375,1.0,2.5,2.0,0.097,0.097,0.112,0.0,ok,500
0.84,0.44,1.375,1.375,1.0,3.0,0.0,0.078,0.078,0.095,0.0,ok,500
0.84,0.44,1.375,1.375,1.0,3.0,0.25,0.078,0.078,0.093,0.0,ok,500
0.84,0.44,1.375,1.375,1.0,3.0,0.5,0.078,0.078,0.09,0.0,ok,500
0.84,0.44,1.375,1.375,1.0,3.0,0.75,0.078,0.078,0.089,0.0,ok,500
0.84,0.44,1.375,1.375,1.0,3.0,1.0,0.078,0.078,0.089,0.0,ok,500
0.84,0.44,1.375,1.375,1.0,3.0,1.25,0.078,0.078,0.089,0.0,ok,500
0.84,0.44,1.375,1.375,1.0,3.0,1.5,0.078,0.078,0.089,0.0,ok,500
0.84,0.44,1.375,1.375,1.0,3.0,2.0,0.071,0.071,0.089,0.0,ok,500
0.84,0.44,1.375,1.375,1.0,3.5,0.0,0.063,0.063,0.069,0.0,ok,500
0.84,0.44,1.375,1.375,1.0,3.5,0.25,0.063,0.063,0.069,0.0,ok,500
0.84,0.44,1.375,1.375,1.0,3.5,0.5,0.063,0.063,0.06804999999999996,0.0,ok,500
0.84,0.44,1.375,1.375,1.0,3.5,0.75,0.063,0.063,0.068,0.0,ok,500
0.84,0.44,1.375,1.375,1.0,3.5,1.0,0.063,0.063,0.068,0.0,ok,500
0.84,0.44,1.375,1.375,1.0,3.5,1.25,0.063,0.063,0.06804999999999996,0.0,ok,500
0.84,0.44,1.375,1.375,1.0,3.5,1.5,0.063,0.063,0.069,0.0,ok,500
0.84,0.44,1.375,1.375,1.0,3.5,2.0,0.056,0.056,0.064,0.0,ok,500
0.84,0.44,1.375,1.375,1.0,4.0,0.0,0.048,0.048,0.056,0.0,ok,500
0.84,0.44,1.375,1.375,1.0,4.0,0.25,0.048,0.048,0.057,0.0,ok,500
0.84,0.44,1.375,1.375,1.0,4.0,0.5,0.039,0.039,0.052,0.0,ok,500
0.84,0.44,1.375,1.375,1.0,4.0,0.75,0.039,0.039,0.052,0.0,ok,500
0.84,0.44,1.375,1.375,1.0,4.0,1.0,0.048,0.048,0.056,0.0,ok,500
0.84,0.44,1.375,1.375,1.0,4.0,1.25,0.048,0.048,0.056,0.0,ok,500
0.84,0.44,1.375,1.375,1.0,4.0,1.5,0.048,0.048,0.056,0.0,ok,500
0.84,0.44,1.375,1.375,1.0,4.0,2.0,0.039,0.039,0.052,0.0,ok,500
0.84,0.44,1.4375,1.4375,1.0,2.5,0.0,0.123,0.123,0.131,0.0,ok,500
0.84,0.44,1.4375,1.4375,1.0,2.5,0.25,0.123,0.123,0.128,0.0,ok,500
0.84,0.44,1.4375,1.4375,1.0,2.5,0.5,0.123,0.123,0.124,0.0,ok,500
0.84,0.44,1.4375,1.4375,1.0,2.5,0.75,0.107,0.107,0.123,0.0,ok,500
0.84,0.44,1.4375,1.4375,1.0,2.5,1.0,0.107,0.107,0.122,0.0,ok,500
0.84,0.44,1.4375,1.4375,1.0,2.5,1.25,0.115,0.115,0.122,0.0,ok,500
0.84,0.44,1.4375,1.4375,1.0,2.5,1.5,0.107,0.107,0.123,0.0,ok,500
0.84,0.44,1.4375,1.4375,1.0,2.5,2.0,0.097,0.097,0.119,0.0,ok,500
0.84,0.44,1.4375,1.4375,1.0,3.0,0.0,0.098,0.098,0.102,0.0,ok,500
0.84,0.44,1.4375,1.4375,1.0,3.0,0.25,0.098,0.098,0.10004999999999996,0.0,ok,500
0.84,0.44,1.4375,1.4375,1.0,3.0,0.5,0.098,0.098,0.1,0.0,ok,500
0.84,0.44,1.4375,1.4375,1.0,3.0,0.75,0.098,0.098,0.1,0.0,ok,500
0.84,0.44,1.4375,1.4375,1.0,3.0,1.0,0.089,0.089,0.1,0.0,ok,500
0.84,0.44,1.4375,1.4375,1.0,3.0,1.25,0.089,0.089,0.099,0.0,ok,500
0.84,0.44,1.4375,1.4375,1.0,3.0,1.5,0.089,0.089,0.099,0.0,ok,500
0.84,0.44,1.4375,1.4375,1.0,3.0,2.0,0.089,0.089,0.098,0.0,ok,500
0.84,0.44,1.4375,1.4375,1.0,3.5,0.0,0.076,0.076,0.079,0.0,ok,500
0.84,0.44,1.4375,1.4375,1.0,3.5,0.25,0.076,0.076,0.079,0.0,ok,500
0.84,0.44,1.4375,1.4375,1.0,3.5,0.5,0.076,0.076,0.079,0.0,ok,500
0.84,0.44,1.4375,1.4375,1.0,3.5,0.75,0.076,0.076,0.079,0.0,ok,500
0.84,0.44,1.4375,1.4375,1.0,3.5,1.0,0.076,0.076,0.079,0.0,ok,500
0.84,0.44,1.4375,1.4375,1.0,3.5,1.25,0.076,0.076,0.079,0.0,ok,500
0.84,0.44,1.4375,1.4375,1.0,3.5,1.5,0.076,0.076,0.079,0.0,ok,500
0.84,0.44,1.4375,1.4375,1.0,3.5,2.0,0.076,0.076,0.079,0.0,ok,500
0.84,0.44,1.4375,1.4375,1.0,4.0,0.0,0.05,0.05,0.058,0.0,ok,500
0.84,0.44,1.4375,1.4375,1.0,4.0,0.25,0.05,0.05,0.059,0.0,ok,500
0.84,0.44,1.4375,1.4375,1.0,4.0,0.5,0.05,0.05,0.058,0.0,ok,500
0.84,0.44,1.4375,1.4375,1.0,4.0,0.75,0.05,0.05,0.058,0.0,ok,500
0.84,0.44,1.4375,1.4375,1.0,4.0,1.0,0.05,0.05,0.059,0.0,ok,500
0.84,0.44,1.4375,1.4375,1.0,4.0,1.25,0.05,0.05,0.058,0.0,ok,500
0.84,0.44,1.4375,1.4375,1.0,4.0,1.5,0.05,0.05,0.058,0.0,ok,500
0.84,0.44,1.4375,1.4375,1.0,4.0,2.0,0.05,0.05,0.058,0.0,ok,500
0.84,0.44,1.5,1.5,1.0,2.5,0.0,0.127,0.127,0.133,0.0,ok,500
0.84,0.44,1.5,1.5,1.0,2.5,0.25,0.121,0.121,0.127,0.0,ok,500
0.84,0.44,1.5,1.5,1.0,2.5,0.5,0.115,0.115,0.121,0.0,ok,500
0.84,0.44,1.5,1.5,1.0,2.5,0.75,0.115,0.115,0.121,0.0,ok,500
0.84,0.44,1.5,1.5,1.0,2.5,1.0,0.115,0.115,0.121,0.0,ok,500
0.84,0.44,1.5,1.5,1.0,2.5,1.25,0.115,0.115,0.121,0.0,ok,500
0.84,0.44,1.5,1.5,1.0,2.5,1.5,0.115,0.115,0.122,0.0,ok,500
0.84,0.44,1.5,1.5,1.0,2.5,2.0,0.115,0.115,0.121,0.0,ok,500
0.84,0.44,1.5,1.5,1.0,3.0,0.0,0.099,0.099,0.108,0.0,ok,500
0.84,0.44,1.5,1.5,1.0,3.0,0.25,0.099,0.099,0.106,0.0,ok,500
0.84,0.44,1.5,1.5,1.0,3.0,0.5,0.099,0.099,0.105,0.0,ok,500
0.84,0.44,1.5,1.5,1.0,3.0,0.75,0.099,0.099,0.105,0.0,ok,500
0.84,0.44,1.5,1.5,1.0,3.0,1.0,0.099,0.099,0.106,0.0,ok,500
0.84,0.44,1.5,1.5,1.0,3.0,1.25,0.099,0.099,0.106,0.0,ok,500
0.84,0.44,1.5,1.5,1.0,3.0,1.5,0.099,0.099,0.105,0.0,ok,500
0.84,0.44,1.5,1.5,1.0,3.0,2.0,0.099,0.099,0.105,0.0,ok,500
0.84,0.44,1.5,1.5,1.0,3.5,0.0,0.081,0.081,0.087,0.0,ok,500
0.84,0.44,1.5,1.5,1.0,3.5,0.25,0.081,0.081,0.087,0.0,ok,500
0.84,0.44,1.5,1.5,1.0,3.5,0.5,0.081,0.081,0.086,0.0,ok,500
0.84,0.44,1.5,1.5,1.0,3.5,0.75,0.081,0.081,0.087,0.0,ok,500
0.84,0.44,1.5,1.5,1.0,3.5,1.0,0.081,0.081,0.087,0.0,ok,500
0.84,0.44,1.5,1.5,1.0,3.5,1.25,0.081,0.081,0.087,0.0,ok,500
0.84,0.44,1.5,1.5,1.0,3.5,1.5,0.081,0.081,0.087,0.0,ok,500
0.84,0.44,1.5,1.5,1.0,3.5,2.0,0.081,0.081,0.086,0.0,ok,500
0.84,0.44,1.5,1.5,1.0,4.0,0.0,0.059,0.059,0.063,0.0,ok,500
0.84,0.44,1.5,1.5,1.0,4.0,0.25,0.059,0.059,0.063,0.0,ok,500
0.84,0.44,1.5,1.5,1.0,4.0,0.5,0.059,0.059,0.065,0.0,ok,500
0.84,0.44,1.5,1.5,1.0,4.0,0.75,0.059,0.059,0.063,0.0,ok,500
0.84,0.44,1.5,1.5,1.0,4.0,1.0,0.059,0.059,0.065,0.0,ok,500
0.84,0.44,1.5,1.5,1.0,4.0,1.25,0.059,0.059,0.065,0.0,ok,500
0.84,0.44,1.5,1.5,1.0,4.0,1.5,0.059,0.059,0.063,0.0,ok,500
0.84,0.44,1.5,1.5,1.0,4.0,2.0,0.059,0.059,0.063,0.0,ok,500
0.84,0.44,1.75,1.75,1.0,2.5,0.0,0.138,0.138,0.154,0.0,ok,500
0.84,0.44,1.75,1.75,1.0,2.5,0.25,0.124,0.124,0.154,0.0,ok,500
0.84,0.44,1.75,1.75,1.0,2.5,0.5,0.124,0.124,0.154,0.0,ok,500
0.84,0.44,1.75,1.75,1.0,2.5,0.75,0.124,0.124,0.143,0.0,ok,500
0.84,0.44,1.75,1.75,1.0,2.5,1.0,0.124,0.124,0.154,0.0,ok,500
0.84,0.44,1.75,1.75,1.0,2.5,1.25,0.124,0.124,0.154,0.0,ok,500
0.84,0.44,1.75,1.75,1.0,2.5,1.5,0.124,0.124,0.143,0.0,ok,500
0.84,0.44,1.75,1.75,1.0,2.5,2.0,0.124,0.124,0.154,0.0,ok,500
0.84,0.44,1.75,1.75,1.0,3.0,0.0,0.105,0.105,0.121,0.0,ok,500
0.84,0.44,1.75,1.75,1.0,3.0,0.25,0.105,0.105,0.126,0.0,ok,500
0.84,0.44,1.75,1.75,1.0,3.0,0.5,0.105,0.105,0.121,0.0,ok,500
0.84,0.44,1.75,1.75,1.0,3.0,0.75,0.105,0.105,0.121,0.0,ok,500
0.84,0.44,1.75,1.75,1.0,3.0,1.0,0.105,0.105,0.121,0.0,ok,500
0.84,0.44,1.75,1.75,1.0,3.0,1.25,0.105,0.105,0.126,0.0,ok,500
0.84,0.44,1.75,1.75,1.0,3.0,1.5,0.105,0.105,0.121,0.0,ok,500
0.84,0.44,1.75,1.75,1.0,3.0,2.0,0.105,0.105,0.12124999999999977,0.0,ok,500
0.84,0.44,1.75,1.75,1.0,3.5,0.0,0.092,0.092,0.095,0.0,ok,500
0.84,0.44,1.75,1.75,1.0,3.5,0.25,0.092,0.092,0.095,0.0,ok,500
0.84,0.44,1.75,1.75,1.0,3.5,0.5,0.092,0.092,0.096,0.0,ok,500
0.84,0.44,1.75,1.75,1.0,3.5,0.75,0.092,0.092,0.095,0.0,ok,500
0.84,0.44,1.75,1.75,1.0,3.5,1.0,0.092,0.092,0.096,0.0,ok,500
0.84,0.44,1.75,1.75,1.0,3.5,1.25,0.092,0.092,0.095,0.0,ok,500
0.84,0.44,1.75,1.75,1.0,3.5,1.5,0.092,0.092,0.096,0.0,ok,500
0.84,0.44,1.75,1.75,1.0,3.5,2.0,0.092,0.092,0.096,0.0,ok,500
0.84,0.44,1.75,1.75,1.0,4.0,0.0,0.06,0.06,0.066,0.0,ok,500
0.84,0.44,1.75,1.75,1.0,4.0,0.25,0.06,0.06,0.066,0.0,ok,500
0.84,0.44,1.75,1.75,1.0,4.0,0.5,0.06,0.06,0.066,0.0,ok,500
0.84,0.44,1.75,1.75,1.0,4.0,0.75,0.06,0.06,0.066,0.0,ok,500
0.84,0.44,1.75,1.75,1.0,4.0,1.0,0.06,0.06,0.066,0.0,ok,500
0.84,0.44,1.75,1.75,1.0,4.0,1.25,0.06,0.06,0.066,0.0,ok,500
0.84,0.44,1.75,1.75,1.0,4.0,1.5,0.06,0.06,0.066,0.0,ok,500
0.84,0.44,1.75,1.75,1.0,4.0,2.0,0.06,0.06,0.066,0.0,ok,500
0.615,0.415,1.125,1.125,1.0,2.5,0.0,,,,1.0,no_crossing,500
0.615,0.415,1.125,1.125,1.0,2.5,0.25,0.13,0.13,0.145,0.0,ok,500
0.615,0.415,1.125,1.125,1.0,2.5,0.5,0.11,0.11,0.132,0.0,ok,500
0.615,0.415,1.125,1.125,1.0,2.5,0.75,0.11,0.11,0.1200999999999999,0.0,ok,500
0.615,0.415,1.125,1.125,1.0,2.5,1.0,0.106,0.106,0.11,0.0,ok,500
0.615,0.415,1.125,1.125,1.0,2.5,1.25,0.103,0.103,0.118,0.0,ok,500
0.615,0.415,1.125,1.125,1.0,2.5,1.5,0.101,0.101,0.11,0.0,ok,500
0.615,0.415,1.125,1.125,1.0,2.5,2.0,0.108,0.108,0.118,0.0,ok,500
0.615,0.415,1.125,1.125,1.0,3.0,0.0,0.111,0.111,0.128,0.0,ok,500
0.615,0.415,1.125,1.125,1.0,3.0,0.25,0.101,0.101,0.108,0.0,ok,500
0.615,0.415,1.125,1.125,1.0,3.0,0.5,0.092,0.092,0.097,0.0,ok,500
0.615,0.415,1.125,1.125,1.0,3.0,0.75,0.087,0.087,0.091,0.0,ok,500
0.615,0.415,1.125,1.125,1.0,3.0,1.0,0.089,0.089,0.091,0.0,ok,500
0.615,0.415,1.125,1.125,1.0,3.0,1.25,0.081,0.081,0.089,0.0,ok,500
0.615,0.415,1.125,1.125,1.0,3.0,1.5,0.089,0.089,0.091,0.0,ok,500
0.615,0.415,1.125,1.125,1.0,3.0,2.0,0.085,0.085,0.09,0.0,ok,500
0.615,0.415,1.125,1.125,1.0,3.5,0.0,0.077,0.077,0.081,0.0,ok,500
0.615,0.415,1.125,1.125,1.0,3.5,0.25,0.075,0.075,0.077,0.0,ok,500
0.615,0.415,1.125,1.125,1.0,3.5,0.5,0.075,0.075,0.077,0.0,ok,500
0.615,0.415,1.125,1.125,1.0,3.5,0.75,0.061,0.061,0.074,0.0,ok,500
0.615,0.415,1.125,1.125,1.0,3.5,1.0,0.067,0.067,0.072,0.0,ok,500
0.615,0.415,1.125,1.125,1.0,3.5,1.25,0.065,0.065,0.067,0.0,ok,500
0.615,0.415,1.125,1.125,1.0,3.5,1.5,0.061,0.061,0.064,0.0,ok,500
0.615,0.415,1.125,1.125,1.0,3.5,2.0,0.061,0.061,0.067,0.0,ok,500
0.615,0.415,1.125,1.125,1.0,4.0,0.0,0.049,0.049,0.056,0.0,ok,500
0.615,0.415,1.125,1.125,1.0,4.0,0.25,0.047,0.047,0.054,0.0,ok,500
0.615,0.415,1.125,1.125,1.0,4.0,0.5,0.047,0.047,0.054,0.0,ok,500
0.615,0.415,1.125,1.125,1.0,4.0,0.75,0.047,0.047,0.052,0.0,ok,500
0.615,0.415,1.125,1.125,1.0,4.0,1.0,0.047,0.047,0.054,0.0,ok,500
0.615,0.415,1.125,1.125,1.0,4.0,1.25,0.047,0.047,0.054,0.0,ok,500
0.615,0.415,1.125,1.125,1.0,4.0,1.5,0.047,0.047,0.051,0.0,ok,500
0.615,0.415,1.125,1.125,1.0,4.0,2.0,0.047,0.047,0.051,0.0,ok,500
0.615,0.415,1.25,1.25,1.0,2.5,0.0,0.123,0.123,0.149,0.0,ok,500
0.615,0.415,1.25,1.25,1.0,2.5,0.25,0.115,0.115,0.122,0.0,ok,500
0.615,0.415,1.25,1.25,1.0,2.5,0.5,0.107,0.107,0.117,0.0,ok,500
0.615,0.415,1.25,1.25,1.0,2.5,0.75,0.099,0.099,0.11,0.0,ok,500
0.615,0.415,1.25,1.25,1.0,2.5,1.0,0.095,0.095,0.103,0.0,ok,500
0.615,0.415,1.25,1.25,1.0,2.5,1.25,0.095,0.095,0.103,0.0,ok,500
0.615,0.415,1.25,1.25,1.0,2.5,1.5,0.098,0.098,0.105,0.0,ok,500
0.615,0.415,1.25,1.25,1.0,2.5,2.0,0.095,0.095,0.1031999999999998,0.0,ok,500
0.615,0.415,1.25,1.25,1.0,3.0,0.0,0.089,0.089,0.104,0.0,ok,500
0.615,0.415,1.25,1.25,1.0,3.0,0.25,0.089,0.089,0.095,0.0,ok,500
0.615,0.415,1.25,1.25,1.0,3.0,0.5,0.077,0.077,0.09,0.0,ok,500
0.615,0.415,1.25,1.25,1.0,3.0,0.75,0.081,0.081,0.08904999999999995,0.0,ok,500
0.615,0.415,1.25,1.25,1.0,3.0,1.0,0.084,0.084,0.089,0.0,ok,500
0.615,0.415,1.25,1.25,1.0,3.0,1.25,0.073,0.073,0.087,0.0,ok,500
0.615,0.415,1.25,1.25,1.0,3.0,1.5,0.081,0.081,0.089,0.0,ok,500
0.615,0.415,1.25,1.25,1.0,3.0,2.0,0.077,0.077,0.089,0.0,ok,500
0.615,0.415,1.25,1.25,1.0,3.5,0.0,0.061,0.061,0.066,0.0,ok,500
0.615,0.415,1.25,1.25,1.0,3.5,0.25,0.061,0.061,0.072,0.0,ok,500
0.615,0.415,1.25,1.25,1.0,3.5,0.5,0.061,0.061,0.066,0.0,ok,500
0.615,0.415,1.25,1.25,1.0,3.5,0.75,0.061,0.061,0.066,0.0,ok,500
0.615,0.415,1.25,1.25,1.0,3.5,1.0,0.061,0.061,0.068,0.0,ok,500
0.615,0.415,1.25,1.25,1.0,3.5,1.25,0.061,0.061,0.066,0.0,ok,500
0.615,0.415,1.25,1.25,1.0,3.5,1.5,0.061,0.061,0.07,0.0,ok,500
0.615,0.415,1.25,1.25,1.0,3.5,2.0,0.056,0.056,0.061,0.0,ok,500
0.615,0.415,1.25,1.25,1.0,4.0,0.0,0.045,0.045,0.049,0.0,ok,500
0.615,0.415,1.25,1.25,1.0,4.0,0.25,0.045,0.045,0.051,0.0,ok,500
0.615,0.415,1.25,1.25,1.0,4.0,0.5,0.04,0.04,0.047,0.0,ok,500
0.615,0.415,1.25,1.25,1.0,4.0,0.75,0.04,0.04,0.049,0.0,ok,500
0.615,0.415,1.25,1.25,1.0,4.0,1.0,0.045,0.045,0.049,0.0,ok,500
0.615,0.415,1.25,1.25,1.0,4.0,1.25,0.04,0.04,0.047,0.0,ok,500
0.615,0.415,1.25,1.25,1.0,4.0,1.5,0.041,0.041,0.049,0.0,ok,500
0.615,0.415,1.25,1.25,1.0,4.0,2.0,0.04,0.04,0.047,0.0,ok,500
0.615,0.415,1.3125,1.3125,1.0,2.5,0.0,0.131,0.131,0.138,0.0,ok,500
0.615,0.415,1.3125,1.3125,1.0,2.5,0.25,0.118,0.118,0.12,0.0,ok,500
0.615,0.415,1.3125,1.3125,1.0,2.5,0.5,0.097,0.097,0.108,0.0,ok,500
0.615,0.415,1.3125,1.3125,1.0,2.5,0.75,0.096,0.096,0.10704999999999995,0.0,ok,500
0.615,0.415,1.3125,1.3125,1.0,2.5,1.0,0.096,0.096,0.1,0.0,ok,500
0.615,0.415,1.3125,1.3125,1.0,2.5,1.25,0.097,0.097,0.111,0.0,ok,500
0.615,0.415,1.3125,1.3125,1.0,2.5,1.5,0.097,0.097,0.104,0.0,ok,500
0.615,0.415,1.3125,1.3125,1.0,2.5,2.0,0.096,0.096,0.107,0.0,ok,500
0.615,0.415,1.3125,1.3125,1.0,3.0,0.0,0.09,0.09,0.098,0.0,ok,500
0.615,0.415,1.3125,1.3125,1.0,3.0,0.25,0.09,0.09,0.09124999999999978,0.0,ok,500
0.615,0.415,1.3125,1.3125,1.0,3.0,0.5,0.082,0.082,0.09,0.0,ok,500
0.615,0.415,1.3125,1.3125,1.0,3.0,0.75,0.082,0.082,0.09,0.0,ok,500
0.615,0.415,1.3125,1.3125,1.0,3.0,1.0,0.082,0.082,0.09,0.0,ok,500
0.615,0.415,1.3125,1.3125,1.0,3.0,1.25,0.082,0.082,0.085,0.0,ok,500
0.615,0.415,1.3125,1.3125,1.0,3.0,1.5,0.082,0.082,0.086,0.0,ok,500
0.615,0.415,1.3125,1.3125,1.0,3.0,2.0,0.082,0.082,0.086,0.0,ok,500
0.615,0.415,1.3125,1.3125,1.0,3.5,0.0,0.07,0.07,0.074,0.0,ok,500
0.615,0.415,1.3125,1.3125,1.0,3.5,0.25,0.07,0.07,0.074,0.0,ok,500
0.615,0.415,1.3125,1.3125,1.0,3.5,0.5,0.063,0.063,0.071,0.0,ok,500
0.615,0.415,1.3125,1.3125,1.0,3.5,0.75,0.07,0.07,0.073,0.0,ok,500
0.615,0.415,1.3125,1.3125,1.0,3.5,1.0,0.07,0.07,0.072,0.0,ok,500
0.615,0.415,1.3125,1.3125,1.0,3.5,1.25,0.063,0.063,0.071,0.0,ok,500
0.615,0.415,1.3125,1.3125,1.0,3.5,1.5,0.063,0.063,0.071,0.0,ok,500
0.615,0.415,1.3125,1.3125,1.0,3.5,2.0,0.063,0.063,0.071,0.0,ok,500
0.615,0.415,1.3125,1.3125,1.0,4.0,0.0,0.048,0.048,0.06,0.0,ok,500
0.615,0.415,1.3125,1.3125,1.0,4.0,0.25,0.048,0.048,0.06004999999999995,0.0,ok,500
0.615,0.415,1.3125,1.3125,1.0,4.0,0.5,0.048,0.048,0.049,0.0,ok,500
0.615,0.415,1.3125,1.3125,1.0,4.0,0.75,0.048,0.048,0.049549999999999504,0.0,ok,500
0.615,0.415,1.3125,1.3125,1.0,4.0,1.0,0.048,0.048,0.06,0.0,ok,500
0.615,0.415,1.3125,1.3125,1.0,4.0,1.25,0.048,0.048,0.06,0.0,ok,500
0.615,0.415,1.3125,1.3125,1.0,4.0,1.5,0.048,0.048,0.049,0.0,ok,500
0.615,0.415,1.3125,1.3125,1.0,4.0,2.0,0.048,0.048,0.049,0.0,ok,500
0.615,0.415,1.375,1.375,1.0,2.5,0.0,0.125,0.125,0.136,0.0,ok,500
0.615,0.415,1.375,1.375,1.0,2.5,0.25,0.107,0.107,0.118,0.0,ok,500
0.615,0.415,1.375,1.375,1.0,2.5,0.5,0.097,0.097,0.114,0.0,ok,500
0.615,0.415,1.375,1.375,1.0,2.5,0.75,0.088,0.088,0.107,0.0,ok,500
0.615,0.415,1.375,1.375,1.0,2.5,1.0,0.097,0.097,0.114,0.0,ok,500
0.615,0.415,1.375,1.375,1.0,2.5,1.25,0.088,0.088,0.106,0.0,ok,500
0.615,0.415,1.375,1.375,1.0,2.5,1.5,0.097,0.097,0.106,0.0,ok,500
0.615,0.415,1.375,1.375,1.0,2.5,2.0,0.088,0.088,0.107,0.0,ok,500
0.615,0.415,1.375,1.375,1.0,3.0,0.0,0.078,0.078,0.093,0.0,ok,500
0.615,0.415,1.375,1.375,1.0,3.0,0.25,0.078,0.078,0.09,0.0,ok,500
0.615,0.415,1.375,1.375,1.0,3.0,0.5,0.078,0.078,0.089,0.0,ok,500
0.615,0.415,1.375,1.375,1.0,3.0,0.75,0.078,0.078,0.09,0.0,ok,500
0.615,0.415,1.375,1.375,1.0,3.0,1.0,0.078,0.078,0.09,0.0,ok,500
0.615,0.415,1.375,1.375,1.0,3.0,1.25,0.078,0.078,0.09,0.0,ok,500
0.615,0.415,1.375,1.375,1.0,3.0,1.5,0.078,0.078,0.09,0.0,ok,500
0.615,0.415,1.375,1.375,1.0,3.0,2.0,0.078,0.078,0.089,0.0,ok,500
0.615,0.415,1.375,1.375,1.0,3.5,0.0,0.063,0.063,0.068,0.0,ok,500
0.615,0.415,1.375,1.375,1.0,3.5,0.25,0.063,0.063,0.068,0.0,ok,500
0.615,0.415,1.375,1.375,1.0,3.5,0.5,0.063,0.063,0.068,0.0,ok,500
0.615,0.415,1.375,1.375,1.0,3.5,0.75,0.063,0.063,0.069,0.0,ok,500
0.615,0.415,1.375,1.375,1.0,3.5,1.0,0.063,0.063,0.069,0.0,ok,500
0.615,0.415,1.375,1.375,1.0,3.5,1.25,0.056,0.056,0.068,0.0,ok,500
0.615,0.415,1.375,1.375,1.0,3.5,1.5,0.056,0.056,0.068,0.0,ok,500
0.615,0.415,1.375,1.375,1.0,3.5,2.0,0.056,0.056,0.064,0.0,ok,500
0.615,0.415,1.375,1.375,1.0,4.0,0.0,0.048,0.048,0.056,0.0,ok,500
0.615,0.415,1.375,1.375,1.0,4.0,0.25,0.048,0.048,0.057,0.0,ok,500
0.615,0.415,1.375,1.375,1.0,4.0,0.5,0.048,0.048,0.056,0.0,ok,500
0.615,0.415,1.375,1.375,1.0,4.0,0.75,0.048,0.048,0.057,0.0,ok,500
0.615,0.415,1.375,1.375,1.0,4.0,1.0,0.048,0.048,0.056,0.0,ok,500
0.615,0.415,1.375,1.375,1.0,4.0,1.25,0.048,0.048,0.057,0.0,ok,500
0.615,0.415,1.375,1.375,1.0,4.0,1.5,0.048,0.048,0.057,0.0,ok,500
0.615,0.415,1.375,1.375,1.0,4.0,2.0,0.039,0.039,0.056,0.0,ok,500
0.615,0.415,1.4375,1.4375,1.0,2.5,0.0,0.123,0.123,0.132,0.0,ok,500
0.615,0.415,1.4375,1.4375,1.0,2.5,0.25,0.123,0.123,0.126,0.0,ok,500
0.615,0.415,1.4375,1.4375,1.0,2.5,0.5,0.107,0.107,0.122,0.0,ok,500
0.615,0.415,1.4375,1.4375,1.0,2.5,0.75,0.097,0.097,0.119,0.0,ok,500
0.615,0.415,1.4375,1.4375,1.0,2.5,1.0,0.112,0.112,0.122,0.0,ok,500
0.615,0.415,1.4375,1.4375,1.0,2.5,1.25,0.107,0.107,0.115,0.0,ok,500
0.615,0.415,1.4375,1.4375,1.0,2.5,1.5,0.097,0.097,0.112,0.0,ok,500
0.615,0.415,1.4375,1.4375,1.0,2.5,2.0,0.107,0.107,0.122,0.0,ok,500
0.615,0.415,1.4375,1.4375,1.0,3.0,0.0,0.098,0.098,0.102,0.0,ok,500
0.615,0.415,1.4375,1.4375,1.0,3.0,0.25,0.098,0.098,0.1,0.0,ok,500
0.615,0.415,1.4375,1.4375,1.0,3.0,0.5,0.098,0.098,0.101,0.0,ok,500
0.615,0.415,1.4375,1.4375,1.0,3.0,0.75,0.089,0.089,0.1,0.0,ok,500
0.615,0.415,1.4375,1.4375,1.0,3.0,1.0,0.089,0.089,0.099,0.0,ok,500
0.615,0.415,1.4375,1.4375,1.0,3.0,1.25,0.089,0.089,0.099,0.0,ok,500
0.615,0.415,1.4375,1.4375,1.0,3.0,1.5,0.089,0.089,0.1,0.0,ok,500
0.615,0.415,1.4375,1.4375,1.0,3.0,2.0,0.089,0.089,0.09904999999999996,0.0,ok,500
0.615,0.415,1.4375,1.4375,1.0,3.5,0.0,0.076,0.076,0.079,0.0,ok,500
0.615,0.415,1.4375,1.4375,1.0,3.5,0.25,0.076,0.076,0.079,0.0,ok,500
0.615,0.415,1.4375,1.4375,1.0,3.5,0.5,0.076,0.076,0.079,0.0,ok,500
0.615,0.415,1.4375,1.4375,1.0,3.5,0.75,0.076,0.076,0.079,0.0,ok,500
0.615,0.415,1.4375,1.4375,1.0,3.5,1.0,0.076,0.076,0.079,0.0,ok,500
0.615,0.415,1.4375,1.4375,1.0,3.5,1.25,0.076,0.076,0.079,0.0,ok,500
0.615,0.415,1.4375,1.4375,1.0,3.5,1.5,0.076,0.076,0.079,0.0,ok,500
0.615,0.415,1.4375,1.4375,1.0,3.5,2.0,0.076,0.076,0.079,0.0,ok,500
0.615,0.415,1.4375,1.4375,1.0,4.0,0.0,0.05,0.05,0.059,0.0,ok,500
0.615,0.415,1.4375,1.4375,1.0,4.0,0.25,0.05,0.05,0.058,0.0,ok,500
0.615,0.415,1.4375,1.4375,1.0,4.0,0.5,0.05,0.05,0.058,0.0,ok,500
0.615,0.415,1.4375,1.4375,1.0,4.0,0.75,0.05,0.05,0.058,0.0,ok,500
0.615,0.415,1.4375,1.4375,1.0,4.0,1.0,0.05,0.05,0.059,0.0,ok,500
0.615,0.415,1.4375,1.4375,1.0,4.0,1.25,0.05,0.05,0.058,0.0,ok,500
0.615,0.415,1.4375,1.4375,1.0,4.0,1.5,0.05,0.05,0.058,0.0,ok,500
0.615,0.415,1.4375,1.4375,1.0,4.0,2.0,0.05,0.05,0.059,0.0,ok,500
0.615,0.415,1.5,1.5,1.0,2.5,0.0,0.127,0.127,0.133,0.0,ok,500
0.615,0.415,1.5,1.5,1.0,2.5,0.25,0.115,0.115,0.122,0.0,ok,500
0.615,0.415,1.5,1.5,1.0,2.5,0.5,0.115,0.115,0.121,0.0,ok,500
0.615,0.415,1.5,1.5,1.0,2.5,0.75,0.115,0.115,0.121,0.0,ok,500
0.615,0.415,1.5,1.5,1.0,2.5,1.0,0.115,0.115,0.121,0.0,ok,500
0.615,0.415,1.5,1.5,1.0,2.5,1.25,0.115,0.115,0.121,0.0,ok,500
0.615,0.415,1.5,1.5,1.0,2.5,1.5,0.115,0.115,0.121,0.0,ok,500
0.615,0.415,1.5,1.5,1.0,2.5,2.0,0.115,0.115,0.121,0.0,ok,500
0.615,0.415,1.5,1.5,1.0,3.0,0.0,0.099,0.099,0.106,0.0,ok,500
0.615,0.415,1.5,1.5,1.0,3.0,0.25,0.099,0.099,0.106,0.0,ok,500
0.615,0.415,1.5,1.5,1.0,3.0,0.5,0.099,0.099,0.10504999999999995,0.0,ok,500
0.615,0.415,1.5,1.5,1.0,3.0,0.75,0.099,0.099,0.106,0.0,ok,500
0.615,0.415,1.5,1.5,1.0,3.0,1.0,0.099,0.099,0.105,0.0,ok,500
0.615,0.415,1.5,1.5,1.0,3.0,1.25,0.099,0.099,0.105,0.0,ok,500
0.615,0.415,1.5,1.5,1.0,3.0,1.5,0.099,0.099,0.105,0.0,ok,500
0.615,0.415,1.5,1.5,1.0,3.0,2.0,0.099,0.099,0.105,0.0,ok,500
0.615,0.415,1.5,1.5,1.0,3.5,0.0,0.081,0.081,0.08604999999999995,0.0,ok,500
0.615,0.415,1.5,1.5,1.0,3.5,0.25,0.081,0.081,0.087,0.0,ok,500
0.615,0.415,1.5,1.5,1.0,3.5,0.5,0.081,0.081,0.086,0.0,ok,500
0.615,0.415,1.5,1.5,1.0,3.5,0.75,0.081,0.081,0.087,0.0,ok,500
0.615,0.415,1.5,1.5,1.0,3.5,1.0,0.081,0.081,0.086,0.0,ok,500
0.615,0.415,1.5,1.5,1.0,3.5,1.25,0.081,0.081,0.08604999999999995,0.0,ok,500
0.615,0.415,1.5,1.5,1.0,3.5,1.5,0.081,0.081,0.086,0.0,ok,500
0.615,0.415,1.5,1.5,1.0,3.5,2.0,0.081,0.081,0.087,0.0,ok,500
0.615,0.415,1.5,1.5,1.0,4.0,0.0,0.059,0.059,0.065,0.0,ok,500
0.615,0.415,1.5,1.5,1.0,4.0,0.25,0.059,0.059,0.065,0.0,ok,500
0.615,0.415,1.5,1.5,1.0,4.0,0.5,0.059,0.059,0.065,0.0,ok,500
0.615,0.415,1.5,1.5,1.0,4.0,0.75,0.059,0.059,0.065,0.0,ok,500
0.615,0.415,1.5,1.5,1.0,4.0,1.0,0.059,0.059,0.063,0.0,ok,500
0.615,0.415,1.5,1.5,1.0,4.0,1.25,0.059,0.059,0.063,0.0,ok,500
0.615,0.415,1.5,1.5,1.0,4.0,1.5,0.059,0.059,0.065,0.0,ok,500
0.615,0.415,1.5,1.5,1.0,4.0,2.0,0.059,0.059,0.063,0.0,ok,500
0.615,0.415,1.75,1.75,1.0,2.5,0.0,0.138,0.138,0.154,0.0,ok,500
0.615,0.415,1.75,1.75,1.0,2.5,0.25,0.124,0.124,0.154,0.0,ok,500
0.615,0.415,1.75,1.75,1.0,2.5,0.5,0.124,0.124,0.154,0.0,ok,500
0.615,0.415,1.75,1.75,1.0,2.5,0.75,0.124,0.124,0.143,0.0,ok,500
0.615,0.415,1.75,1.75,1.0,2.5,1.0,0.124,0.124,0.154,0.0,ok,500
0.615,0.415,1.75,1.75,1.0,2.5,1.25,0.124,0.124,0.154,0.0,ok,500
0.615,0.415,1.75,1.75,1.0,2.5,1.5,0.124,0.124,0.143,0.0,ok,500
0.615,0.415,1.75,1.75,1.0,2.5,2.0,0.124,0.124,0.143,0.0,ok,500
0.615,0.415,1.75,1.75,1.0,3.0,0.0,0.105,0.105,0.121,0.0,ok,500
0.615,0.415,1.75,1.75,1.0,3.0,0.25,0.105,0.105,0.12124999999999977,0.0,ok,500
0.615,0.415,1.75,1.75,1.0,3.0,0.5,0.105,0.105,0.121,0.0,ok,500
0.615,0.415,1.75,1.75,1.0,3.0,0.75,0.105,0.105,0.121,0.0,ok,500
0.615,0.415,1.75,1.75,1.0,3.0,1.0,0.105,0.105,0.121,0.0,ok,500
0.615,0.415,1.75,1.75,1.0,3.0,1.25,0.105,0.105,0.126,0.0,ok,500
0.615,0.415,1.75,1.75,1.0,3.0,1.5,0.105,0.105,0.121,0.0,ok,500
0.615,0.415,1.75,1.75,1.0,3.0,2.0,0.105,0.105,0.121,0.0,ok,500
0.615,0.415,1.75,1.75,1.0,3.5,0.0,0.092,0.092,0.095,0.0,ok,500
0.615,0.415,1.75,1.75,1.0,3.5,0.25,0.092,0.092,0.096,0.0,ok,500
0.615,0.415,1.75,1.75,1.0,3.5,0.5,0.092,0.092,0.095,0.0,ok,500
0.615,0.415,1.75,1.75,1.0,3.5,0.75,0.092,0.092,0.096,0.0,ok,500
0.615,0.415,1.75,1.75,1.0,3.5,1.0,0.092,0.092,0.096,0.0,ok,500
0.615,0.415,1.75,1.75,1.0,3.5,1.25,0.092,0.092,0.09504999999999995,0.0,ok,500
0.615,0.415,1.75,1.75,1.0,3.5,1.5,0.092,0.092,0.096,0.0,ok,500
0.615,0.415,1.75,1.75,1.0,3.5,2.0,0.092,0.092,0.095,0.0,ok,500
0.615,0.415,1.75,1.75,1.0,4.0,0.0,0.06,0.06,0.066,0.0,ok,500
0.615,0.415,1.75,1.75,1.0,4.0,0.25,0.06,0.06,0.066,0.0,ok,500
0.615,0.415,1.75,1.75,1.0,4.0,0.5,0.06,0.06,0.066,0.0,ok,500
0.615,0.415,1.75,1.75,1.0,4.0,0.75,0.06,0.06,0.066,0.0,ok,500
0.615,0.415,1.75,1.75,1.0,4.0,1.0,0.06,0.06,0.066,0.0,ok,500
0.615,0.415,1.75,1.75,1.0,4.0,1.25,0.06,0.06,0.066,0.0,ok,500
0.615,0.415,1.75,1.75,1.0,4.0,1.5,0.06,0.06,0.066,0.0,ok,500
0.615,0.415,1.75,1.75,1.0,4.0,2.0,0.06,0.06,0.066,0.0,ok,500
0.275,0.47,1.125,1.125,1.0,2.5,0.0,0.157,0.157,0.157,0.352,ok,500
0.275,0.47,1.125,1.125,1.0,2.5,0.25,0.12,0.12,0.145,0.0,ok,500
0.275,0.47,1.125,1.125,1.0,2.5,0.5,0.12,0.12,0.136,0.0,ok,500
0.275,0.47,1.125,1.125,1.0,2.5,0.75,0.11,0.11,0.127,0.0,ok,500
0.275,0.47,1.125,1.125,1.0,2.5,1.0,0.11,0.11,0.133,0.0,ok,500
0.275,0.47,1.125,1.125,1.0,2.5,1.25,0.11,0.11,0.126,0.0,ok,500
0.275,0.47,1.125,1.125,1.0,2.5,1.5,0.11,0.11,0.125,0.0,ok,500
0.275,0.47,1.125,1.125,1.0,2.5,2.0,0.11,0.11,0.13,0.0,ok,500
0.275,0.47,1.125,1.125,1.0,3.0,0.0,0.108,0.108,0.117,0.0,ok,500
0.275,0.47,1.125,1.125,1.0,3.0,0.25,0.092,0.092,0.106,0.0,ok,500
0.275,0.47,1.125,1.125,1.0,3.0,0.5,0.092,0.092,0.108,0.0,ok,500
0.275,0.47,1.125,1.125,1.0,3.0,0.75,0.092,0.092,0.097,0.0,ok,500
0.275,0.47,1.125,1.125,1.0,3.0,1.0,0.089,0.089,0.097,0.0,ok,500
0.275,0.47,1.125,1.125,1.0,3.0,1.25,0.091,0.091,0.097,0.0,ok,500
0.275,0.47,1.125,1.125,1.0,3.0,1.5,0.091,0.091,0.097,0.0,ok,500
0.275,0.47,1.125,1.125,1.0,3.0,2.0,0.091,0.091,0.097,0.0,ok,500
0.275,0.47,1.125,1.125,1.0,3.5,0.0,0.077,0.077,0.079,0.0,ok,500
0.275,0.47,1.125,1.125,1.0,3.5,0.25,0.077,0.077,0.079,0.0,ok,500
0.275,0.47,1.125,1.125,1.0,3.5,0.5,0.074,0.074,0.077,0.0,ok,500
0.275,0.47,1.125,1.125,1.0,3.5,0.75,0.067,0.067,0.075,0.0,ok,500
0.275,0.47,1.125,1.125,1.0,3.5,1.0,0.074,0.074,0.076,0.0,ok,500
0.275,0.47,1.125,1.125,1.0,3.5,1.25,0.069,0.069,0.075,0.0,ok,500
0.275,0.47,1.125,1.125,1.0,3.5,1.5,0.072,0.072,0.074,0.0,ok,500
0.275,0.47,1.125,1.125,1.0,3.5,2.0,0.069,0.069,0.074,0.0,ok,500
0.275,0.47,1.125,1.125,1.0,4.0,0.0,0.049,0.049,0.055,0.0,ok,500
0.275,0.47,1.125,1.125,1.0,4.0,0.25,0.049,0.049,0.054,0.0,ok,500
0.275,0.47,1.125,1.125,1.0,4.0,0.5,0.047,0.047,0.054,0.0,ok,500
0.275,0.47,1.125,1.125,1.0,4.0,0.75,0.047,0.047,0.052,0.0,ok,500
0.275,0.47,1.125,1.125,1.0,4.0,1.0,0.045,0.045,0.052,0.0,ok,500
0.275,0.47,1.125,1.125,1.0,4.0,1.25,0.047,0.047,0.052,0.0,ok,500
0.275,0.47,1.125,1.125,1.0,4.0,1.5,0.047,0.047,0.052,0.0,ok,500
0.275,0.47,1.125,1.125,1.0,4.0,2.0,0.047,0.047,0.054,0.0,ok,500
0.275,0.47,1.25,1.25,1.0,2.5,0.0,0.123,0.123,0.13019999999999982,0.0,ok,500
0.275,0.47,1.25,1.25,1.0,2.5,0.25,0.115,0.115,0.123,0.0,ok,500
0.275,0.47,1.25,1.25,1.0,2.5,0.5,0.115,0.115,0.12,0.0,ok,500
0.275,0.47,1.25,1.25,1.0,2.5,0.75,0.107,0.107,0.119,0.0,ok,500
0.275,0.47,1.25,1.25,1.0,2.5,1.0,0.115,0.115,0.118,0.0,ok,500
0.275,0.47,1.25,1.25,1.0,2.5,1.25,0.115,0.115,0.12,0.0,ok,500
0.275,0.47,1.25,1.25,1.0,2.5,1.5,0.107,0.107,0.115,0.0,ok,500
0.275,0.47,1.25,1.25,1.0,2.5,2.0,0.095,0.095,0.114,0.0,ok,500
0.275,0.47,1.25,1.25,1.0,3.0,0.0,0.089,0.089,0.102,0.0,ok,500
0.275,0.47,1.25,1.25,1.0,3.0,0.25,0.089,0.089,0.095,0.0,ok,500
0.275,0.47,1.25,1.25,1.0,3.0,0.5,0.089,0.089,0.095,0.0,ok,500
0.275,0.47,1.25,1.25,1.0,3.0,0.75,0.087,0.087,0.09,0.0,ok,500
0.275,0.47,1.25,1.25,1.0,3.0,1.0,0.087,0.087,0.09024999999999977,0.0,ok,500
0.275,0.47,1.25,1.25,1.0,3.0,1.25,0.087,0.087,0.09,0.0,ok,500
0.275,0.47,1.25,1.25,1.0,3.0,1.5,0.087,0.087,0.09,0.0,ok,500
0.275,0.47,1.25,1.25,1.0,3.0,2.0,0.087,0.087,0.09,0.0,ok,500
0.275,0.47,1.25,1.25,1.0,3.5,0.0,0.061,0.061,0.073,0.0,ok,500
0.275,0.47,1.25,1.25,1.0,3.5,0.25,0.061,0.061,0.066,0.0,ok,500
0.275,0.47,1.25,1.25,1.0,3.5,0.5,0.061,0.061,0.066,0.0,ok,500
0.275,0.47,1.25,1.25,1.0,3.5,0.75,0.061,0.061,0.066,0.0,ok,500
0.275,0.47,1.25,1.25,1.0,3.5,1.0,0.061,0.061,0.072,0.0,ok,500
0.275,0.47,1.25,1.25,1.0,3.5,1.25,0.061,0.061,0.066,0.0,ok,500
0.275,0.47,1.25,1.25,1.0,3.5,1.5,0.061,0.061,0.066,0.0,ok,500
0.275,0.47,1.25,1.25,1.0,3.5,2.0,0.061,0.061,0.07,0.0,ok,500
0.275,0.47,1.25,1.25,1.0,4.0,0.0,0.045,0.045,0.051,0.0,ok,500
0.275,0.47,1.25,1.25,1.0,4.0,0.25,0.045,0.045,0.049,0.0,ok,500
0.275,0.47,1.25,1.25,1.0,4.0,0.5,0.045,0.045,0.051,0.0,ok,500
0.275,0.47,1.25,1.25,1.0,4.0,0.75,0.045,0.045,0.051,0.0,ok,500
0.275,0.47,1.25,1.25,1.0,4.0,1.0,0.04,0.04,0.049,0.0,ok,500
0.275,0.47,1.25,1.25,1.0,4.0,1.25,0.045,0.045,0.051,0.0,ok,500
0.275,0.47,1.25,1.25,1.0,4.0,1.5,0.045,0.045,0.049,0.0,ok,500
0.275,0.47,1.25,1.25,1.0,4.0,2.0,0.045,0.045,0.051,0.0,ok,500
0.275,0.47,1.3125,1.3125,1.0,2.5,0.0,0.126,0.126,0.134,0.0,ok,500
0.275,0.47,1.3125,1.3125,1.0,2.5,0.25,0.116,0.116,0.123,0.0,ok,500
0.275,0.47,1.3125,1.3125,1.0,2.5,0.5,0.116,0.116,0.11904999999999995,0.0,ok,500
0.275,0.47,1.3125,1.3125,1.0,2.5,0.75,0.112,0.112,0.119,0.0,ok,500
0.275,0.47,1.3125,1.3125,1.0,2.5,1.0,0.113,0.113,0.116,0.0,ok,500
0.275,0.47,1.3125,1.3125,1.0,2.5,1.25,0.102,0.102,0.113,0.0,ok,500
0.275,0.47,1.3125,1.3125,1.0,2.5,1.5,0.112,0.112,0.116,0.0,ok,500
0.275,0.47,1.3125,1.3125,1.0,2.5,2.0,0.097,0.097,0.11,0.0,ok,500
0.275,0.47,1.3125,1.3125,1.0,3.0,0.0,0.09,0.09,0.098,0.0,ok,500
0.275,0.47,1.3125,1.3125,1.0,3.0,0.25,0.09,0.09,0.096,0.0,ok,500
0.275,0.47,1.3125,1.3125,1.0,3.0,0.5,0.082,0.082,0.09,0.0,ok,500
0.275,0.47,1.3125,1.3125,1.0,3.0,0.75,0.09,0.09,0.091,0.0,ok,500
0.275,0.47,1.3125,1.3125,1.0,3.0,1.0,0.082,0.082,0.09,0.0,ok,500
0.275,0.47,1.3125,1.3125,1.0,3.0,1.25,0.082,0.082,0.09,0.0,ok,500
0.275,0.47,1.3125,1.3125,1.0,3.0,1.5,0.082,0.082,0.086,0.0,ok,500
0.275,0.47,1.3125,1.3125,1.0,3.0,2.0,0.082,0.082,0.091,0.0,ok,500
0.275,0.47,1.3125,1.3125,1.0,3.5,0.0,0.07,0.07,0.074,0.0,ok,500
0.275,0.47,1.3125,1.3125,1.0,3.5,0.25,0.07,0.07,0.074,0.0,ok,500
0.275,0.47,1.3125,1.3125,1.0,3.5,0.5,0.07,0.07,0.07304999999999995,0.0,ok,500
0.275,0.47,1.3125,1.3125,1.0,3.5,0.75,0.063,0.063,0.073,0.0,ok,500
0.275,0.47,1.3125,1.3125,1.0,3.5,1.0,0.07,0.07,0.072,0.0,ok,500
0.275,0.47,1.3125,1.3125,1.0,3.5,1.25,0.063,0.063,0.071,0.0,ok,500
0.275,0.47,1.3125,1.3125,1.0,3.5,1.5,0.07,0.07,0.072,0.0,ok,500
0.275,0.47,1.3125,1.3125,1.0,3.5,2.0,0.07,0.07,0.072,0.0,ok,500
0.275,0.47,1.3125,1.3125,1.0,4.0,0.0,0.048,0.048,0.06,0.0,ok,500
0.275,0.47,1.3125,1.3125,1.0,4.0,0.25,0.048,0.048,0.06,0.0,ok,500
0.275,0.47,1.3125,1.3125,1.0,4.0,0.5,0.048,0.048,0.061,0.0,ok,500
0.275,0.47,1.3125,1.3125,1.0,4.0,0.75,0.048,0.048,0.06,0.0,ok,500
0.275,0.47,1.3125,1.3125,1.0,4.0,1.0,0.048,0.048,0.061,0.0,ok,500
0.275,0.47,1.3125,1.3125,1.0,4.0,1.25,0.048,0.048,0.061,0.0,ok,500
0.275,0.47,1.3125,1.3125,1.0,4.0,1.5,0.048,0.048,0.049,0.0,ok,500
0.275,0.47,1.3125,1.3125,1.0,4.0,2.0,0.048,0.048,0.06,0.0,ok,500
0.275,0.47,1.375,1.375,1.0,2.5,0.0,0.118,0.118,0.132,0.0,ok,500
0.275,0.47,1.375,1.375,1.0,2.5,0.25,0.104,0.104,0.116,0.0,ok,500
0.275,0.47,1.375,1.375,1.0,2.5,0.5,0.104,0.104,0.117,0.0,ok,500
0.275,0.47,1.375,1.375,1.0,2.5,0.75,0.097,0.097,0.107,0.0,ok,500
0.275,0.47,1.375,1.375,1.0,2.5,1.0,0.097,0.097,0.114,0.0,ok,500
0.275,0.47,1.375,1.375,1.0,2.5,1.25,0.104,0.104,0.115,0.0,ok,500
0.275,0.47,1.375,1.375,1.0,2.5,1.5,0.097,0.097,0.112,0.0,ok,500
0.275,0.47,1.375,1.375,1.0,2.5,2.0,0.097,0.097,0.114,0.0,ok,500
0.275,0.47,1.375,1.375,1.0,3.0,0.0,0.078,0.078,0.093,0.0,ok,500
0.275,0.47,1.375,1.375,1.0,3.0,0.25,0.078,0.078,0.093,0.0,ok,500
0.275,0.47,1.375,1.375,1.0,3.0,0.5,0.078,0.078,0.09,0.0,ok,500
0.275,0.47,1.375,1.375,1.0,3.0,0.75,0.078,0.078,0.09,0.0,ok,500
0.275,0.47,1.375,1.375,1.0,3.0,1.0,0.078,0.078,0.093,0.0,ok,500
0.275,0.47,1.375,1.375,1.0,3.0,1.25,0.078,0.078,0.09,0.0,ok,500
0.275,0.47,1.375,1.375,1.0,3.0,1.5,0.078,0.078,0.089,0.0,ok,500
0.275,0.47,1.375,1.375,1.0,3.0,2.0,0.078,0.078,0.09,0.0,ok,500
0.275,0.47,1.375,1.375,1.0,3.5,0.0,0.063,0.063,0.069,0.0,ok,500
0.275,0.47,1.375,1.375,1.0,3.5,0.25,0.063,0.063,0.069,0.0,ok,500
0.275,0.47,1.375,1.375,1.0,3.5,0.5,0.063,0.063,0.069,0.0,ok,500
0.275,0.47,1.375,1.375,1.0,3.5,0.75,0.063,0.063,0.068,0.0,ok,500
0.275,0.47,1.375,1.375,1.0,3.5,1.0,0.063,0.063,0.068,0.0,ok,500
0.275,0.47,1.375,1.375,1.0,3.5,1.25,0.056,0.056,0.064,0.0,ok,500
0.275,0.47,1.375,1.375,1.0,3.5,1.5,0.056,0.056,0.064,0.0,ok,500
0.275,0.47,1.375,1.375,1.0,3.5,2.0,0.056,0.056,0.064,0.0,ok,500
0.275,0.47,1.375,1.375,1.0,4.0,0.0,0.048,0.048,0.057,0.0,ok,500
0.275,0.47,1.375,1.375,1.0,4.0,0.25,0.048,0.048,0.057,0.0,ok,500
0.275,0.47,1.375,1.375,1.0,4.0,0.5,0.048,0.048,0.056,0.0,ok,500
0.275,0.47,1.375,1.375,1.0,4.0,0.75,0.048,0.048,0.056,0.0,ok,500
0.275,0.47,1.375,1.375,1.0,4.0,1.0,0.048,0.048,0.056,0.0,ok,500
0.275,0.47,1.375,1.375,1.0,4.0,1.25,0.048,0.048,0.057,0.0,ok,500
0.275,0.47,1.375,1.375,1.0,4.0,1.5,0.048,0.048,0.056,0.0,ok,500
0.275,0.47,1.375,1.375,1.0,4.0,2.0,0.039,0.039,0.052,0.0,ok,500
0.275,0.47,1.4375,1.4375,1.0,2.5,0.0,0.123,0.123,0.131,0.0,ok,500
0.275,0.47,1.4375,1.4375,1.0,2.5,0.25,0.123,0.123,0.125,0.0,ok,500
0.275,0.47,1.4375,1.4375,1.0,2.5,0.5,0.123,0.123,0.125,0.0,ok,500
0.275,0.47,1.4375,1.4375,1.0,2.5,0.75,0.122,0.122,0.123,0.0,ok,500
0.275,0.47,1.4375,1.4375,1.0,2.5,1.0,0.122,0.122,0.12304999999999995,0.0,ok,500
0.275,0.47,1.4375,1.4375,1.0,2.5,1.25,0.122,0.122,0.123,0.0,ok,500
0.275,0.47,1.4375,1.4375,1.0,2.5,1.5,0.097,0.097,0.123,0.0,ok,500
0.275,0.47,1.4375,1.4375,1.0,2.5,2.0,0.123,0.123,0.124,0.0,ok,500
0.275,0.47,1.4375,1.4375,1.0,3.0,0.0,0.098,0.098,0.1,0.0,ok,500
0.275,0.47,1.4375,1.4375,1.0,3.0,0.25,0.098,0.098,0.101,0.0,ok,500
0.275,0.47,1.4375,1.4375,1.0,3.0,0.5,0.098,0.098,0.1,0.0,ok,500
0.275,0.47,1.4375,1.4375,1.0,3.0,0.75,0.089,0.089,0.099,0.0,ok,500
0.275,0.47,1.4375,1.4375,1.0,3.0,1.0,0.089,0.089,0.099,0.0,ok,500
0.275,0.47,1.4375,1.4375,1.0,3.0,1.25,0.089,0.089,0.099,0.0,ok,500
0.275,0.47,1.4375,1.4375,1.0,3.0,1.5,0.089,0.089,0.099,0.0,ok,500
0.275,0.47,1.4375,1.4375,1.0,3.0,2.0,0.089,0.089,0.099,0.0,ok,500
0.275,0.47,1.4375,1.4375,1.0,3.5,0.0,0.076,0.076,0.079,0.0,ok,500
0.275,0.47,1.4375,1.4375,1.0,3.5,0.25,0.076,0.076,0.079,0.0,ok,500
0.275,0.47,1.4375,1.4375,1.0,3.5,0.5,0.076,0.076,0.079,0.0,ok,500
0.275,0.47,1.4375,1.4375,1.0,3.5,0.75,0.076,0.076,0.079,0.0,ok,500
0.275,0.47,1.4375,1.4375,1.0,3.5,1.0,0.076,0.076,0.079,0.0,ok,500
0.275,0.47,1.4375,1.4375,1.0,3.5,1.25,0.076,0.076,0.079,0.0,ok,500
0.275,0.47,1.4375,1.4375,1.0,3.5,1.5,0.076,0.076,0.079,0.0,ok,500
0.275,0.47,1.4375,1.4375,1.0,3.5,2.0,0.076,0.076,0.079,0.0,ok,500
0.275,0.47,1.4375,1.4375,1.0,4.0,0.0,0.05,0.05,0.058,0.0,ok,500
0.275,0.47,1.4375,1.4375,1.0,4.0,0.25,0.05,0.05,0.059,0.0,ok,500
0.275,0.47,1.4375,1.4375,1.0,4.0,0.5,0.05,0.05,0.058,0.0,ok,500
0.275,0.47,1.4375,1.4375,1.0,4.0,0.75,0.05,0.05,0.058,0.0,ok,500
0.275,0.47,1.4375,1.4375,1.0,4.0,1.0,0.05,0.05,0.059,0.0,ok,500
0.275,0.47,1.4375,1.4375,1.0,4.0,1.25,0.05,0.05,0.058,0.0,ok,500
0.275,0.47,1.4375,1.4375,1.0,4.0,1.5,0.05,0.05,0.058,0.0,ok,500
0.275,0.47,1.4375,1.4375,1.0,4.0,2.0,0.05,0.05,0.058,0.0,ok,500
0.275,0.47,1.5,1.5,1.0,2.5,0.0,0.122,0.122,0.128,0.0,ok,500
0.275,0.47,1.5,1.5,1.0,2.5,0.25,0.121,0.121,0.127,0.0,ok,500
0.275,0.47,1.5,1.5,1.0,2.5,0.5,0.121,0.121,0.127,0.0,ok,500
0.275,0.47,1.5,1.5,1.0,2.5,0.75,0.115,0.115,0.121,0.0,ok,500
0.275,0.47,1.5,1.5,1.0,2.5,1.0,0.115,0.115,0.12104999999999995,0.0,ok,500
0.275,0.47,1.5,1.5,1.0,2.5,1.25,0.115,0.115,0.121,0.0,ok,500
0.275,0.47,1.5,1.5,1.0,2.5,1.5,0.115,0.115,0.121,0.0,ok,500
0.275,0.47,1.5,1.5,1.0,2.5,2.0,0.121,0.121,0.122,0.0,ok,500
0.275,0.47,1.5,1.5,1.0,3.0,0.0,0.099,0.099,0.106,0.0,ok,500
0.275,0.47,1.5,1.5,1.0,3.0,0.25,0.099,0.099,0.105,0.0,ok,500
0.275,0.47,1.5,1.5,1.0,3.0,0.5,0.099,0.099,0.105,0.0,ok,500
0.275,0.47,1.5,1.5,1.0,3.0,0.75,0.099,0.099,0.106,0.0,ok,500
0.275,0.47,1.5,1.5,1.0,3.0,1.0,0.099,0.099,0.106,0.0,ok,500
0.275,0.47,1.5,1.5,1.0,3.0,1.25,0.099,0.099,0.106,0.0,ok,500
0.275,0.47,1.5,1.5,1.0,3.0,1.5,0.099,0.099,0.106,0.0,ok,500
0.275,0.47,1.5,1.5,1.0,3.0,2.0,0.099,0.099,0.106,0.0,ok,500
0.275,0.47,1.5,1.5,1.0,3.5,0.0,0.081,0.081,0.086,0.0,ok,500
0.275,0.47,1.5,1.5,1.0,3.5,0.25,0.081,0.081,0.086,0.0,ok,500
0.275,0.47,1.5,1.5,1.0,3.5,0.5,0.081,0.081,0.087,0.0,ok,500
0.275,0.47,1.5,1.5,1.0,3.5,0.75,0.081,0.081,0.087,0.0,ok,500
0.275,0.47,1.5,1.5,1.0,3.5,1.0,0.081,0.081,0.086,0.0,ok,500
0.275,0.47,1.5,1.5,1.0,3.5,1.25,0.081,0.081,0.087,0.0,ok,500
0.275,0.47,1.5,1.5,1.0,3.5,1.5,0.081,0.081,0.086,0.0,ok,500
0.275,0.47,1.5,1.5,1.0,3.5,2.0,0.081,0.081,0.087,0.0,ok,500
0.275,0.47,1.5,1.5,1.0,4.0,0.0,0.059,0.059,0.065,0.0,ok,500
0.275,0.47,1.5,1.5,1.0,4.0,0.25,0.059,0.059,0.063,0.0,ok,500
0.275,0.47,1.5,1.5,1.0,4.0,0.5,0.059,0.059,0.065,0.0,ok,500
0.275,0.47,1.5,1.5,1.0,4.0,0.75,0.059,0.059,0.063,0.0,ok,500
0.275,0.47,1.5,1.5,1.0,4.0,1.0,0.059,0.059,0.063,0.0,ok,500
0.275,0.47,1.5,1.5,1.0,4.0,1.25,0.059,0.059,0.065,0.0,ok,500
0.275,0.47,1.5,1.5,1.0,4.0,1.5,0.059,0.059,0.063,0.0,ok,500
0.275,0.47,1.5,1.5,1.0,4.0,2.0,0.059,0.059,0.065,0.0,ok,500
0.275,0.47,1.75,1.75,1.0,2.5,0.0,0.124,0.124,0.143,0.0,ok,500
0.275,0.47,1.75,1.75,1.0,2.5,0.25,0.124,0.124,0.143,0.0,ok,500
0.275,0.47,1.75,1.75,1.0,2.5,0.5,0.124,0.124,0.143,0.0,ok,500
0.275,0.47,1.75,1.75,1.0,2.5,0.75,0.124,0.124,0.143,0.0,ok,500
0.275,0.47,1.75,1.75,1.0,2.5,1.0,0.124,0.124,0.143,0.0,ok,500
0.275,0.47,1.75,1.75,1.0,2.5,1.25,0.124,0.124,0.143,0.0,ok,500
0.275,0.47,1.75,1.75,1.0,2.5,1.5,0.124,0.124,0.154,0.0,ok,500
0.275,0.47,1.75,1.75,1.0,2.5,2.0,0.124,0.124,0.143,0.0,ok,500
0.275,0.47,1.75,1.75,1.0,3.0,0.0,0.105,0.105,0.121,0.0,ok,500
0.275,0.47,1.75,1.75,1.0,3.0,0.25,0.105,0.105,0.121,0.0,ok,500
0.275,0.47,1.75,1.75,1.0,3.0,0.5,0.105,0.105,0.121,0.0,ok,500
0.275,0.47,1.75,1.75,1.0,3.0,0.75,0.105,0.105,0.121,0.0,ok,500
0.275,0.47,1.75,1.75,1.0,3.0,1.0,0.105,0.105,0.126,0.0,ok,500
0.275,0.47,1.75,1.75,1.0,3.0,1.25,0.105,0.105,0.121,0.0,ok,500
0.275,0.47,1.75,1.75,1.0,3.0,1.5,0.105,0.105,0.121,0.0,ok,500
0.275,0.47,1.75,1.75,1.0,3.0,2.0,0.105,0.105,0.126,0.0,ok,500
0.275,0.47,1.75,1.75,1.0,3.5,0.0,0.092,0.092,0.096,0.0,ok,500
0.275,0.47,1.75,1.75,1.0,3.5,0.25,0.092,0.092,0.095,0.0,ok,500
0.275,0.47,1.75,1.75,1.0,3.5,0.5,0.092,0.092,0.096,0.0,ok,500
0.275,0.47,1.75,1.75,1.0,3.5,0.75,0.092,0.092,0.095,0.0,ok,500
0.275,0.47,1.75,1.75,1.0,3.5,1.0,0.092,0.092,0.096,0.0,ok,500
0.275,0.47,1.75,1.75,1.0,3.5,1.25,0.092,0.092,0.096,0.0,ok,500
0.275,0.47,1.75,1.75,1.0,3.5,1.5,0.092,0.092,0.095,0.0,ok,500
0.275,0.47,1.75,1.75,1.0,3.5,2.0,0.092,0.092,0.095,0.0,ok,500
0.275,0.47,1.75,1.75,1.0,4.0,0.0,0.06,0.06,0.066,0.0,ok,500
0.275,0.47,1.75,1.75,1.0,4.0,0.25,0.06,0.06,0.066,0.0,ok,500
0.275,0.47,1.75,1.75,1.0,4.0,0.5,0.06,0.06,0.066,0.0,ok,500
0.275,0.47,1.75,1.75,1.0,4.0,0.75,0.06,0.06,0.066,0.0,ok,500
0.275,0.47,1.75,1.75,1.0,4.0,1.0,0.06,0.06,0.066,0.0,ok,500
0.275,0.47,1.75,1.75,1.0,4.0,1.25,0.06,0.06,0.066,0.0,ok,500
0.275,0.47,1.75,1.75,1.0,4.0,1.5,0.06,0.06,0.066,0.0,ok,500
0.275,0.47,1.75,1.75,1.0,4.0,2.0,0.06,0.06,0.066,0.0,ok,500
0.055,0.36,1.125,1.125,1.0,2.5,0.0,0.12,0.12,0.13,0.0,ok,500
0.055,0.36,1.125,1.125,1.0,2.5,0.25,0.11,0.11,0.124,0.0,ok,500
0.055,0.36,1.125,1.125,1.0,2.5,0.5,0.11,0.11,0.12,0.0,ok,500
0.055,0.36,1.125,1.125,1.0,2.5,0.75,0.12,0.12,0.125,0.0,ok,500
0.055,0.36,1.125,1.125,1.0,2.5,1.0,0.108,0.108,0.119,0.0,ok,500
0.055,0.36,1.125,1.125,1.0,2.5,1.25,0.12,0.12,0.129,0.0,ok,500
0.055,0.36,1.125,1.125,1.0,2.5,1.5,0.101,0.101,0.11044999999999959,0.0,ok,500
0.055,0.36,1.125,1.125,1.0,2.5,2.0,0.12,0.12,0.133,0.0,ok,500
0.055,0.36,1.125,1.125,1.0,3.0,0.0,0.092,0.092,0.096,0.0,ok,500
0.055,0.36,1.125,1.125,1.0,3.0,0.25,0.089,0.089,0.092,0.0,ok,500
0.055,0.36,1.125,1.125,1.0,3.0,0.5,0.089,0.089,0.092,0.0,ok,500
0.055,0.36,1.125,1.125,1.0,3.0,0.75,0.089,0.089,0.094,0.0,ok,500
0.055,0.36,1.125,1.125,1.0,3.0,1.0,0.089,0.089,0.093,0.0,ok,500
0.055,0.36,1.125,1.125,1.0,3.0,1.25,0.091,0.091,0.092,0.0,ok,500
0.055,0.36,1.125,1.125,1.0,3.0,1.5,0.08,0.08,0.091,0.0,ok,500
0.055,0.36,1.125,1.125,1.0,3.0,2.0,0.091,0.091,0.094,0.0,ok,500
0.055,0.36,1.125,1.125,1.0,3.5,0.0,0.067,0.067,0.075,0.0,ok,500
0.055,0.36,1.125,1.125,1.0,3.5,0.25,0.067,0.067,0.074,0.0,ok,500
0.055,0.36,1.125,1.125,1.0,3.5,0.5,0.067,0.067,0.072,0.0,ok,500
0.055,0.36,1.125,1.125,1.0,3.5,0.75,0.067,0.067,0.072,0.0,ok,500
0.055,0.36,1.125,1.125,1.0,3.5,1.0,0.067,0.067,0.072,0.0,ok,500
0.055,0.36,1.125,1.125,1.0,3.5,1.25,0.067,0.067,0.074,0.0,ok,500
0.055,0.36,1.125,1.125,1.0,3.5,1.5,0.067,0.067,0.074,0.0,ok,500
0.055,0.36,1.125,1.125,1.0,3.5,2.0,0.067,0.067,0.069,0.0,ok,500
0.055,0.36,1.125,1.125,1.0,4.0,0.0,0.047,0.047,0.052,0.0,ok,500
0.055,0.36,1.125,1.125,1.0,4.0,0.25,0.047,0.047,0.052,0.0,ok,500
0.055,0.36,1.125,1.125,1.0,4.0,0.5,0.047,0.047,0.054,0.0,ok,500
0.055,0.36,1.125,1.125,1.0,4.0,0.75,0.047,0.047,0.052,0.0,ok,500
0.055,0.36,1.125,1.125,1.0,4.0,1.0,0.047,0.047,0.052,0.0,ok,500
0.055,0.36,1.125,1.125,1.0,4.0,1.25,0.047,0.047,0.051,0.0,ok,500
0.055,0.36,1.125,1.125,1.0,4.0,1.5,0.047,0.047,0.052,0.0,ok,500
0.055,0.36,1.125,1.125,1.0,4.0,2.0,0.047,0.047,0.051,0.0,ok,500
0.055,0.36,1.25,1.25,1.0,2.5,0.0,0.105,0.105,0.118,0.0,ok,500
0.055,0.36,1.25,1.25,1.0,2.5,0.25,0.108,0.108,0.117,0.0,ok,500
0.055,0.36,1.25,1.25,1.0,2.5,0.5,0.095,0.095,0.115,0.0,ok,500
0.055,0.36,1.25,1.25,1.0,2.5,0.75,0.105,0.105,0.117,0.0,ok,500
0.055,0.36,1.25,1.25,1.0,2.5,1.0,0.1,0.1,0.114,0.0,ok,500
0.055,0.36,1.25,1.25,1.0,2.5,1.25,0.108,0.108,0.112,0.0,ok,500
0.055,0.36,1.25,1.25,1.0,2.5,1.5,0.098,0.098,0.112,0.0,ok,500
0.055,0.36,1.25,1.25,1.0,2.5,2.0,0.108,0.108,0.114,0.0,ok,500
0.055,0.36,1.25,1.25,1.0,3.0,0.0,0.081,0.081,0.09,0.0,ok,500
0.055,0.36,1.25,1.25,1.0,3.0,0.25,0.087,0.087,0.09,0.0,ok,500
0.055,0.36,1.25,1.25,1.0,3.0,0.5,0.087,0.087,0.09,0.0,ok,500
0.055,0.36,1.25,1.25,1.0,3.0,0.75,0.087,0.087,0.091,0.0,ok,500
0.055,0.36,1.25,1.25,1.0,3.0,1.0,0.087,0.087,0.09,0.0,ok,500
0.055,0.36,1.25,1.25,1.0,3.0,1.25,0.087,0.087,0.09,0.0,ok,500
0.055,0.36,1.25,1.25,1.0,3.0,1.5,0.087,0.087,0.09,0.0,ok,500
0.055,0.36,1.25,1.25,1.0,3.0,2.0,0.087,0.087,0.09,0.0,ok,500
0.055,0.36,1.25,1.25,1.0,3.5,0.0,0.061,0.061,0.07,0.0,ok,500
0.055,0.36,1.25,1.25,1.0,3.5,0.25,0.061,0.061,0.066,0.0,ok,500
0.055,0.36,1.25,1.25,1.0,3.5,0.5,0.061,0.061,0.07,0.0,ok,500
0.055,0.36,1.25,1.25,1.0,3.5,0.75,0.061,0.061,0.066,0.0,ok,500
0.055,0.36,1.25,1.25,1.0,3.5,1.0,0.061,0.061,0.07,0.0,ok,500
0.055,0.36,1.25,1.25,1.0,3.5,1.25,0.061,0.061,0.07,0.0,ok,500
0.055,0.36,1.25,1.25,1.0,3.5,1.5,0.056,0.056,0.064,0.0,ok,500
0.055,0.36,1.25,1.25,1.0,3.5,2.0,0.061,0.061,0.069,0.0,ok,500
0.055,0.36,1.25,1.25,1.0,4.0,0.0,0.045,0.045,0.049,0.0,ok,500
0.055,0.36,1.25,1.25,1.0,4.0,0.25,0.04,0.04,0.047,0.0,ok,500
0.055,0.36,1.25,1.25,1.0,4.0,0.5,0.04,0.04,0.047,0.0,ok,500
0.055,0.36,1.25,1.25,1.0,4.0,0.75,0.045,0.045,0.051,0.0,ok,500
0.055,0.36,1.25,1.25,1.0,4.0,1.0,0.045,0.045,0.051,0.0,ok,500
0.055,0.36,1.25,1.25,1.0,4.0,1.25,0.045,0.045,0.051,0.0,ok,500
0.055,0.36,1.25,1.25,1.0,4.0,1.5,0.045,0.045,0.049,0.0,ok,500
0.055,0.36,1.25,1.25,1.0,4.0,2.0,0.045,0.045,0.04909999999999991,0.0,ok,500
0.055,0.36,1.3125,1.3125,1.0,2.5,0.0,0.112,0.112,0.11504999999999996,0.0,ok,500
0.055,0.36,1.3125,1.3125,1.0,2.5,0.25,0.102,0.102,0.113,0.0,ok,500
0.055,0.36,1.3125,1.3125,1.0,2.5,0.5,0.102,0.102,0.112,0.0,ok,500
0.055,0.36,1.3125,1.3125,1.0,2.5,0.75,0.097,0.097,0.112,0.0,ok,500
0.055,0.36,1.3125,1.3125,1.0,2.5,1.0,0.107,0.107,0.113,0.0,ok,500
0.055,0.36,1.3125,1.3125,1.0,2.5,1.25,0.107,0.107,0.112,0.0,ok,500
0.055,0.36,1.3125,1.3125,1.0,2.5,1.5,0.097,0.097,0.11,0.0,ok,500
0.055,0.36,1.3125,1.3125,1.0,2.5,2.0,0.088,0.088,0.108,0.0,ok,500
0.055,0.36,1.3125,1.3125,1.0,3.0,0.0,0.082,0.082,0.09004999999999995,0.0,ok,500
0.055,0.36,1.3125,1.3125,1.0,3.0,0.25,0.082,0.082,0.091,0.0,ok,500
0.055,0.36,1.3125,1.3125,1.0,3.0,0.5,0.082,0.082,0.091,0.0,ok,500
0.055,0.36,1.3125,1.3125,1.0,3.0,0.75,0.082,0.082,0.085,0.0,ok,500
0.055,0.36,1.3125,1.3125,1.0,3.0,1.0,0.082,0.082,0.09,0.0,ok,500
0.055,0.36,1.3125,1.3125,1.0,3.0,1.25,0.082,0.082,0.09,0.0,ok,500
0.055,0.36,1.3125,1.3125,1.0,3.0,1.5,0.082,0.082,0.086,0.0,ok,500
0.055,0.36,1.3125,1.3125,1.0,3.0,2.0,0.082,0.082,0.086,0.0,ok,500
0.055,0.36,1.3125,1.3125,1.0,3.5,0.0,0.063,0.063,0.071,0.0,ok,500
0.055,0.36,1.3125,1.3125,1.0,3.5,0.25,0.063,0.063,0.071,0.0,ok,500
0.055,0.36,1.3125,1.3125,1.0,3.5,0.5,0.063,0.063,0.072,0.0,ok,500
0.055,0.36,1.3125,1.3125,1.0,3.5,0.75,0.063,0.063,0.072,0.0,ok,500
0.055,0.36,1.3125,1.3125,1.0,3.5,1.0,0.063,0.063,0.072,0.0,ok,500
0.055,0.36,1.3125,1.3125,1.0,3.5,1.25,0.07,0.07,0.072,0.0,ok,500
0.055,0.36,1.3125,1.3125,1.0,3.5,1.5,0.063,0.063,0.071,0.0,ok,500
0.055,0.36,1.3125,1.3125,1.0,3.5,2.0,0.063,0.063,0.072,0.0,ok,500
0.055,0.36,1.3125,1.3125,1.0,4.0,0.0,0.048,0.048,0.06,0.0,ok,500
0.055,0.36,1.3125,1.3125,1.0,4.0,0.25,0.048,0.048,0.06,0.0,ok,500
0.055,0.36,1.3125,1.3125,1.0,4.0,0.5,0.048,0.048,0.049,0.0,ok,500
0.055,0.36,1.3125,1.3125,1.0,4.0,0.75,0.048,0.048,0.049,0.0,ok,500
0.055,0.36,1.3125,1.3125,1.0,4.0,1.0,0.048,0.048,0.049,0.0,ok,500
0.055,0.36,1.3125,1.3125,1.0,4.0,1.25,0.048,0.048,0.06,0.0,ok,500
0.055,0.36,1.3125,1.3125,1.0,4.0,1.5,0.048,0.048,0.053,0.0,ok,500
0.055,0.36,1.3125,1.3125,1.0,4.0,2.0,0.048,0.048,0.049,0.0,ok,500
0.055,0.36,1.375,1.375,1.0,2.5,0.0,0.097,0.097,0.114,0.0,ok,500
0.055,0.36,1.375,1.375,1.0,2.5,0.25,0.097,0.097,0.114,0.0,ok,500
0.055,0.36,1.375,1.375,1.0,2.5,0.5,0.097,0.097,0.112,0.0,ok,500
0.055,0.36,1.375,1.375,1.0,2.5,0.75,0.088,0.088,0.104,0.0,ok,500
0.055,0.36,1.375,1.375,1.0,2.5,1.0,0.088,0.088,0.104,0.0,ok,500
0.055,0.36,1.375,1.375,1.0,2.5,1.25,0.097,0.097,0.107,0.0,ok,500
0.055,0.36,1.375,1.375,1.0,2.5,1.5,0.097,0.097,0.114,0.0,ok,500
0.055,0.36,1.375,1.375,1.0,2.5,2.0,0.097,0.097,0.107,0.0,ok,500
0.055,0.36,1.375,1.375,1.0,3.0,0.0,0.078,0.078,0.089,0.0,ok,500
0.055,0.36,1.375,1.375,1.0,3.0,0.25,0.071,0.071,0.089,0.0,ok,500
0.055,0.36,1.375,1.375,1.0,3.0,0.5,0.078,0.078,0.089,0.0,ok,500
0.055,0.36,1.375,1.375,1.0,3.0,0.75,0.071,0.071,0.078,0.0,ok,500
0.055,0.36,1.375,1.375,1.0,3.0,1.0,0.071,0.071,0.089,0.0,ok,500
0.055,0.36,1.375,1.375,1.0,3.0,1.25,0.071,0.071,0.078,0.0,ok,500
0.055,0.36,1.375,1.375,1.0,3.0,1.5,0.078,0.078,0.089,0.0,ok,500
0.055,0.36,1.375,1.375,1.0,3.0,2.0,0.078,0.078,0.09,0.0,ok,500
0.055,0.36,1.375,1.375,1.0,3.5,0.0,0.056,0.056,0.064,0.0,ok,500
0.055,0.36,1.375,1.375,1.0,3.5,0.25,0.056,0.056,0.068,0.0,ok,500
0.055,0.36,1.375,1.375,1.0,3.5,0.5,0.063,0.063,0.069,0.0,ok,500
0.055,0.36,1.375,1.375,1.0,3.5,0.75,0.056,0.056,0.064,0.0,ok,500
0.055,0.36,1.375,1.375,1.0,3.5,1.0,0.056,0.056,0.068,0.0,ok,500
0.055,0.36,1.375,1.375,1.0,3.5,1.25,0.056,0.056,0.068,0.0,ok,500
0.055,0.36,1.375,1.375,1.0,3.5,1.5,0.056,0.056,0.068,0.0,ok,500
0.055,0.36,1.375,1.375,1.0,3.5,2.0,0.056,0.056,0.068,0.0,ok,500
0.055,0.36,1.375,1.375,1.0,4.0,0.0,0.048,0.048,0.057,0.0,ok,500
0.055,0.36,1.375,1.375,1.0,4.0,0.25,0.048,0.048,0.057,0.0,ok,500
0.055,0.36,1.375,1.375,1.0,4.0,0.5,0.048,0.048,0.057,0.0,ok,500
0.055,0.36,1.375,1.375,1.0,4.0,0.75,0.039,0.039,0.056,0.0,ok,500
0.055,0.36,1.375,1.375,1.0,4.0,1.0,0.039,0.039,0.056,0.0,ok,500
0.055,0.36,1.375,1.375,1.0,4.0,1.25,0.048,0.048,0.057,0.0,ok,500
0.055,0.36,1.375,1.375,1.0,4.0,1.5,0.048,0.048,0.057,0.0,ok,500
0.055,0.36,1.375,1.375,1.0,4.0,2.0,0.048,0.048,0.057,0.0,ok,500
0.055,0.36,1.4375,1.4375,1.0,2.5,0.0,0.112,0.112,0.123,0.0,ok,500
0.055,0.36,1.4375,1.4375,1.0,2.5,0.25,0.097,0.097,0.123,0.0,ok,500
0.055,0.36,1.4375,1.4375,1.0,2.5,0.5,0.107,0.107,0.122,0.0,ok,500
0.055,0.36,1.4375,1.4375,1.0,2.5,0.75,0.119,0.119,0.123,0.0,ok,500
0.055,0.36,1.4375,1.4375,1.0,2.5,1.0,0.122,0.122,0.123,0.0,ok,500
0.055,0.36,1.4375,1.4375,1.0,2.5,1.25,0.119,0.119,0.123,0.0,ok,500
0.055,0.36,1.4375,1.4375,1.0,2.5,1.5,0.107,0.107,0.122,0.0,ok,500
0.055,0.36,1.4375,1.4375,1.0,2.5,2.0,0.112,0.112,0.122,0.0,ok,500
0.055,0.36,1.4375,1.4375,1.0,3.0,0.0,0.089,0.089,0.1,0.0,ok,500
0.055,0.36,1.4375,1.4375,1.0,3.0,0.25,0.089,0.089,0.098,0.0,ok,500
0.055,0.36,1.4375,1.4375,1.0,3.0,0.5,0.089,0.089,0.099,0.0,ok,500
0.055,0.36,1.4375,1.4375,1.0,3.0,0.75,0.089,0.089,0.099,0.0,ok,500
0.055,0.36,1.4375,1.4375,1.0,3.0,1.0,0.089,0.089,0.09904999999999996,0.0,ok,500
0.055,0.36,1.4375,1.4375,1.0,3.0,1.25,0.089,0.089,0.1,0.0,ok,500
0.055,0.36,1.4375,1.4375,1.0,3.0,1.5,0.089,0.089,0.1,0.0,ok,500
0.055,0.36,1.4375,1.4375,1.0,3.0,2.0,0.089,0.089,0.1,0.0,ok,500
0.055,0.36,1.4375,1.4375,1.0,3.5,0.0,0.076,0.076,0.079,0.0,ok,500
0.055,0.36,1.4375,1.4375,1.0,3.5,0.25,0.076,0.076,0.079,0.0,ok,500
0.055,0.36,1.4375,1.4375,1.0,3.5,0.5,0.076,0.076,0.079,0.0,ok,500
0.055,0.36,1.4375,1.4375,1.0,3.5,0.75,0.076,0.076,0.079,0.0,ok,500
0.055,0.36,1.4375,1.4375,1.0,3.5,1.0,0.076,0.076,0.079,0.0,ok,500
0.055,0.36,1.4375,1.4375,1.0,3.5,1.25,0.076,0.076,0.079,0.0,ok,500
0.055,0.36,1.4375,1.4375,1.0,3.5,1.5,0.076,0.076,0.079,0.0,ok,500
0.055,0.36,1.4375,1.4375,1.0,3.5,2.0,0.076,0.076,0.079,0.0,ok,500
0.055,0.36,1.4375,1.4375,1.0,4.0,0.0,0.05,0.05,0.059,0.0,ok,500
0.055,0.36,1.4375,1.4375,1.0,4.0,0.25,0.05,0.05,0.058,0.0,ok,500
0.055,0.36,1.4375,1.4375,1.0,4.0,0.5,0.05,0.05,0.058,0.0,ok,500
0.055,0.36,1.4375,1.4375,1.0,4.0,0.75,0.05,0.05,0.058,0.0,ok,500
0.055,0.36,1.4375,1.4375,1.0,4.0,1.0,0.05,0.05,0.059,0.0,ok,500
0.055,0.36,1.4375,1.4375,1.0,4.0,1.25,0.05,0.05,0.058,0.0,ok,500
0.055,0.36,1.4375,1.4375,1.0,4.0,1.5,0.05,0.05,0.059,0.0,ok,500
0.055,0.36,1.4375,1.4375,1.0,4.0,2.0,0.05,0.05,0.059,0.0,ok,500
0.055,0.36,1.5,1.5,1.0,2.5,0.0,0.121,0.121,0.122,0.0,ok,500
0.055,0.36,1.5,1.5,1.0,2.5,0.25,0.115,0.115,0.122,0.0,ok,500
0.055,0.36,1.5,1.5,1.0,2.5,0.5,0.115,0.115,0.121,0.0,ok,500
0.055,0.36,1.5,1.5,1.0,2.5,0.75,0.115,0.115,0.121,0.0,ok,500
0.055,0.36,1.5,1.5,1.0,2.5,1.0,0.115,0.115,0.121,0.0,ok,500
0.055,0.36,1.5,1.5,1.0,2.5,1.25,0.115,0.115,0.121,0.0,ok,500
0.055,0.36,1.5,1.5,1.0,2.5,1.5,0.115,0.115,0.121,0.0,ok,500
0.055,0.36,1.5,1.5,1.0,2.5,2.0,0.115,0.115,0.121,0.0,ok,500
0.055,0.36,1.5,1.5,1.0,3.0,0.0,0.099,0.099,0.106,0.0,ok,500
0.055,0.36,1.5,1.5,1.0,3.0,0.25,0.099,0.099,0.105,0.0,ok,500
0.055,0.36,1.5,1.5,1.0,3.0,0.5,0.099,0.099,0.106,0.0,ok,500
0.055,0.36,1.5,1.5,1.0,3.0,0.75,0.099,0.099,0.105,0.0,ok,500
0.055,0.36,1.5,1.5,1.0,3.0,1.0,0.099,0.099,0.105,0.0,ok,500
0.055,0.36,1.5,1.5,1.0,3.0,1.25,0.099,0.099,0.105,0.0,ok,500
0.055,0.36,1.5,1.5,1.0,3.0,1.5,0.099,0.099,0.106,0.0,ok,500
0.055,0.36,1.5,1.5,1.0,3.0,2.0,0.099,0.099,0.105,0.0,ok,500
0.055,0.36,1.5,1.5,1.0,3.5,0.0,0.081,0.081,0.087,0.0,ok,500
0.055,0.36,1.5,1.5,1.0,3.5,0.25,0.081,0.081,0.086,0.0,ok,500
0.055,0.36,1.5,1.5,1.0,3.5,0.5,0.081,0.081,0.087,0.0,ok,500
0.055,0.36,1.5,1.5,1.0,3.5,0.75,0.081,0.081,0.087,0.0,ok,500
0.055,0.36,1.5,1.5,1.0,3.5,1.0,0.081,0.081,0.086,0.0,ok,500
0.055,0.36,1.5,1.5,1.0,3.5,1.25,0.081,0.081,0.087,0.0,ok,500
0.055,0.36,1.5,1.5,1.0,3.5,1.5,0.081,0.081,0.08604999999999995,0.0,ok,500
0.055,0.36,1.5,1.5,1.0,3.5,2.0,0.081,0.081,0.087,0.0,ok,500
0.055,0.36,1.5,1.5,1.0,4.0,0.0,0.059,0.059,0.063,0.0,ok,500
0.055,0.36,1.5,1.5,1.0,4.0,0.25,0.059,0.059,0.065,0.0,ok,500
0.055,0.36,1.5,1.5,1.0,4.0,0.5,0.059,0.059,0.065,0.0,ok,500
0.055,0.36,1.5,1.5,1.0,4.0,0.75,0.059,0.059,0.063,0.0,ok,500
0.055,0.36,1.5,1.5,1.0,4.0,1.0,0.059,0.059,0.065,0.0,ok,500
0.055,0.36,1.5,1.5,1.0,4.0,1.25,0.059,0.059,0.065,0.0,ok,500
0.055,0.36,1.5,1.5,1.0,4.0,1.5,0.059,0.059,0.063,0.0,ok,500
0.055,0.36,1.5,1.5,1.0,4.0,2.0,0.059,0.059,0.065,0.0,ok,500
0.055,0.36,1.75,1.75,1.0,2.5,0.0,0.124,0.124,0.143,0.0,ok,500
0.055,0.36,1.75,1.75,1.0,2.5,0.25,0.124,0.124,0.143,0.0,ok,500
0.055,0.36,1.75,1.75,1.0,2.5,0.5,0.124,0.124,0.154,0.0,ok,500
0.055,0.36,1.75,1.75,1.0,2.5,0.75,0.124,0.124,0.154,0.0,ok,500
0.055,0.36,1.75,1.75,1.0,2.5,1.0,0.124,0.124,0.154,0.0,ok,500
0.055,0.36,1.75,1.75,1.0,2.5,1.25,0.124,0.124,0.143,0.0,ok,500
0.055,0.36,1.75,1.75,1.0,2.5,1.5,0.124,0.124,0.143,0.0,ok,500
0.055,0.36,1.75,1.75,1.0,2.5,2.0,0.124,0.124,0.143,0.0,ok,500
0.055,0.36,1.75,1.75,1.0,3.0,0.0,0.105,0.105,0.121,0.0,ok,500
0.055,0.36,1.75,1.75,1.0,3.0,0.25,0.105,0.105,0.126,0.0,ok,500
0.055,0.36,1.75,1.75,1.0,3.0,0.5,0.105,0.105,0.121,0.0,ok,500
0.055,0.36,1.75,1.75,1.0,3.0,0.75,0.105,0.105,0.121,0.0,ok,500
0.055,0.36,1.75,1.75,1.0,3.0,1.0,0.105,0.105,0.121,0.0,ok,500
0.055,0.36,1.75,1.75,1.0,3.0,1.25,0.105,0.105,0.121,0.0,ok,500
0.055,0.36,1.75,1.75,1.0,3.0,1.5,0.105,0.105,0.121,0.0,ok,500
0.055,0.36,1.75,1.75,1.0,3.0,2.0,0.105,0.105,0.126,0.0,ok,500
0.055,0.36,1.75,1.75,1.0,3.5,0.0,0.092,0.092,0.096,0.0,ok,500
0.055,0.36,1.75,1.75,1.0,3.5,0.25,0.092,0.092,0.096,0.0,ok,500
0.055,0.36,1.75,1.75,1.0,3.5,0.5,0.092,0.092,0.095,0.0,ok,500
0.055,0.36,1.75,1.75,1.0,3.5,0.75,0.092,0.092,0.096,0.0,ok,500
0.055,0.36,1.75,1.75,1.0,3.5,1.0,0.092,0.092,0.096,0.0,ok,500
0.055,0.36,1.75,1.75,1.0,3.5,1.25,0.092,0.092,0.096,0.0,ok,500
0.055,0.36,1.75,1.75,1.0,3.5,1.5,0.092,0.092,0.096,0.0,ok,500
0.055,0.36,1.75,1.75,1.0,3.5,2.0,0.092,0.092,0.095,0.0,ok,500
0.055,0.36,1.75,1.75,1.0,4.0,0.0,0.06,0.06,0.066,0.0,ok,500
0.055,0.36,1.75,1.75,1.0,4.0,0.25,0.06,0.06,0.066,0.0,ok,500
0.055,0.36,1.75,1.75,1.0,4.0,0.5,0.06,0.06,0.066,0.0,ok,500
0.055,0.36,1.75,1.75,1.0,4.0,0.75,0.06,0.06,0.066,0.0,ok,500
0.055,0.36,1.75,1.75,1.0,4.0,1.0,0.06,0.06,0.066,0.0,ok,500
0.055,0.36,1.75,1.75,1.0,4.0,1.25,0.06,0.06,0.066,0.0,ok,500
0.055,0.36,1.75,1.75,1.0,4.0,1.5,0.06,0.06,0.066,0.0,ok,500
0.055,0.36,1.75,1.75,1.0,4.0,2.0,0.06,0.06,0.066,0.0,ok,500
0.5,0.305,1.125,1.125,1.0,2.5,0.0,0.13,0.13,0.14,0.0,ok,500
0.5,0.305,1.125,1.125,1.0,2.5,0.25,0.12,0.12,0.126,0.0,ok,500
0.5,0.305,1.125,1.125,1.0,2.5,0.5,0.101,0.101,0.109,0.0,ok,500
0.5,0.305,1.125,1.125,1.0,2.5,0.75,0.098,0.098,0.101,0.0,ok,500
0.5,0.305,1.125,1.125,1.0,2.5,1.0,0.092,0.092,0.097,0.0,ok,500
0.5,0.305,1.125,1.125,1.0,2.5,1.25,0.086,0.086,0.1,0.0,ok,500
0.5,0.305,1.125,1.125,1.0,2.5,1.5,0.093,0.093,0.095,0.0,ok,500
0.5,0.305,1.125,1.125,1.0,2.5,2.0,0.086,0.086,0.096,0.0,ok,500
0.5,0.305,1.125,1.125,1.0,3.0,0.0,0.111,0.111,0.117,0.0,ok,500
0.5,0.305,1.125,1.125,1.0,3.0,0.25,0.089,0.089,0.097,0.0,ok,500
0.5,0.305,1.125,1.125,1.0,3.0,0.5,0.081,0.081,0.089,0.0,ok,500
0.5,0.305,1.125,1.125,1.0,3.0,0.75,0.076,0.076,0.087,0.0,ok,500
0.5,0.305,1.125,1.125,1.0,3.0,1.0,0.075,0.075,0.08,0.0,ok,500
0.5,0.305,1.125,1.125,1.0,3.0,1.25,0.078,0.078,0.081,0.0,ok,500
0.5,0.305,1.125,1.125,1.0,3.0,1.5,0.076,0.076,0.08,0.0,ok,500
0.5,0.305,1.125,1.125,1.0,3.0,2.0,0.077,0.077,0.0790999999999999,0.0,ok,500
0.5,0.305,1.125,1.125,1.0,3.5,0.0,0.077,0.077,0.079,0.0,ok,500
0.5,0.305,1.125,1.125,1.0,3.5,0.25,0.069,0.069,0.077,0.0,ok,500
0.5,0.305,1.125,1.125,1.0,3.5,0.5,0.061,0.061,0.07,0.0,ok,500
0.5,0.305,1.125,1.125,1.0,3.5,0.75,0.064,0.064,0.071,0.0,ok,500
0.5,0.305,1.125,1.125,1.0,3.5,1.0,0.061,0.061,0.066,0.0,ok,500
0.5,0.305,1.125,1.125,1.0,3.5,1.25,0.061,0.061,0.064,0.0,ok,500
0.5,0.305,1.125,1.125,1.0,3.5,1.5,0.059,0.059,0.062,0.0,ok,500
0.5,0.305,1.125,1.125,1.0,3.5,2.0,0.059,0.059,0.061,0.0,ok,500
0.5,0.305,1.125,1.125,1.0,4.0,0.0,0.049,0.049,0.055,0.0,ok,500
0.5,0.305,1.125,1.125,1.0,4.0,0.25,0.047,0.047,0.0520999999999999,0.0,ok,500
0.5,0.305,1.125,1.125,1.0,4.0,0.5,0.047,0.047,0.054,0.0,ok,500
0.5,0.305,1.125,1.125,1.0,4.0,0.75,0.047,0.047,0.054,0.0,ok,500
0.5,0.305,1.125,1.125,1.0,4.0,1.0,0.045,0.045,0.047,0.0,ok,500
0.5,0.305,1.125,1.125,1.0,4.0,1.25,0.047,0.047,0.049,0.0,ok,500
0.5,0.305,1.125,1.125,1.0,4.0,1.5,0.047,0.047,0.051,0.0,ok,500
0.5,0.305,1.125,1.125,1.0,4.0,2.0,0.042,0.042,0.05,0.0,ok,500
0.5,0.305,1.25,1.25,1.0,2.5,0.0,0.115,0.115,0.123,0.0,ok,500
0.5,0.305,1.25,1.25,1.0,2.5,0.25,0.101,0.101,0.114,0.0,ok,500
0.5,0.305,1.25,1.25,1.0,2.5,0.5,0.095,0.095,0.099,0.0,ok,500
0.5,0.305,1.25,1.25,1.0,2.5,0.75,0.095,0.095,0.098,0.0,ok,500
0.5,0.305,1.25,1.25,1.0,2.5,1.0,0.094,0.094,0.099,0.0,ok,500
0.5,0.305,1.25,1.25,1.0,2.5,1.25,0.086,0.086,0.095,0.0,ok,500
0.5,0.305,1.25,1.25,1.0,2.5,1.5,0.083,0.083,0.094,0.0,ok,500
0.5,0.305,1.25,1.25,1.0,2.5,2.0,0.087,0.087,0.095,0.0,ok,500
0.5,0.305,1.25,1.25,1.0,3.0,0.0,0.089,0.089,0.102,0.0,ok,500
0.5,0.305,1.25,1.25,1.0,3.0,0.25,0.089,0.089,0.09,0.0,ok,500
0.5,0.305,1.25,1.25,1.0,3.0,0.5,0.077,0.077,0.086,0.0,ok,500
0.5,0.305,1.25,1.25,1.0,3.0,0.75,0.081,0.081,0.085,0.0,ok,500
0.5,0.305,1.25,1.25,1.0,3.0,1.0,0.073,0.073,0.084,0.0,ok,500
0.5,0.305,1.25,1.25,1.0,3.0,1.25,0.076,0.076,0.079,0.0,ok,500
0.5,0.305,1.25,1.25,1.0,3.0,1.5,0.073,0.073,0.075,0.0,ok,500
0.5,0.305,1.25,1.25,1.0,3.0,2.0,0.067,0.067,0.075,0.0,ok,500
0.5,0.305,1.25,1.25,1.0,3.5,0.0,0.061,0.061,0.073,0.0,ok,500
0.5,0.305,1.25,1.25,1.0,3.5,0.25,0.061,0.061,0.066,0.0,ok,500
0.5,0.305,1.25,1.25,1.0,3.5,0.5,0.057,0.057,0.063,0.0,ok,500
0.5,0.305,1.25,1.25,1.0,3.5,0.75,0.061,0.061,0.066,0.0,ok,500
0.5,0.305,1.25,1.25,1.0,3.5,1.0,0.056,0.056,0.063,0.0,ok,500
0.5,0.305,1.25,1.25,1.0,3.5,1.25,0.057,0.057,0.063,0.0,ok,500
0.5,0.305,1.25,1.25,1.0,3.5,1.5,0.056,0.056,0.061,0.0,ok,500
0.5,0.305,1.25,1.25,1.0,3.5,2.0,0.056,0.056,0.061,0.0,ok,500
0.5,0.305,1.25,1.25,1.0,4.0,0.0,0.045,0.045,0.049,0.0,ok,500
0.5,0.305,1.25,1.25,1.0,4.0,0.25,0.045,0.045,0.051,0.0,ok,500
0.5,0.305,1.25,1.25,1.0,4.0,0.5,0.045,0.045,0.047,0.0,ok,500
0.5,0.305,1.25,1.25,1.0,4.0,0.75,0.045,0.045,0.051,0.0,ok,500
0.5,0.305,1.25,1.25,1.0,4.0,1.0,0.04,0.04,0.047,0.0,ok,500
0.5,0.305,1.25,1.25,1.0,4.0,1.25,0.04,0.04,0.047,0.0,ok,500
0.5,0.305,1.25,1.25,1.0,4.0,1.5,0.041,0.041,0.046,0.0,ok,500
0.5,0.305,1.25,1.25,1.0,4.0,2.0,0.04,0.04,0.045,0.0,ok,500
0.5,0.305,1.3125,1.3125,1.0,2.5,0.0,0.119,0.119,0.12,0.0,ok,500
0.5,0.305,1.3125,1.3125,1.0,2.5,0.25,0.1,0.1,0.104,0.0,ok,500
0.5,0.305,1.3125,1.3125,1.0,2.5,0.5,0.097,0.097,0.107,0.0,ok,500
0.5,0.305,1.3125,1.3125,1.0,2.5,0.75,0.097,0.097,0.102,0.0,ok,500
0.5,0.305,1.3125,1.3125,1.0,2.5,1.0,0.096,0.096,0.1,0.0,ok,500
0.5,0.305,1.3125,1.3125,1.0,2.5,1.25,0.088,0.088,0.093,0.0,ok,500
0.5,0.305,1.3125,1.3125,1.0,2.5,1.5,0.092,0.092,0.096,0.0,ok,500
0.5,0.305,1.3125,1.3125,1.0,2.5,2.0,0.092,0.092,0.096,0.0,ok,500
0.5,0.305,1.3125,1.3125,1.0,3.0,0.0,0.09,0.09,0.09814999999999986,0.0,ok,500
0.5,0.305,1.3125,1.3125,1.0,3.0,0.25,0.082,0.082,0.091,0.0,ok,500
0.5,0.305,1.3125,1.3125,1.0,3.0,0.5,0.082,0.082,0.09,0.0,ok,500
0.5,0.305,1.3125,1.3125,1.0,3.0,0.75,0.082,0.082,0.085,0.0,ok,500
0.5,0.305,1.3125,1.3125,1.0,3.0,1.0,0.082,0.082,0.085,0.0,ok,500
0.5,0.305,1.3125,1.3125,1.0,3.0,1.25,0.082,0.082,0.085,0.0,ok,500
0.5,0.305,1.3125,1.3125,1.0,3.0,1.5,0.082,0.082,0.085,0.0,ok,500
0.5,0.305,1.3125,1.3125,1.0,3.0,2.0,0.082,0.082,0.085,0.0,ok,500
0.5,0.305,1.3125,1.3125,1.0,3.5,0.0,0.07,0.07,0.074,0.0,ok,500
0.5,0.305,1.3125,1.3125,1.0,3.5,0.25,0.07,0.07,0.074,0.0,ok,500
0.5,0.305,1.3125,1.3125,1.0,3.5,0.5,0.063,0.063,0.071,0.0,ok,500
0.5,0.305,1.3125,1.3125,1.0,3.5,0.75,0.063,0.063,0.072,0.0,ok,500
0.5,0.305,1.3125,1.3125,1.0,3.5,1.0,0.063,0.063,0.071,0.0,ok,500
0.5,0.305,1.3125,1.3125,1.0,3.5,1.25,0.058,0.058,0.06334999999999968,0.0,ok,500
0.5,0.305,1.3125,1.3125,1.0,3.5,1.5,0.063,0.063,0.071,0.0,ok,500
0.5,0.305,1.3125,1.3125,1.0,3.5,2.0,0.063,0.063,0.071,0.0,ok,500
0.5,0.305,1.3125,1.3125,1.0,4.0,0.0,0.048,0.048,0.06,0.0,ok,500
0.5,0.305,1.3125,1.3125,1.0,4.0,0.25,0.048,0.048,0.06,0.0,ok,500
0.5,0.305,1.3125,1.3125,1.0,4.0,0.5,0.048,0.048,0.049,0.0,ok,500
0.5,0.305,1.3125,1.3125,1.0,4.0,0.75,0.048,0.048,0.049,0.0,ok,500
0.5,0.305,1.3125,1.3125,1.0,4.0,1.0,0.048,0.048,0.049,0.0,ok,500
0.5,0.305,1.3125,1.3125,1.0,4.0,1.25,0.048,0.048,0.053,0.0,ok,500
0.5,0.305,1.3125,1.3125,1.0,4.0,1.5,0.048,0.048,0.06,0.0,ok,500
0.5,0.305,1.3125,1.3125,1.0,4.0,2.0,0.048,0.048,0.049,0.0,ok,500
0.5,0.305,1.375,1.375,1.0,2.5,0.0,0.118,0.118,0.125,0.0,ok,500
0.5,0.305,1.375,1.375,1.0,2.5,0.25,0.097,0.097,0.107,0.0,ok,500
0.5,0.305,1.375,1.375,1.0,2.5,0.5,0.088,0.088,0.097,0.0,ok,500
0.5,0.305,1.375,1.375,1.0,2.5,0.75,0.088,0.088,0.098,0.0,ok,500
0.5,0.305,1.375,1.375,1.0,2.5,1.0,0.088,0.088,0.097,0.0,ok,500
0.5,0.305,1.375,1.375,1.0,2.5,1.25,0.088,0.088,0.097,0.0,ok,500
0.5,0.305,1.375,1.375,1.0,2.5,1.5,0.088,0.088,0.096,0.0,ok,500
0.5,0.305,1.375,1.375,1.0,2.5,2.0,0.088,0.088,0.101,0.0,ok,500
0.5,0.305,1.375,1.375,1.0,3.0,0.0,0.078,0.078,0.095,0.0,ok,500
0.5,0.305,1.375,1.375,1.0,3.0,0.25,0.078,0.078,0.09,0.0,ok,500
0.5,0.305,1.375,1.375,1.0,3.0,0.5,0.071,0.071,0.078,0.0,ok,500
0.5,0.305,1.375,1.375,1.0,3.0,0.75,0.071,0.071,0.089,0.0,ok,500
0.5,0.305,1.375,1.375,1.0,3.0,1.0,0.071,0.071,0.078,0.0,ok,500
0.5,0.305,1.375,1.375,1.0,3.0,1.25,0.071,0.071,0.078,0.0,ok,500
0.5,0.305,1.375,1.375,1.0,3.0,1.5,0.071,0.071,0.089,0.0,ok,500
0.5,0.305,1.375,1.375,1.0,3.0,2.0,0.071,0.071,0.078,0.0,ok,500
0.5,0.305,1.375,1.375,1.0,3.5,0.0,0.063,0.063,0.069,0.0,ok,500
0.5,0.305,1.375,1.375,1.0,3.5,0.25,0.063,0.063,0.069,0.0,ok,500
0.5,0.305,1.375,1.375,1.0,3.5,0.5,0.063,0.063,0.068,0.0,ok,500
0.5,0.305,1.375,1.375,1.0,3.5,0.75,0.063,0.063,0.068,0.0,ok,500
0.5,0.305,1.375,1.375,1.0,3.5,1.0,0.056,0.056,0.064,0.0,ok,500
0.5,0.305,1.375,1.375,1.0,3.5,1.25,0.056,0.056,0.068,0.0,ok,500
0.5,0.305,1.375,1.375,1.0,3.5,1.5,0.056,0.056,0.064,0.0,ok,500
0.5,0.305,1.375,1.375,1.0,3.5,2.0,0.056,0.056,0.068,0.0,ok,500
0.5,0.305,1.375,1.375,1.0,4.0,0.0,0.048,0.048,0.056,0.0,ok,500
0.5,0.305,1.375,1.375,1.0,4.0,0.25,0.048,0.048,0.057,0.0,ok,500
0.5,0.305,1.375,1.375,1.0,4.0,0.5,0.048,0.048,0.057,0.0,ok,500
0.5,0.305,1.375,1.375,1.0,4.0,0.75,0.039,0.039,0.052,0.0,ok,500
0.5,0.305,1.375,1.375,1.0,4.0,1.0,0.039,0.039,0.052,0.0,ok,500
0.5,0.305,1.375,1.375,1.0,4.0,1.25,0.039,0.039,0.056,0.0,ok,500
0.5,0.305,1.375,1.375,1.0,4.0,1.5,0.039,0.039,0.052,0.0,ok,500
0.5,0.305,1.375,1.375,1.0,4.0,2.0,0.039,0.039,0.056,0.0,ok,500
0.5,0.305,1.4375,1.4375,1.0,2.5,0.0,0.123,0.123,0.125,0.0,ok,500
0.5,0.305,1.4375,1.4375,1.0,2.5,0.25,0.121,0.121,0.122,0.0,ok,500
0.5,0.305,1.4375,1.4375,1.0,2.5,0.5,0.107,0.107,0.115,0.0,ok,500
0.5,0.305,1.4375,1.4375,1.0,2.5,0.75,0.097,0.097,0.115,0.0,ok,500
0.5,0.305,1.4375,1.4375,1.0,2.5,1.0,0.097,0.097,0.112,0.0,ok,500
0.5,0.305,1.4375,1.4375,1.0,2.5,1.25,0.097,0.097,0.112,0.0,ok,500
0.5,0.305,1.4375,1.4375,1.0,2.5,1.5,0.107,0.107,0.115,0.0,ok,500
0.5,0.305,1.4375,1.4375,1.0,2.5,2.0,0.097,0.097,0.112,0.0,ok,500
0.5,0.305,1.4375,1.4375,1.0,3.0,0.0,0.098,0.098,0.1,0.0,ok,500
0.5,0.305,1.4375,1.4375,1.0,3.0,0.25,0.098,0.098,0.1,0.0,ok,500
0.5,0.305,1.4375,1.4375,1.0,3.0,0.5,0.089,0.089,0.1,0.0,ok,500
0.5,0.305,1.4375,1.4375,1.0,3.0,0.75,0.089,0.089,0.099,0.0,ok,500
0.5,0.305,1.4375,1.4375,1.0,3.0,1.0,0.089,0.089,0.098,0.0,ok,500
0.5,0.305,1.4375,1.4375,1.0,3.0,1.25,0.089,0.089,0.099,0.0,ok,500
0.5,0.305,1.4375,1.4375,1.0,3.0,1.5,0.089,0.089,0.099,0.0,ok,500
0.5,0.305,1.4375,1.4375,1.0,3.0,2.0,0.089,0.089,0.098,0.0,ok,500
0.5,0.305,1.4375,1.4375,1.0,3.5,0.0,0.076,0.076,0.079,0.0,ok,500
0.5,0.305,1.4375,1.4375,1.0,3.5,0.25,0.076,0.076,0.079,0.0,ok,500
0.5,0.305,1.4375,1.4375,1.0,3.5,0.5,0.076,0.076,0.079,0.0,ok,500
0.5,0.305,1.4375,1.4375,1.0,3.5,0.75,0.076,0.076,0.079,0.0,ok,500
0.5,0.305,1.4375,1.4375,1.0,3.5,1.0,0.076,0.076,0.079,0.0,ok,500
0.5,0.305,1.4375,1.4375,1.0,3.5,1.25,0.076,0.076,0.079,0.0,ok,500
0.5,0.305,1.4375,1.4375,1.0,3.5,1.5,0.076,0.076,0.079,0.0,ok,500
0.5,0.305,1.4375,1.4375,1.0,3.5,2.0,0.076,0.076,0.079,0.0,ok,500
0.5,0.305,1.4375,1.4375,1.0,4.0,0.0,0.05,0.05,0.059,0.0,ok,500
0.5,0.305,1.4375,1.4375,1.0,4.0,0.25,0.05,0.05,0.059,0.0,ok,500
0.5,0.305,1.4375,1.4375,1.0,4.0,0.5,0.05,0.05,0.059,0.0,ok,500
0.5,0.305,1.4375,1.4375,1.0,4.0,0.75,0.05,0.05,0.059,0.0,ok,500
0.5,0.305,1.4375,1.4375,1.0,4.0,1.0,0.05,0.05,0.058,0.0,ok,500
0.5,0.305,1.4375,1.4375,1.0,4.0,1.25,0.05,0.05,0.059,0.0,ok,500
0.5,0.305,1.4375,1.4375,1.0,4.0,1.5,0.05,0.05,0.058,0.0,ok,500
0.5,0.305,1.4375,1.4375,1.0,4.0,2.0,0.05,0.05,0.059,0.0,ok,500
0.5,0.305,1.5,1.5,1.0,2.5,0.0,0.121,0.121,0.127,0.0,ok,500
0.5,0.305,1.5,1.5,1.0,2.5,0.25,0.115,0.115,0.121,0.0,ok,500
0.5,0.305,1.5,1.5,1.0,2.5,0.5,0.115,0.115,0.121,0.0,ok,500
0.5,0.305,1.5,1.5,1.0,2.5,0.75,0.115,0.115,0.121,0.0,ok,500
0.5,0.305,1.5,1.5,1.0,2.5,1.0,0.115,0.115,0.121,0.0,ok,500
0.5,0.305,1.5,1.5,1.0,2.5,1.25,0.115,0.115,0.121,0.0,ok,500
0.5,0.305,1.5,1.5,1.0,2.5,1.5,0.115,0.115,0.121,0.0,ok,500
0.5,0.305,1.5,1.5,1.0,2.5,2.0,0.115,0.115,0.121,0.0,ok,500
0.5,0.305,1.5,1.5,1.0,3.0,0.0,0.099,0.099,0.106,0.0,ok,500
0.5,0.305,1.5,1.5,1.0,3.0,0.25,0.099,0.099,0.106,0.0,ok,500
0.5,0.305,1.5,1.5,1.0,3.0,0.5,0.099,0.099,0.106,0.0,ok,500
0.5,0.305,1.5,1.5,1.0,3.0,0.75,0.099,0.099,0.10504999999999995,0.0,ok,500
0.5,0.305,1.5,1.5,1.0,3.0,1.0,0.099,0.099,0.105,0.0,ok,500
0.5,0.305,1.5,1.5,1.0,3.0,1.25,0.099,0.099,0.106,0.0,ok,500
0.5,0.305,1.5,1.5,1.0,3.0,1.5,0.099,0.099,0.106,0.0,ok,500
0.5,0.305,1.5,1.5,1.0,3.0,2.0,0.099,0.099,0.106,0.0,ok,500
0.5,0.305,1.5,1.5,1.0,3.5,0.0,0.081,0.081,0.086,0.0,ok,500
0.5,0.305,1.5,1.5,1.0,3.5,0.25,0.081,0.081,0.087,0.0,ok,500
0.5,0.305,1.5,1.5,1.0,3.5,0.5,0.081,0.081,0.08604999999999995,0.0,ok,500
0.5,0.305,1.5,1.5,1.0,3.5,0.75,0.081,0.081,0.086,0.0,ok,500
0.5,0.305,1.5,1.5,1.0,3.5,1.0,0.081,0.081,0.087,0.0,ok,500
0.5,0.305,1.5,1.5,1.0,3.5,1.25,0.081,0.081,0.087,0.0,ok,500
0.5,0.305,1.5,1.5,1.0,3.5,1.5,0.081,0.081,0.087,0.0,ok,500
0.5,0.305,1.5,1.5,1.0,3.5,2.0,0.081,0.081,0.087,0.0,ok,500
0.5,0.305,1.5,1.5,1.0,4.0,0.0,0.059,0.059,0.063,0.0,ok,500
0.5,0.305,1.5,1.5,1.0,4.0,0.25,0.059,0.059,0.063,0.0,ok,500
0.5,0.305,1.5,1.5,1.0,4.0,0.5,0.059,0.059,0.065,0.0,ok,500
0.5,0.305,1.5,1.5,1.0,4.0,0.75,0.059,0.059,0.063,0.0,ok,500
0.5,0.305,1.5,1.5,1.0,4.0,1.0,0.059,0.059,0.063,0.0,ok,500
0.5,0.305,1.5,1.5,1.0,4.0,1.25,0.059,0.059,0.063,0.0,ok,500
0.5,0.305,1.5,1.5,1.0,4.0,1.5,0.059,0.059,0.063,0.0,ok,500
0.5,0.305,1.5,1.5,1.0,4.0,2.0,0.059,0.059,0.063,0.0,ok,500
0.5,0.305,1.75,1.75,1.0,2.5,0.0,0.124,0.124,0.14354999999999948,0.0,ok,500
0.5,0.305,1.75,1.75,1.0,2.5,0.25,0.124,0.124,0.143,0.0,ok,500
0.5,0.305,1.75,1.75,1.0,2.5,0.5,0.124,0.124,0.14354999999999948,0.0,ok,500
0.5,0.305,1.75,1.75,1.0,2.5,0.75,0.124,0.124,0.143,0.0,ok,500
0.5,0.305,1.75,1.75,1.0,2.5,1.0,0.124,0.124,0.143,0.0,ok,500
0.5,0.305,1.75,1.75,1.0,2.5,1.25,0.124,0.124,0.143,0.0,ok,500
0.5,0.305,1.75,1.75,1.0,2.5,1.5,0.124,0.124,0.143,0.0,ok,500
0.5,0.305,1.75,1.75,1.0,2.5,2.0,0.124,0.124,0.143,0.0,ok,500
0.5,0.305,1.75,1.75,1.0,3.0,0.0,0.105,0.105,0.121,0.0,ok,500
0.5,0.305,1.75,1.75,1.0,3.0,0.25,0.105,0.105,0.121,0.0,ok,500
0.5,0.305,1.75,1.75,1.0,3.0,0.5,0.105,0.105,0.126,0.0,ok,500
0.5,0.305,1.75,1.75,1.0,3.0,0.75,0.105,0.105,0.126,0.0,ok,500
0.5,0.305,1.75,1.75,1.0,3.0,1.0,0.105,0.105,0.121,0.0,ok,500
0.5,0.305,1.75,1.75,1.0,3.0,1.25,0.105,0.105,0.121,0.0,ok,500
0.5,0.305,1.75,1.75,1.0,3.0,1.5,0.105,0.105,0.121,0.0,ok,500
0.5,0.305,1.75,1.75,1.0,3.0,2.0,0.105,0.105,0.126,0.0,ok,500
0.5,0.305,1.75,1.75,1.0,3.5,0.0,0.092,0.092,0.096,0.0,ok,500
0.5,0.305,1.75,1.75,1.0,3.5,0.25,0.092,0.092,0.095,0.0,ok,500
0.5,0.305,1.75,1.75,1.0,3.5,0.5,0.092,0.092,0.096,0.0,ok,500
0.5,0.305,1.75,1.75,1.0,3.5,0.75,0.092,0.092,0.096,0.0,ok,500
0.5,0.305,1.75,1.75,1.0,3.5,1.0,0.092,0.092,0.096,0.0,ok,500
0.5,0.305,1.75,1.75,1.0,3.5,1.25,0.092,0.092,0.095,0.0,ok,500
0.5,0.305,1.75,1.75,1.0,3.5,1.5,0.092,0.092,0.096,0.0,ok,500
0.5,0.305,1.75,1.75,1.0,3.5,2.0,0.092,0.092,0.095,0.0,ok,500
0.5,0.305,1.75,1.75,1.0,4.0,0.0,0.06,0.06,0.066,0.0,ok,500
0.5,0.305,1.75,1.75,1.0,4.0,0.25,0.06,0.06,0.066,0.0,ok,500
0.5,0.305,1.75,1.75,1.0,4.0,0.5,0.06,0.06,0.066,0.0,ok,500
0.5,0.305,1.75,1.75,1.0,4.0,0.75,0.06,0.06,0.066,0.0,ok,500
0.5,0.305,1.75,1.75,1.0,4.0,1.0,0.06,0.06,0.066,0.0,ok,500
0.5,0.305,1.75,1.75,1.0,4.0,1.25,0.06,0.06,0.066,0.0,ok,500
0.5,0.305,1.75,1.75,1.0,4.0,1.5,0.06,0.06,0.066,0.0,ok,500
0.5,0.305,1.75,1.75,1.0,4.0,2.0,0.06,0.06,0.066,0.0,ok,500
